,n_cells_by_counts,mean_counts,log1p_mean_counts,pct_dropout_by_counts,total_counts,log1p_total_counts,n_cells,is_svi,label,pattern_membership_0,pattern_membership_1,pattern_membership_2,pattern_membership_3,pattern_membership_4,pattern_correlation_0,pattern_correlation_1,pattern_correlation_2,pattern_correlation_3,pattern_correlation_4
SEMA3F_PLXNA3,449,20.021103,3.0455267,41.0761154855643,15256.081,9.632799,449,1,0,1.0,0.0,0.0,0.0,0.0,0.2514837577932017,-0.03566096048232673,0.1868188821389957,-0.042631368273255615,-0.16110907949417946
SEMA3F_PLXNA1,287,10.207184,2.416555,62.33595800524934,7777.874,8.959167,287,0,-1,0.0,0.0,0.0,0.0,0.0,-0.10200267323310717,-0.16824702540212327,0.05884162285846111,0.18196185773791865,0.07080909542429809
SEMA3F_NRP2,187,5.5564213,1.8804449,75.45931758530185,4233.993,8.351137,187,1,4,0.0,0.0,0.0,0.0,1.0,-0.2611536017439405,-0.2586921636742885,-0.11145923424257831,0.303521299189993,0.25310760039521396
DCN_MET,160,8.569279,2.2585578,79.00262467191601,6529.79,8.784284,160,1,4,0.0,0.0,0.0,0.0,1.0,-0.12270190066070204,-0.038026398520481286,0.10708948671170247,0.04971364913790523,0.1446182301338555
GRN_TNFRSF1A,654,35.073296,3.585553,14.173228346456689,26725.852,10.193424,654,0,-1,0.0,0.0,0.0,0.0,0.0,-0.3185805925294712,-0.13218521939358055,0.04034682741353898,0.04613290115228752,0.26981504342392226
GRN_SORT1,225,6.1554036,1.9678679,70.4724409448819,4690.4175,8.45349,225,1,4,0.0,0.0,0.0,0.0,1.0,-0.22466009265801962,-0.265242403026502,-0.06712149758906269,0.20404772942662006,0.2781297226493745
GRN_TNFRSF1B,246,7.615682,2.153584,67.71653543307087,5803.15,8.666328,246,1,4,0.0,0.0,0.0,0.0,1.0,-0.3338433178974014,-0.16231236294889262,-0.07674731474065806,0.12597082045728225,0.3293541264955664
ICAM3_ITGB2,212,6.5231447,2.0179842,72.17847769028872,4970.636,8.511504,212,1,4,0.0,0.0,0.0,0.0,1.0,0.03515785028014768,-0.04271438496268126,0.4186911378052201,-0.10963208367296781,0.10706200067443687
EFNB1_EPHB6,277,14.394073,2.7339826,63.6482939632546,10968.283,9.302855,277,1,4,0.0,0.0,0.0,0.0,1.0,0.1785728163615666,0.03438301710144832,0.06336428212175708,-0.1347309471343241,-0.18294529847292293
EFNB1_EPHB4,357,25.037714,3.259546,53.14960629921259,19078.738,9.856382,357,0,-1,0.0,0.0,0.0,0.0,0.0,0.10936162712083738,0.2787700173335494,-0.08351853370719307,-0.10595888307518371,-0.17146098001067764
EFNB1_ERBB2,557,45.550285,3.8405333,26.902887139107612,34709.316,10.454792,557,0,-1,0.0,0.0,0.0,0.0,0.0,0.2325773388343234,0.16960586851381296,-0.17906711785190196,-0.17787720443786895,-0.29435381485096196
EFNB1_EPHB3,193,8.930079,2.2955685,74.67191601049869,6804.7207,8.825519,193,0,-1,0.0,0.0,0.0,0.0,0.0,-0.039392314182495884,-0.045194703046019136,0.015500081540696684,0.0968562218454346,0.06425071507086225
SEMA4G_PLXNB2,656,39.46362,3.7004032,13.910761154855644,30071.28,10.311359,656,0,-1,0.0,0.0,0.0,0.0,0.0,-0.08428521127962701,-0.14630236860925763,-0.05147135507010342,0.23567737431897068,0.02785716797823069
VCL_ITGB5,313,28.620455,3.3884652,58.9238845144357,21808.787,9.990114,313,1,4,0.0,0.0,0.0,0.0,1.0,-0.3767307367313939,-0.5095227797368962,-0.09505691043146679,0.4762213198529508,0.3979377773548118
EFNA2_EPHA2,317,15.1236315,2.780286,58.3989501312336,11524.207,9.352292,317,1,4,0.0,0.0,0.0,0.0,1.0,-0.05127183331072728,-0.15500419442568422,-0.04304171314679515,0.07822866190521405,0.005104801161971514
LGALS1_ITGB1,196,6.847491,2.0601938,74.2782152230971,5217.788,8.56002,196,1,4,0.0,0.0,0.0,0.0,1.0,-0.17351314504542922,-0.3297947506685844,-0.10008943352846918,0.3342885706048538,0.255782959825823
TIMP1_CD63,682,77.10611,4.3580685,10.498687664041995,58754.855,10.981146,682,1,0,1.0,0.0,0.0,0.0,0.0,0.567808274933055,0.4632773381125991,-0.07850814084323747,-0.4638104235566502,-0.5976973557030617
MMP2_PECAM1,323,12.912714,2.6328032,57.61154855643045,9839.488,9.194261,323,1,4,0.0,0.0,0.0,0.0,1.0,0.017742254218618497,0.11888086886068562,-0.009464600009299594,-0.022964679320532914,-0.06409168017357414
MMP2_FGFR1,389,16.173782,2.843384,48.9501312335958,12324.422,9.419419,389,1,1,0.0,1.0,0.0,0.0,0.0,0.15739228841304576,0.4763864691949478,-0.19315561630337102,-0.24531556332764776,-0.25923810218187193
PLAT_LRP1,325,18.675838,2.9793913,57.34908136482939,14230.988,9.563248,325,1,4,0.0,0.0,0.0,0.0,1.0,-0.5530890702589576,-0.06808796469763616,-0.0832496387472321,-0.13028223284921744,0.5734566507959559
PLAT_ITGB2,145,5.5693655,1.8824172,80.97112860892388,4243.8564,8.353463,145,1,4,0.0,0.0,0.0,0.0,1.0,-0.37793179644754793,-0.12656592626074603,0.15984153588012884,-0.00426453733774512,0.4563737650485775
TGFB1_ENG,515,25.72054,3.2854326,32.414698162729664,19599.05,9.883287,515,1,4,0.0,0.0,0.0,0.0,1.0,0.003748465590165668,0.24789415654421573,-0.14050768283189644,-0.13333624773097216,-0.08711843894378932
TGFB1_SMAD3,314,13.19421,2.6528342,58.79265091863517,10053.988,9.215824,314,1,0,1.0,0.0,0.0,0.0,0.0,0.2232044351299077,0.01908214702475517,0.23755599262393384,-0.002604481057741986,-0.1810873725232262
TGFB1_ACVRL1,404,21.163752,3.098458,46.981627296587924,16126.778,9.688298,404,0,-1,0.0,0.0,0.0,0.0,0.0,0.07331249388905052,0.09588953538949406,-0.20695874070306042,-0.13470354870743598,-0.13809774145172185
TGFB1_ITGB6,297,12.911456,2.6327126,61.023622047244096,9838.529,9.194163,297,0,-1,0.0,0.0,0.0,0.0,0.0,0.10443729087647143,-0.13114954659690223,-0.03553359513110599,0.015864928304449733,-0.08053403104167153
TGFB1_ITGAV,317,12.376952,2.5935333,58.3989501312336,9431.237,9.151889,317,1,4,0.0,0.0,0.0,0.0,1.0,-0.16689392665036437,0.2741588202171648,-0.009763737050807998,-0.10699866933689814,0.09413084161410329
TGFB1_ITGB1,239,8.654503,2.2674243,68.63517060367454,6594.731,8.794178,239,1,4,0.0,0.0,0.0,0.0,1.0,-0.3130061083380289,-0.21997125674245993,-0.021660533371939426,0.13294482818590247,0.4284339127019071
TGFB1_CXCR4,119,3.4477715,1.4924031,84.38320209973753,2627.202,7.8740554,119,0,-1,0.0,0.0,0.0,0.0,0.0,-0.10062262709462305,-0.16978523660432748,0.05718988235868453,0.09924277444814923,0.13715634361909101
TGFB1_ITGB5,394,21.512213,3.114058,48.29396325459317,16392.307,9.704628,394,1,0,1.0,0.0,0.0,0.0,0.0,0.22351287584796387,0.02604663713051377,-0.010159365624625808,-0.0295918574065297,-0.18882199498946706
COMP_ITGB1,264,8.60505,2.262289,65.35433070866141,6557.048,8.788448,264,1,4,0.0,0.0,0.0,0.0,1.0,-0.4786713995681355,-0.2952700540701035,-0.02944699788197586,0.21627450731608122,0.610686273639286
LAMB1_ITGA7,176,5.1649914,1.8188868,76.9028871391076,3935.7234,8.278104,176,1,4,0.0,0.0,0.0,0.0,1.0,-0.07948841527809472,0.2380322912976767,-0.10878501969136274,-0.19091862131496748,0.04058220899231209
LAMB1_ITGAV,349,9.735456,2.3735518,54.199475065616795,7418.418,8.911856,349,1,4,0.0,0.0,0.0,0.0,1.0,-0.2546967080664526,0.18110228692635258,-0.022099242906266164,-0.03485348416772268,0.20722399747432263
LAMB1_ITGB1,279,7.868654,2.182523,63.38582677165354,5995.914,8.699,279,1,4,0.0,0.0,0.0,0.0,1.0,-0.41067546912848285,-0.3328675413353557,-0.07390678750131748,0.2945228118244181,0.5335619516442757
LAMB1_ITGA6,206,4.63151,1.7283776,72.96587926509186,3529.2104,8.169113,206,1,3,0.0,0.0,0.0,1.0,0.0,-0.16380341771320306,-0.37156250736640545,-0.006351370107253535,0.6050953729820837,0.14907376220308466
LAMB1_ITGA1,302,9.762954,2.37611,60.367454068241464,7439.371,8.914676,302,0,-1,0.0,0.0,0.0,0.0,0.0,-0.008833864423182087,-0.02063467618287607,-0.03992879684462736,0.05449645333475709,-0.027621185925739842
LAMB1_ITGA2,319,9.611833,2.3619697,58.136482939632536,7324.2163,8.899078,319,1,3,0.0,0.0,0.0,1.0,0.0,-0.10997921946927391,-0.3968623117951867,-0.012614716363246544,0.5277153412631114,0.1306320953817167
PDAP1_PDGFRB,419,19.93745,3.0415394,45.01312335958006,15192.337,9.6286125,419,1,4,0.0,0.0,0.0,0.0,1.0,-0.5259338314221021,-0.22592433145933163,0.10793574655278945,0.13269153931439745,0.5612214628934881
SERPINE1_PLAUR,449,20.979977,3.0901318,41.0761154855643,15986.742,9.679578,449,1,4,0.0,0.0,0.0,0.0,1.0,-0.3028571115302525,-0.2770085792672883,-0.10195953421526473,0.22281405853935407,0.31942569418653355
SERPINE1_ITGAV,293,11.574611,2.5316799,61.54855643044619,8819.854,9.084874,293,1,4,0.0,0.0,0.0,0.0,1.0,-0.5742132806921495,-0.21555258077777842,0.09103441597032555,0.11002155926143127,0.6332992969297867
SERPINE1_LRP1,428,23.018143,3.1788096,43.83202099737533,17539.824,9.772286,428,1,4,0.0,0.0,0.0,0.0,1.0,-0.47882958679108545,-0.23292272279641293,-0.048187074662471005,0.04342719540216791,0.5507997761475873
SERPINE1_ITGB5,347,19.54772,3.02275,54.461942257217856,14895.363,9.608872,347,1,4,0.0,0.0,0.0,0.0,1.0,-0.41573492840172305,-0.3298037178816215,-0.008728956602095637,0.23817196908451177,0.48963088731018334
COL1A1_ITGA5,510,28.091393,3.3704424,33.07086614173228,21405.64,9.971457,510,1,0,1.0,0.0,0.0,0.0,0.0,0.43147493274831267,0.02999622499470651,-0.09165732980529016,-0.023998674274854196,-0.40112046679407526
COL1A1_CD93,394,16.432133,2.8583152,48.29396325459317,12521.285,9.435266,394,1,0,1.0,0.0,0.0,0.0,0.0,0.30752252227907345,0.18636468148303034,-0.05033367941092553,-0.2004391227698827,-0.26274984769654053
COL1A1_ITGA1,266,10.424078,2.4357233,65.09186351706036,7943.1475,8.980191,266,0,-1,0.0,0.0,0.0,0.0,0.0,0.02109436904897614,-0.06966134210872323,0.05975136715519174,0.055923083772959896,-0.044703227573611753
COL1A1_CD44,327,12.543725,2.6059234,57.08661417322835,9558.318,9.165272,327,0,-1,0.0,0.0,0.0,0.0,0.0,0.275582949081017,0.038940606155235764,0.35065295273595276,-0.008989177832738936,-0.1617685868586571
COL1A1_ITGAV,310,10.565811,2.4480534,59.31758530183727,8051.148,8.993694,310,1,4,0.0,0.0,0.0,0.0,1.0,-0.15893142761129722,0.23623492051821793,-0.04037171739781489,-0.04319944066685671,0.07052701551914287
COL1A1_ITGB1,238,7.8164177,2.1766157,68.76640419947506,5956.1104,8.692341,238,1,4,0.0,0.0,0.0,0.0,1.0,-0.3360792721068736,-0.3214596488009993,-0.03492480569326191,0.2667411101042448,0.44948642813096035
COL1A1_ITGA11,341,19.94329,3.0418184,55.249343832021005,15196.788,9.628905,341,1,0,1.0,0.0,0.0,0.0,0.0,0.3366422963582735,-0.13638178867781114,-0.1148873348903148,0.1573415015901166,-0.28781025189876186
COL1A1_ITGA2,287,11.149288,2.4972706,62.33595800524934,8495.758,9.04744,287,1,3,0.0,0.0,0.0,1.0,0.0,-0.030632288217643286,-0.3913168063431287,0.03513390125192394,0.5085857347231195,0.03923309475715282
COL1A1_DDR1,413,16.745268,2.876119,45.800524934383205,12759.894,9.454141,413,0,-1,0.0,0.0,0.0,0.0,0.0,0.227639157977665,0.027127512445925355,-0.07094463776875448,-0.06954652988398696,-0.22438192085009181
LAMA4_ITGA6,186,10.188751,2.414909,75.59055118110236,7763.8286,8.957359,186,1,3,0.0,0.0,0.0,1.0,0.0,-0.2731685057401565,-0.4326632654117091,-0.042810349989043,0.6644859909046265,0.24287241706905413
LAMA4_ITGAV,285,15.819407,2.8225334,62.59842519685039,12054.389,9.397267,285,1,4,0.0,0.0,0.0,0.0,1.0,-0.4776016636994753,-0.4210975305001559,0.050926696073558174,0.4404757637577466,0.5080668735028747
LAMA4_ITGB1,239,14.14473,2.7176526,68.63517060367454,10778.284,9.285381,239,1,4,0.0,0.0,0.0,0.0,1.0,-0.46662828820823604,-0.44506323593061015,0.02904995764709697,0.47020048523865793,0.5558401880649534
HBEGF_CD44,347,10.313577,2.4260035,54.461942257217856,7858.946,8.969535,347,1,0,1.0,0.0,0.0,0.0,0.0,-0.05505012871639473,-0.12468467510755984,0.3517348052743801,0.07365663986015945,0.16642574992169512
HBEGF_CD9,154,4.285902,1.6650432,79.79002624671917,3265.8574,8.091584,154,1,0,1.0,0.0,0.0,0.0,0.0,-0.03977782677091038,-0.2677957968545939,-0.014322578618868398,0.18649413901807946,0.10241739617805105
HBEGF_ERBB2,562,24.011398,3.2193317,26.24671916010499,18296.686,9.814529,562,0,-1,0.0,0.0,0.0,0.0,0.0,0.15292989169002094,-0.07272669960110496,-0.0261367492162838,-0.029104459393043278,-0.1600085923968795
LTF_LRP1,263,15.191504,2.7844865,65.48556430446195,11575.926,9.35677,263,1,4,0.0,0.0,0.0,0.0,1.0,-0.5388357230416437,-0.10622090668632626,-0.05214109746805687,-0.10871064277451511,0.5641984763459704
LTF_TFRC,152,5.6508207,1.8947402,80.05249343832021,4305.9253,8.36798,152,1,4,0.0,0.0,0.0,0.0,1.0,-0.4076575150188804,-0.05876756535736469,-0.009238327759028213,-0.05424958217881045,0.42302401529156086
CD160_TNFRSF14,334,20.193245,3.0536826,56.16797900262467,15387.253,9.641359,334,1,4,0.0,0.0,0.0,0.0,1.0,-0.4949886777583362,-0.05452471725416948,-0.03332303166460073,-0.07196028262601707,0.484837381103433
FGF23_FGFR4,373,15.093294,2.7784026,51.0498687664042,11501.09,9.350284,373,1,4,0.0,0.0,0.0,0.0,1.0,-0.17722001305061275,-0.04054090069933397,0.10009040298759307,-0.00740853725715603,0.16694952018225695
FGF23_FGFR1,367,14.753477,2.757061,51.83727034120735,11242.149,9.327515,367,1,4,0.0,0.0,0.0,0.0,1.0,-0.3675549707966777,0.016603228608342825,0.06487176134424975,-0.024338581102429622,0.3695599833601264
FGF23_FGFR3,460,22.484306,3.1563325,39.632545931758536,17133.041,9.748822,460,1,4,0.0,0.0,0.0,0.0,1.0,-0.2567980154789447,-0.09904809845214825,0.12392249339328124,-0.02850381424267276,0.276039303971238
TGFB3_ENG,487,18.909313,2.9911876,36.08923884514436,14408.896,9.57567,487,1,4,0.0,0.0,0.0,0.0,1.0,-0.3263752260587192,0.12642386681582543,-0.05095645900675661,-0.14129013961471862,0.2817848397826015
TGFB3_ITGB1,236,7.553426,2.1463318,69.02887139107612,5755.7104,8.658121,236,1,4,0.0,0.0,0.0,0.0,1.0,-0.4905884638201944,-0.187987140947817,-0.022766140497356854,0.058521322821479226,0.5988644431869293
TGFB3_ACVRL1,371,13.273494,2.6584044,51.31233595800525,10114.402,9.221814,371,1,4,0.0,0.0,0.0,0.0,1.0,-0.2272033299108639,0.05549480318587601,-0.1502238326383116,-0.14703774822931176,0.1569497112921635
TGFB3_ITGB6,259,7.2353344,2.108434,66.01049868766404,5513.3247,8.615105,259,1,4,0.0,0.0,0.0,0.0,1.0,-0.18218949580053684,-0.08876761788666453,0.05787973380104769,0.013532024769538282,0.20772925917643426
TGFB3_ITGB5,368,13.6269045,2.6828625,51.70603674540683,10383.701,9.248089,368,1,1,0.0,1.0,0.0,0.0,0.0,-0.22080525315418925,0.00010261310521002997,0.015440448877927223,-0.03260971825274772,0.24091621190997467
TNFSF10_RIPK1,205,6.108266,1.9612583,73.0971128608924,4654.4985,8.445805,205,0,-1,0.0,0.0,0.0,0.0,0.0,-0.04423359224740694,-0.09528478495004002,-0.0033174179755821585,-0.009569797873324192,0.044206430422480895
TNFSF10_TNFRSF10B,258,6.598237,2.0279162,66.14173228346456,5027.8564,8.522948,258,0,-1,0.0,0.0,0.0,0.0,0.0,0.005986412254480236,-0.011385296646622977,-0.11882683251753638,0.03557820070731827,-0.04146060650446057
INHBA_ENG,393,16.061771,2.8368404,48.425196850393704,12239.07,9.41247,393,1,4,0.0,0.0,0.0,0.0,1.0,-0.38756876952707736,0.16345589143922903,-0.0840430485320258,-0.16706850183551453,0.3314792362304522
INHBA_SMAD3,209,5.7731605,1.9129678,72.57217847769029,4399.1484,8.389394,209,1,4,0.0,0.0,0.0,0.0,1.0,-0.3176783058407774,-0.08057204103411897,0.10864216007477726,0.04749324552337165,0.35614461494173877
C3_CD46,180,4.021752,1.6137788,76.37795275590551,3064.575,8.02799,180,1,4,0.0,0.0,0.0,0.0,1.0,-0.20337632480157827,-0.17628203465004727,-0.08011465121694407,0.12863902985961448,0.22009452069008434
C3_ITGAX,239,7.3276815,2.119585,68.63517060367454,5583.6934,8.627785,239,1,3,0.0,0.0,0.0,1.0,0.0,-0.06934564414508569,-0.08887856097175768,-0.07998896032437718,0.1189206917390639,0.054037805357016515
C3_ADRA2A,196,5.4701724,1.8672028,74.2782152230971,4168.2715,8.335497,196,1,1,0.0,1.0,0.0,0.0,0.0,0.032893628068946475,0.13212920891285584,-0.05594689912105773,-0.11030148296439071,0.01941041129642503
C3_ITGB2,185,5.4644938,1.8663247,75.7217847769029,4163.9443,8.334458,185,1,0,1.0,0.0,0.0,0.0,0.0,0.26580330384500844,0.07338984809500627,0.5288926869797222,-0.1335518373255802,-0.14854967447370865
C3_CD81,712,52.056755,3.971362,6.5616797900262425,39667.246,10.588306,712,1,0,1.0,0.0,0.0,0.0,0.0,0.401856579332583,0.35925542872293653,-0.034590711884068766,-0.45025090527002654,-0.41701276565467
LIF_IL6ST,211,8.913754,2.2939231,72.30971128608924,6792.281,8.823689,211,1,4,0.0,0.0,0.0,0.0,1.0,-0.350389922352014,-0.03776424809364911,-0.01883968815572967,-0.0411433403103735,0.39352464559330635
APOE_LDLR,622,40.450153,3.7244916,18.372703412073488,30823.016,10.336049,622,1,1,0.0,1.0,0.0,0.0,0.0,0.3019914008563848,0.4537831618818745,0.03925268836258952,-0.5524529757602713,-0.3310678970740687
APOE_LRP5,338,14.071956,2.7128358,55.643044619422575,10722.83,9.280224,338,0,-1,0.0,0.0,0.0,0.0,0.0,-0.10345636955419639,0.09953316496258363,-0.06692572356752693,-0.15098703360545834,0.04684570345119387
APOE_LSR,377,18.451399,2.9679189,50.5249343832021,14059.966,9.551158,377,1,4,0.0,0.0,0.0,0.0,1.0,0.1253379320041464,0.0861255100385822,0.07236327590422043,-0.1633246621609474,-0.09933020944394536
APOE_SCARB1,346,18.05914,2.9475467,54.59317585301837,13761.063,9.529671,346,1,0,1.0,0.0,0.0,0.0,0.0,0.12272675677150185,0.25348421680214006,0.1619379188837308,-0.2564654423181327,-0.10883443071248741
APOE_LRP8,208,10.144464,2.4109428,72.70341207349081,7730.0815,8.953004,208,1,1,0.0,1.0,0.0,0.0,0.0,-0.059587584112573234,0.2540407054106605,-0.040365639774831395,-0.24372257576699544,0.037613495907145536
LAMA5_SDC1,596,55.864494,4.0406713,21.78477690288714,42568.746,10.658899,596,1,1,0.0,1.0,0.0,0.0,0.0,0.15765895967937735,0.6072321835101273,0.00725092892358915,-0.5321234992207892,-0.1921280773245096
LAMA5_ITGA6,145,5.042318,1.7987877,80.97112860892388,3842.2463,8.254073,145,1,3,0.0,0.0,0.0,1.0,0.0,-0.40518716060569165,-0.2620308317323629,0.1070321090604347,0.34224829232348847,0.43668329342608925
LAMA5_BCAM,288,17.905037,2.9394283,62.20472440944882,13643.638,9.521102,288,1,1,0.0,1.0,0.0,0.0,0.0,-0.024652985081681095,0.413527803225816,-0.11407079853727506,-0.31042062243115687,-0.03414275388191821
LAMA5_ITGB1,223,12.745708,2.6207266,70.73490813648293,9712.2295,9.181244,223,1,4,0.0,0.0,0.0,0.0,1.0,-0.5791217025219174,-0.20929950464598399,0.029011711036344583,0.06447994499408853,0.7012865737057916
LAMA5_ITGA2,246,10.816875,2.4695287,67.71653543307087,8242.459,9.017176,246,1,4,0.0,0.0,0.0,0.0,1.0,-0.39848236113751273,-0.2019603239959649,0.058517112455946436,0.22723350861712574,0.41210368936507763
JAG1_CD46,170,5.5315084,1.8766379,77.69028871391076,4215.0093,8.346644,170,1,4,0.0,0.0,0.0,0.0,1.0,-0.2531022047574934,-0.09386922693971413,-0.053562770291247216,0.027715954881608173,0.2505864989437035
JAG1_NOTCH4,166,6.712402,2.0428298,78.21522309711287,5114.85,8.540099,166,1,4,0.0,0.0,0.0,0.0,1.0,-0.11812428890737717,0.2074819774405049,-0.16372426751137723,-0.12897770832851785,0.026329011394758777
JAG1_NOTCH1,137,5.317333,1.8432971,82.02099737532808,4051.8079,8.307165,137,0,-1,0.0,0.0,0.0,0.0,0.0,0.010011060272234248,-0.09237863770964345,0.0007959003396042719,0.09715961324423135,-0.017333575920219533
JAG1_NOTCH2,245,8.791452,2.2815099,67.8477690288714,6699.087,8.8098755,245,0,-1,0.0,0.0,0.0,0.0,0.0,-0.1510726814715829,0.11862766079977084,-0.07708740900170287,-0.10822118082019049,0.04465127976807196
JAG1_NOTCH3,581,38.975082,3.6882563,23.75328083989501,29699.012,10.2989025,581,1,0,1.0,0.0,0.0,0.0,0.0,0.4317836460147132,0.3922237772379863,-0.060437201564777485,-0.34218969600540816,-0.49360020672377686
LAMC1_ITGA6,188,6.4432592,2.0073087,75.32808398950131,4909.7637,8.499185,188,1,3,0.0,0.0,0.0,1.0,0.0,-0.13283849841716375,-0.36860799635915087,-0.01727500339859287,0.6151953750946842,0.1025058438594457
LAMC1_ITGA1,283,11.076609,2.4912705,62.86089238845145,8440.376,9.0409,283,0,-1,0.0,0.0,0.0,0.0,0.0,-0.0023887490122474816,-0.10222077341898095,0.017602145594838525,0.1619807006308084,-0.034409049354338785
LAMC1_ITGA7,158,5.261504,1.8344204,79.26509186351706,4009.2664,8.296613,158,1,4,0.0,0.0,0.0,0.0,1.0,-0.0984929887972533,0.17569671260330022,-0.056949457644210597,-0.1512615730188687,0.059563289542504914
LAMC1_ITGAV,342,10.908853,2.477282,55.118110236220474,8312.546,9.025641,342,1,4,0.0,0.0,0.0,0.0,1.0,-0.2402340403888642,0.04009191433815627,0.005393800340959113,0.12284713929932309,0.17857346075199768
LAMC1_ITGB1,254,8.484036,2.24961,66.66666666666667,6464.8354,8.774287,254,1,4,0.0,0.0,0.0,0.0,1.0,-0.337424209418861,-0.3729426069661074,-0.050814885566975596,0.40488551288773583,0.4346599047100455
LAMC1_ITGA2,309,12.16286,2.5773993,59.4488188976378,9268.1,9.134441,309,1,3,0.0,0.0,0.0,1.0,0.0,-0.07717529919424808,-0.4756248344735483,-0.03753424155745213,0.6552241529949565,0.0838937329574297
IL1RN_IL1R1,149,4.045431,1.6184831,80.4461942257218,3082.6187,8.033859,149,1,4,0.0,0.0,0.0,0.0,1.0,-0.15722445654460177,-0.22722962167866323,-0.06926524250679299,0.193456056106793,0.17626972553768958
CCL21_ADRA2A,174,5.993416,1.9449692,77.16535433070865,4566.983,8.426827,174,0,-1,0.0,0.0,0.0,0.0,0.0,0.025609813361226447,0.1755118670738229,-0.08056401901201872,-0.13478610168181396,-0.001837492057707795
MMP7_CD44,309,9.9482565,2.3931801,59.4488188976378,7580.5713,8.9334755,309,1,3,0.0,0.0,0.0,1.0,0.0,-0.24177739162595666,-0.3689992034489079,0.1109145053000515,0.4817995320339276,0.2742635762896531
MMP7_SDC1,540,45.64249,3.842512,29.13385826771654,34779.58,10.456815,540,1,3,0.0,0.0,0.0,1.0,0.0,-0.02092689654377195,-0.5388248233153002,-0.19368572854551883,0.6407763007313738,0.014943004992421119
MMP7_CD151,548,40.02318,3.7141373,28.083989501312335,30497.662,10.3254385,548,1,3,0.0,0.0,0.0,1.0,0.0,-0.002280172664806211,-0.5377608479661494,-0.2088440236299345,0.6220987081711384,-0.014355705411975539
THBS1_CD47,246,8.613603,2.263179,67.71653543307087,6563.565,8.789441,246,0,-1,0.0,0.0,0.0,0.0,0.0,-0.14540937859572847,-0.0951220538712479,-0.0744642520281602,0.18675904047266972,0.1281166974521495
THBS1_SDC1,649,52.76656,3.9846518,14.82939632545932,40208.117,10.601849,649,1,4,0.0,0.0,0.0,0.0,1.0,0.18219640076739235,-0.13961312399951403,-0.112867400348491,0.2941071365459679,-0.21538911022541182
THBS1_ITGB1,252,9.577728,2.3587508,66.9291338582677,7298.229,8.895524,252,1,4,0.0,0.0,0.0,0.0,1.0,-0.4118500230717498,-0.373739850423605,-0.05272999339253494,0.3979515315344426,0.49418790932536544
THBS1_LRP5,375,15.221507,2.7863379,50.78740157480315,11598.788,9.358742,375,1,4,0.0,0.0,0.0,0.0,1.0,-0.05136300765008222,-0.2323071940054833,-0.24864545672539223,0.27930577849111493,0.0167051920316402
THBS1_SDC4,656,54.19977,4.0109587,13.910761154855644,41300.227,10.628648,656,1,4,0.0,0.0,0.0,0.0,1.0,0.10631357840215501,-0.16142566191457783,-0.10691370931410989,0.2636130542775685,-0.1466720459673702
THBS1_SCARB1,373,15.208093,2.7855108,51.0498687664042,11588.566,9.357861,373,0,-1,0.0,0.0,0.0,0.0,0.0,0.14838146396062316,0.007728884880247709,0.0106108277405261,0.06528697226427368,-0.14995890190695585
THBS1_ITGA6,197,6.447422,2.007868,74.14698162729658,4912.9355,8.49983,197,1,3,0.0,0.0,0.0,1.0,0.0,-0.1902234502529199,-0.3897740867853335,-0.07083540885798857,0.646255080102188,0.1492063781001243
ADAM10_GPNMB,148,3.9671052,1.6028372,80.5774278215223,3022.934,8.014314,148,0,-1,0.0,0.0,0.0,0.0,0.0,-0.09371034077844904,-0.08093158675665414,-0.03747783187371481,-0.04595321796779252,0.1678918587234123
ADAM10_TSPAN15,225,6.732534,2.0454366,70.4724409448819,5130.191,8.543093,225,1,0,1.0,0.0,0.0,0.0,0.0,0.06385109343844428,0.1302969164579389,0.26773461816302424,-0.09504726006797448,-0.0881373993019781
ADAM10_CD44,352,11.3240385,2.5115516,53.805774278215225,8628.917,9.06299,352,0,-1,0.0,0.0,0.0,0.0,0.0,0.11809309256051603,-0.03347421018829145,0.3688109339304205,0.03507837977892834,-0.0029364214378749093
ADAM10_CADM1,310,8.9547825,2.298053,59.31758530183727,6823.544,8.82828,310,1,4,0.0,0.0,0.0,0.0,1.0,0.11399912260270328,0.021491139092030282,0.16849242669440698,-0.06782432060354637,-0.07122753402117318
ADAM10_TSPAN14,445,15.0184355,2.7737403,41.6010498687664,11444.048,9.345312,445,0,-1,0.0,0.0,0.0,0.0,0.0,0.0844364632141719,0.12772251112414737,-0.057307464060494695,-0.18502917133347171,-0.1306246512385592
ADAM10_NOTCH1,177,5.725254,1.9058697,76.77165354330708,4362.6436,8.3810625,177,1,4,0.0,0.0,0.0,0.0,1.0,-0.06012342203007089,-0.2735260533262436,-0.030999995444762368,0.2653151032185092,0.08211969121028045
ADAM10_MET,159,5.1671395,1.8192351,79.13385826771653,3937.3604,8.27852,159,0,-1,0.0,0.0,0.0,0.0,0.0,-0.07028704062474929,-0.05790239076853932,0.039682751807514134,0.08696543676902282,0.09521898818596046
ADAM10_TSPAN17,438,15.820823,2.8226175,42.51968503937008,12055.467,9.397356,438,1,0,1.0,0.0,0.0,0.0,0.0,0.112353266514575,-0.17939163452473933,0.08460226745785483,0.17074187029466548,-0.08141596582598229
ADAM10_AXL,517,25.863028,3.290751,32.1522309711286,19707.627,9.888812,517,0,-1,0.0,0.0,0.0,0.0,0.0,-0.1265307053032104,-0.09598914136081907,-0.11731259044874501,0.07595992724415251,0.13600299246505437
VWF_SIRPA,248,7.2226233,2.1068892,67.45406824146983,5503.639,8.613346,248,1,4,0.0,0.0,0.0,0.0,1.0,-0.11797651896593318,-0.2078373813379941,0.04767528949368076,0.19358366486319106,0.11391455551925198
CDH1_LRP5,355,12.908587,2.6325064,53.41207349081365,9836.344,9.193941,355,1,4,0.0,0.0,0.0,0.0,1.0,0.07854874872711988,-0.2071309859144947,-0.16226595538945562,0.22064369333772266,-0.09278179478098815
CDH1_IGF1R,172,5.860356,1.9257593,77.42782152230971,4465.5913,8.404381,172,1,4,0.0,0.0,0.0,0.0,1.0,-0.09088524380399068,-0.280166964324007,-0.009169472531112532,0.1927609621443985,0.09097089257120007
CDH1_ERBB3,559,24.630846,3.2437966,26.640419947506565,18768.705,9.839999,559,1,0,1.0,0.0,0.0,0.0,0.0,0.3099510712844445,0.04710740945576409,0.1329327438453695,-0.004126649897203391,-0.3164839152434432
CDH1_PTPRM,176,6.2352476,1.9789646,76.9028871391076,4751.259,8.466375,176,1,4,0.0,0.0,0.0,0.0,1.0,0.0652037735035482,-0.2784003453038487,0.11612182481075084,0.18412048411704626,-0.017195401970839713
CDH1_PTPRF,444,21.02388,3.0921273,41.73228346456693,16020.197,9.681668,444,0,-1,0.0,0.0,0.0,0.0,0.0,0.13434167792607307,-0.035008453248152695,-0.0818740654459699,0.03982337927170758,-0.14429030623780395
SEMA7A_ITGB1,243,9.379154,2.3397994,68.11023622047244,7146.9155,8.874576,243,1,4,0.0,0.0,0.0,0.0,1.0,-0.3083825602791854,-0.390937009174921,0.01402451613727593,0.35116459906620784,0.4258497742483879
SEMA7A_ITGA1,278,12.346407,2.591247,63.51706036745407,9407.962,9.149418,278,1,4,0.0,0.0,0.0,0.0,1.0,0.09841693692398171,-0.011806190554628086,0.048846261508313664,0.041637006462149684,-0.13434583719763726
TIMP2_CD44,310,11.36449,2.5148287,59.31758530183727,8659.741,9.066556,310,1,3,0.0,0.0,0.0,1.0,0.0,-0.2630408840284046,-0.40001882192044563,0.1382615129023585,0.5012623648612761,0.3135573253484264
TIMP2_ITGB1,264,10.021434,2.3998418,65.35433070866141,7636.3325,8.940804,264,1,4,0.0,0.0,0.0,0.0,1.0,-0.43746003938515843,-0.46631870064333464,-0.08183924203748368,0.5130036465245,0.5220860817176294
LGALS3BP_ITGB1,278,8.9543295,2.2980075,63.51706036745407,6823.199,8.82823,278,1,4,0.0,0.0,0.0,0.0,1.0,-0.49224101602273573,-0.34722498894233994,0.016741645538799275,0.24153774429685643,0.6269948004530617
LAMC2_ITGA6,115,2.693301,1.3065206,84.90813648293964,2052.2954,7.6272016,115,0,-1,0.0,0.0,0.0,0.0,0.0,-0.07730057275210303,-0.14728743582405096,0.2310268633313806,0.15720389670693324,0.1333712862334233
LAMC2_CD151,594,42.63899,3.775951,22.047244094488192,32490.908,10.388746,594,1,1,0.0,1.0,0.0,0.0,0.0,0.4466951852967066,0.5032042781115798,0.000221526843923859,-0.48479608822438536,-0.4770416389341726
LAMC2_ITGB1,184,6.3922153,2.0004275,75.85301837270342,4870.868,8.491233,184,1,4,0.0,0.0,0.0,0.0,1.0,-0.3126972599277448,-0.14759456507950033,0.03882508276320567,0.01420692508373605,0.4299666287401215
LAMC2_ITGA2,238,7.9180303,2.188075,68.76640419947506,6033.539,8.705255,238,1,4,0.0,0.0,0.0,0.0,1.0,-0.11024447915628004,-0.17642970517293066,0.16924268466290357,0.12549312601858026,0.16396484624987395
LAMC2_COL17A1,154,5.656608,1.8956101,79.79002624671917,4310.3354,8.369003,154,1,0,1.0,0.0,0.0,0.0,0.0,0.2950654231181122,0.2083534759061179,0.06678194012667903,-0.13479237214442505,-0.2639197064164712
NID1_ITGB1,212,8.82982,2.2854207,72.17847769028872,6728.3223,8.81423,212,1,4,0.0,0.0,0.0,0.0,1.0,-0.2299324998466538,-0.3174532753907114,-0.13464680305801616,0.32564347756821893,0.33306978499914525
NID1_PTPRF,450,27.792849,3.360127,40.944881889763785,21178.15,9.9607725,450,1,0,1.0,0.0,0.0,0.0,0.0,0.34722616000434736,0.2577457858810102,-0.20604368637769568,-0.2074899444322491,-0.3762134298975125
ICAM1_ITGAX,228,7.6173053,2.1537724,70.07874015748031,5804.3867,8.666541,228,1,4,0.0,0.0,0.0,0.0,1.0,-0.4196047683016435,-0.14853274076511577,-0.02629214361069716,0.12971489393276853,0.38827409514641986
ICAM1_MUC1,577,66.312546,4.209347,24.27821522309711,50530.16,10.830345,577,1,4,0.0,0.0,0.0,0.0,1.0,-0.4775295735262946,-0.0935594178549606,-0.138093578705979,0.12567713580660436,0.37765986217293024
ICAM1_ITGB2,166,4.979357,1.788313,78.21522309711287,3794.27,8.24151,166,1,4,0.0,0.0,0.0,0.0,1.0,-0.28405988292281525,-0.09403383041131722,0.30620476163165694,-0.01723339969675827,0.3682004551127082
VCAN_CD44,350,10.544777,2.446233,54.06824146981628,8035.12,8.991702,350,1,0,1.0,0.0,0.0,0.0,0.0,0.2511559043631201,-0.03145858216565426,0.40391278797262753,0.05905102809928709,-0.12669032033434724
VCAN_ITGB1,257,7.552352,2.1462064,66.2729658792651,5754.892,8.657979,257,1,4,0.0,0.0,0.0,0.0,1.0,-0.2974358914694255,-0.3596716926513267,-0.054829351688447096,0.30637355676143957,0.4213674089947982
TIMP3_CD44,250,12.004383,2.5652864,67.19160104986877,9147.34,9.121327,250,1,0,1.0,0.0,0.0,0.0,0.0,0.4097944438818027,0.108067759363101,0.41280864081827406,-0.04550785777708884,-0.3223887395630257
TIMP3_MET,119,5.3131905,1.8426411,84.38320209973753,4048.6511,8.306386,119,1,1,0.0,1.0,0.0,0.0,0.0,0.04076363273337517,0.002541968852612613,-0.052238840271854964,0.0841024296182692,-0.0389573789979344
LUM_ITGB1,238,16.008432,2.8337092,68.76640419947506,12198.425,9.409144,238,1,4,0.0,0.0,0.0,0.0,1.0,-0.5863834305898106,-0.29860867877092795,0.06273538863428048,0.17843337374636362,0.7163322923174829
CGN_F11R,350,17.066126,2.8940387,54.06824146981628,13004.388,9.473119,350,1,0,1.0,0.0,0.0,0.0,0.0,0.1421759927529104,-0.1181187822440665,-0.11139360072098059,0.09078718201654781,-0.12596005686094133
CALM2_INSR,454,21.427692,3.1102965,40.419947506561684,16327.901,9.700692,454,0,-1,0.0,0.0,0.0,0.0,0.0,0.07316910848542157,0.03947974320204193,0.1073863729099777,-0.07695882315472169,-0.08385447845936975
CALM2_AQP1,633,34.24735,3.5623903,16.92913385826772,26096.479,10.169594,633,1,1,0.0,1.0,0.0,0.0,0.0,0.29151660933791107,0.5425523481454263,-0.0843561441292559,-0.4379234344038607,-0.4112372319476161
APP_LRP10,563,24.339085,3.232348,26.115485564304464,18546.383,9.828084,563,1,4,0.0,0.0,0.0,0.0,1.0,-0.4831182315082467,0.09231127841050166,-0.050925762904996306,-0.0806942383370615,0.404434210561204
APP_PLD1,218,6.4129157,2.003224,71.39107611548556,4886.6416,8.494465,218,1,4,0.0,0.0,0.0,0.0,1.0,-0.2735892140328561,-0.05052657023600162,0.11548558375141063,-0.0433804904890965,0.3050893624566193
APP_TSPAN15,196,5.526827,1.8759209,74.2782152230971,4211.442,8.345798,196,1,2,0.0,0.0,1.0,0.0,0.0,-0.2322758389331539,0.0779691522310383,0.33107482421912965,-0.03374009180952054,0.20567265730519188
APP_TNFRSF21,579,26.52695,3.3151655,24.015748031496067,20213.537,9.914157,579,1,4,0.0,0.0,0.0,0.0,1.0,-0.36545446250119984,0.07372802083576228,0.045323803573454426,-0.02358000256563214,0.31516224130299747
APP_NCSTN,265,8.885155,2.2910342,65.2230971128609,6770.488,8.820477,265,1,4,0.0,0.0,0.0,0.0,1.0,-0.5235508783821092,-0.13375570886365923,0.1108153435517358,0.1105651877334788,0.5306453230970792
CALM3_INSR,447,23.117128,3.1829224,41.338582677165356,17615.252,9.776577,447,1,1,0.0,1.0,0.0,0.0,0.0,0.1959639770476644,0.12252939460690616,0.15196481927769873,-0.13585180424955798,-0.20395270543267818
CALM3_AQP1,614,41.034004,3.738479,19.422572178477694,31267.91,10.35038,614,1,1,0.0,1.0,0.0,0.0,0.0,0.3721243864262347,0.6644260589816512,-0.12622087217351965,-0.5142282222986198,-0.517089828533937
TFF2_MUC6,583,40.02945,3.7142901,23.490813648293962,30502.44,10.325595,583,1,1,0.0,1.0,0.0,0.0,0.0,-0.21052759327260998,0.331997811784369,0.08993268842453224,-0.3964310367975901,0.17270224775607626
TFF1_MUC5AC,258,13.464286,2.6716826,66.14173228346456,10259.786,9.236085,258,1,4,0.0,0.0,0.0,0.0,1.0,0.14796736770595992,-0.21863367127848404,-0.007957654854010936,0.20594572968262764,-0.08250882257139217
TNFSF12_TNFRSF25,185,6.0558023,1.9538503,75.7217847769029,4614.5215,8.4371805,185,1,4,0.0,0.0,0.0,0.0,1.0,-0.25947019313808084,-0.31827073677745116,0.018569110096605338,0.318170203686658,0.2957032451597273
TNFSF12_TNFRSF12A,471,36.442036,3.6227942,38.188976377952756,27768.832,10.231706,471,1,3,0.0,0.0,0.0,1.0,0.0,-0.24881607807101455,-0.5409751396227044,-0.15566125149477408,0.58544314986527,0.24949268240128372
FGF19_FGFR1,352,18.148396,2.952219,53.805774278215225,13829.077,9.534601,352,1,1,0.0,1.0,0.0,0.0,0.0,0.17049605705444956,0.5089903618430728,-0.21595993460147786,-0.31710759007273415,-0.2727420299310873
FGF19_FGFR3,469,25.90067,3.2921512,38.4514435695538,19736.31,9.890266,469,1,0,1.0,0.0,0.0,0.0,0.0,0.3986022917361904,0.28210341103501024,-0.08703398486624851,-0.28171631638980144,-0.4043890017534717
VCAM1_ITGB1,248,8.33469,2.2337375,67.45406824146983,6351.034,8.756531,248,1,4,0.0,0.0,0.0,0.0,1.0,-0.5442686703338789,-0.3641089720437389,0.051236842418351504,0.318568018975854,0.6287770886587207
VCAM1_ITGB2,151,4.4933825,1.7035441,80.18372703412074,3423.9575,8.1388445,151,1,4,0.0,0.0,0.0,0.0,1.0,-0.33419077908019995,-0.19535963386302546,0.3030400803156594,0.07738531216669468,0.41934627917799094
VCAM1_EZR,515,40.580585,3.7276335,32.414698162729664,30922.406,10.339269,515,1,4,0.0,0.0,0.0,0.0,1.0,-0.47678472536571387,-0.44626163717084444,-0.05258614877821417,0.5435926073175666,0.46366380692097425
VCAM1_MSN,308,10.93177,2.4792047,59.580052493438316,8330.009,9.02774,308,1,4,0.0,0.0,0.0,0.0,1.0,-0.4272130714933197,-0.31794035367411644,0.02686677139372889,0.30565549688870297,0.4547297779200109
ARPC5_LDLR,454,39.42153,3.6993625,40.419947506561684,30039.207,10.310292,454,1,4,0.0,0.0,0.0,0.0,1.0,-0.11672293104049385,-0.5358716552893676,-0.3238031995747041,0.6056501131199701,0.09293550552086717
COL6A3_ITGB1,240,11.19331,2.5008874,68.50393700787401,8529.302,9.05138,240,1,4,0.0,0.0,0.0,0.0,1.0,-0.5318977591191992,-0.2418191698103624,0.07559601592788412,0.025559206872229973,0.6948907998755244
COL6A3_ITGA2,253,7.6507783,2.1576493,66.7979002624672,5829.893,8.670925,253,1,4,0.0,0.0,0.0,0.0,1.0,-0.34097291562795956,-0.25154951426692823,0.16482751981926771,0.1532268291809798,0.41138416601091893
LIPH_LPAR4,229,10.110814,2.407919,69.94750656167979,7704.4404,8.949682,229,0,-1,0.0,0.0,0.0,0.0,0.0,0.2074499082652628,0.2658920415735752,-0.07549626258085271,-0.1852568306211202,-0.24126643887812607
LIPH_LPAR2,197,8.051651,2.2029471,74.14698162729658,6135.358,8.721987,197,1,0,1.0,0.0,0.0,0.0,0.0,0.4125356097790628,0.32710752596732573,0.28749441858981173,-0.25921850518477557,-0.35647177440828515
MELTF_TFRC,205,8.19936,2.2191339,73.0971128608924,6247.912,8.740163,205,0,-1,0.0,0.0,0.0,0.0,0.0,0.018926071697299377,0.14988702796878675,-0.22835522469558384,-0.034889505998718456,-0.07116516006676614
COL1A2_CD44,252,10.237584,2.4192638,66.9291338582677,7801.039,8.96214,252,1,3,0.0,0.0,0.0,1.0,0.0,-0.15825212369408476,-0.4168177224398553,-0.05243463120467721,0.5323114826310906,0.19733123677285924
COL1A2_ITGB1,217,8.690501,2.271146,71.5223097112861,6622.162,8.798328,217,1,4,0.0,0.0,0.0,0.0,1.0,-0.26773415186325095,-0.45089231760966497,-0.14840855448594747,0.5143591862003662,0.32609459887181924
COL1A2_ITGA11,304,26.228432,3.3042617,60.10498687664042,19986.064,9.902841,304,1,0,1.0,0.0,0.0,0.0,0.0,0.031038793693177157,-0.4807549125191333,-0.2359032280050712,0.5767221212329967,-0.026494499273260308
COL14A1_CD44,196,16.62943,2.8695698,74.2782152230971,12671.627,9.4472,196,1,4,0.0,0.0,0.0,0.0,1.0,-0.5418467331752055,-0.19424972798335466,0.21738095117852488,0.06952519047516093,0.6041478553285159
COL6A2_ITGB1,241,10.867364,2.473792,68.37270341207349,8280.932,9.0218315,241,1,4,0.0,0.0,0.0,0.0,1.0,-0.5592893320760063,-0.2650362493049787,0.055810283933498614,0.08072040501262294,0.6922532528341048
IL16_KCNJ15,73,2.5235662,1.2594736,90.41994750656168,1922.9574,7.5621395,73,0,-1,0.0,0.0,0.0,0.0,0.0,0.029059308236740123,-0.02866145821186902,0.0894380927023796,-0.02576549333174193,-0.05673225512946327
CD14_ITGB1,267,8.7021475,2.2723472,64.96062992125984,6631.0366,8.799667,267,1,4,0.0,0.0,0.0,0.0,1.0,-0.4756239046288425,-0.3376429817203119,0.027348679318431796,0.26792469075278413,0.6019286608176844
CD14_ITGB2,215,7.0107546,2.080785,71.78477690288713,5342.195,8.583579,215,1,2,0.0,0.0,1.0,0.0,0.0,0.1753286347234241,0.010708414027814453,0.5655940975228541,-0.11004782482844849,-0.03866290073055704
COL3A1_ITGB1,211,11.899236,2.557168,72.30971128608924,9067.218,9.112531,211,1,4,0.0,0.0,0.0,0.0,1.0,-0.24264926778943324,-0.27450444984178746,-0.05971906961259118,0.23551955390582027,0.3582931153556617
COL3A1_DDR1,388,28.758894,3.3931282,49.08136482939632,21914.277,9.994939,388,1,0,1.0,0.0,0.0,0.0,0.0,0.3210149149275352,0.1452856523192657,-0.09438327469168328,-0.18612010567939974,-0.32927710927001796
FGB_ITGB1,265,8.205194,2.219768,65.2230971128609,6252.3584,8.740874,265,1,4,0.0,0.0,0.0,0.0,1.0,-0.4278432492721702,-0.30508201144946584,-0.024903847390768022,0.21080983391269958,0.5673196719237754
FGB_ITGB2,207,6.4010816,2.0016263,72.83464566929135,4877.624,8.492619,207,1,0,1.0,0.0,0.0,0.0,0.0,0.16094144653658168,0.0073450556423562754,0.4983632787050029,-0.1242735417119524,-0.025368588286368135
FGA_ITGAX,236,7.7928658,2.1739407,69.02887139107612,5938.1636,8.689323,236,0,-1,0.0,0.0,0.0,0.0,0.0,-0.10217097724981622,-0.05670946309325021,-0.04973317508493018,0.11568995209191836,0.056268829862492986
FGA_ITGB1,243,7.7424803,2.1681938,68.11023622047244,5899.77,8.682838,243,1,4,0.0,0.0,0.0,0.0,1.0,-0.27594896250366696,-0.26711738146375125,-0.042798115466352496,0.20354987892317414,0.39919896291552714
FGA_PLAUR,560,27.851318,3.3621557,26.509186351706038,21222.705,9.962874,560,1,0,1.0,0.0,0.0,0.0,0.0,0.30347419805201453,0.11591658628341238,-0.11393199132435147,-0.02572667756848026,-0.3475833459053432
FGA_ITGB2,180,6.9721303,2.0759518,76.37795275590551,5312.763,8.578055,180,1,0,1.0,0.0,0.0,0.0,0.0,0.2990162234825475,0.08210486158779975,0.5265166667738062,-0.14446887683488205,-0.1759779192162398
SEMA4C_PLXNB2,704,73.09643,4.3053675,7.6115485564304475,55699.48,10.927744,704,1,4,0.0,0.0,0.0,0.0,1.0,0.11934785774140602,-0.18221707345274835,0.016027888401795462,0.18809307770804273,-0.13041616408034754
HAS2_CD44,309,12.0367775,2.5677743,59.4488188976378,9172.024,9.1240225,309,0,-1,0.0,0.0,0.0,0.0,0.0,0.32785902378168846,0.10115858773584835,0.399399498273933,-0.0688882288315116,-0.21732070152448985
EFEMP2_AQP1,647,32.232758,3.503536,15.091863517060366,24561.361,10.108971,647,1,1,0.0,1.0,0.0,0.0,0.0,0.2569240820214789,0.5525025899398233,-0.019495641752146995,-0.4399967307419278,-0.3817090677809739
GNAI2_EDNRA,139,7.0390544,2.0843115,81.75853018372703,5363.7593,8.587606,139,1,4,0.0,0.0,0.0,0.0,1.0,-0.39867303712396307,-0.08667123707356955,0.18593977279885165,0.013809330579507383,0.4499314171967304
GNAI2_ADORA1,176,9.293883,2.33155,76.9028871391076,7081.9395,8.865444,176,1,4,0.0,0.0,0.0,0.0,1.0,-0.42056816166691735,-0.13084385619767552,0.1834128879048988,0.01164785103636898,0.5038173530527539
GNAI2_PTPRU,245,12.860526,2.629045,67.8477690288714,9799.721,9.190211,245,1,4,0.0,0.0,0.0,0.0,1.0,-0.5237888588697015,-0.14186645564790934,0.23476516423978896,0.04729877746212288,0.5600854672397899
AGTRAP_RACK1,557,58.708168,4.089469,26.902887139107612,44735.625,10.708548,557,1,1,0.0,1.0,0.0,0.0,0.0,-0.03926739888510288,0.4588938048155497,-0.1275620856272571,-0.39024854174955065,-0.031732172416432655
PKM_CD44,274,11.004481,2.48528,64.04199475065617,8385.415,9.0343685,274,1,4,0.0,0.0,0.0,0.0,1.0,-0.39402326126470205,-0.14653885484038415,0.37296152963859647,0.05454366628250861,0.48077062885390154
MMP1_CD44,322,10.952155,2.4809117,57.742782152230966,8345.542,9.029603,322,0,-1,0.0,0.0,0.0,0.0,0.0,-0.19738437772192557,-0.16064103621343473,0.30631361399832063,0.12632641450930962,0.3001339804514057
FBN1_ITGB1,257,7.6067,2.152541,66.2729658792651,5796.305,8.665149,257,1,4,0.0,0.0,0.0,0.0,1.0,-0.407664858534899,-0.2989246848965963,-0.056508597602568704,0.2070718683626802,0.5321343142373358
PSEN1_NOTCH4,214,6.633221,2.03251,71.91601049868767,5054.5146,8.528235,214,0,-1,0.0,0.0,0.0,0.0,0.0,-0.29317492417057683,-0.23796843546417276,-0.10225521625631359,0.20705021487101838,0.31034853866907414
PSEN1_CD44,346,12.413132,2.5962343,54.59317585301837,9458.807,9.154807,346,1,3,0.0,0.0,0.0,1.0,0.0,-0.13869351458365875,-0.2271361886495253,0.2519280239419662,0.232033727948581,0.24492442888176597
CSF1_SIRPA,236,11.494558,2.5252934,69.02887139107612,8758.854,9.077934,236,1,4,0.0,0.0,0.0,0.0,1.0,-0.48899145153541185,-0.3433263452633961,0.1431790455919429,0.2693747958488246,0.5410859675606663
JAG2_NOTCH4,161,8.404044,2.24114,78.87139107611549,6403.882,8.764815,161,1,4,0.0,0.0,0.0,0.0,1.0,-0.14522244292119946,0.23558372912100725,-0.1470411585991549,-0.14472380484167832,0.03936419211283923
EFNA5_EPHB6,289,10.436318,2.436794,62.073490813648306,7952.4746,8.981364,289,1,4,0.0,0.0,0.0,0.0,1.0,-0.06203799555561762,-0.040550951950549495,0.14867473721124141,-0.0906863716626585,0.07952920091268746
EFNA5_EPHA2,326,14.156734,2.718445,57.21784776902887,10787.432,9.28623,326,1,4,0.0,0.0,0.0,0.0,1.0,-0.17541575971241144,-0.12167775159922585,-0.00833914980610562,-0.015947030202912178,0.1507851624133966
FBLN1_ITGB1,253,7.0240955,2.082449,66.7979002624672,5352.361,8.58548,253,1,4,0.0,0.0,0.0,0.0,1.0,-0.41867773900603883,-0.28566583894622616,0.007583520754271044,0.1719418044917175,0.5431073601469811
COL7A1_ITGB1,235,9.097888,2.3123262,69.16010498687663,6932.5903,8.844133,235,1,4,0.0,0.0,0.0,0.0,1.0,-0.298057323810708,-0.33490566442369796,-0.023303151316331337,0.28334526870757387,0.42305362624293746
HSP90AA1_FGFR3,462,21.329391,3.1059039,39.370078740157474,16252.996,9.6960945,462,1,4,0.0,0.0,0.0,0.0,1.0,-0.3759606652913068,-0.09674749445004946,0.14566281596221117,0.0029366330982767814,0.3910472702655899
FGG_ITGB1,275,8.334312,2.2336972,63.91076115485564,6350.746,8.756485,275,1,4,0.0,0.0,0.0,0.0,1.0,-0.40468738687548933,-0.2676544933135803,-0.04235123185598043,0.2373156868072883,0.5146126368022995
FGG_ITGB2,211,6.576175,2.0250084,72.30971128608924,5011.0454,8.519599,211,1,0,1.0,0.0,0.0,0.0,0.0,0.20773293524263756,0.11512067124680907,0.45895230528670056,-0.19635346257750075,-0.08156051516119972
CXCL14_CXCR4,154,3.8272686,1.5742809,79.79002624671917,2916.3787,7.9784408,154,1,4,0.0,0.0,0.0,0.0,1.0,-0.24287418096131538,-0.2514824893780222,0.028474841603809538,0.15662950704046358,0.29113869306328866
RTN4_GJB2,253,12.669204,2.6151454,66.7979002624672,9653.934,9.175224,253,1,4,0.0,0.0,0.0,0.0,1.0,0.021426249244004086,-0.36499239976116876,-0.2300103015097637,0.46708214733314846,-0.03381179129692053
HMGB1_SDC1,589,63.017357,4.1591544,22.703412073490814,48019.227,10.779378,589,1,1,0.0,1.0,0.0,0.0,0.0,0.5255580240190593,0.6853980866024594,0.15832007492324637,-0.6232815283355058,-0.529486082018194
HMGB1_CXCR4,130,4.913966,1.7773167,82.93963254593176,3744.4424,8.228295,130,1,4,0.0,0.0,0.0,0.0,1.0,-0.24634581649416884,-0.09370033194317037,0.09378640063903942,-0.0431210797195541,0.327037016500996
FN1_ITGA6,108,3.0505867,1.3988618,85.8267716535433,2324.547,7.7517104,108,0,-1,0.0,0.0,0.0,0.0,0.0,-0.03134593193100648,-0.09872317773157749,0.16242402129989947,0.14151737003341358,0.06777805020895267
FN1_CD44,272,11.677063,2.5397942,64.30446194225722,8897.922,9.093685,272,1,0,1.0,0.0,0.0,0.0,0.0,0.3522488750458457,0.17525401905269558,0.4382479352048727,-0.19163855129739882,-0.23579722505276365
FN1_ITGB1,185,6.733246,2.0455287,75.7217847769029,5130.7334,8.543199,185,1,4,0.0,0.0,0.0,0.0,1.0,-0.2839167218961476,-0.13010075766748305,-0.0043635118279319405,0.024778868321080328,0.3966993557473109
COL18A1_ITGB1,229,9.50187,2.3515534,69.94750656167979,7240.4253,8.887573,229,1,4,0.0,0.0,0.0,0.0,1.0,-0.3515178708781687,-0.17291310389581563,-0.02329558884455581,0.020477525096289494,0.4780252605452485
ADAM15_ITGB1,210,10.318097,2.426403,72.44094488188976,7862.3896,8.969973,210,1,4,0.0,0.0,0.0,0.0,1.0,-0.227909355115161,-0.2860444337130181,-0.12082304184456098,0.30111264070395277,0.31533772660662884
CALM1_PTPRA,341,12.497036,2.6024702,55.249343832021005,9522.741,9.161543,341,1,0,1.0,0.0,0.0,0.0,0.0,0.24766428842680918,-0.15597517867711183,0.25638796350054455,0.1369039262808347,-0.16773845752408584
LAMC3_ITGA6,203,6.4023776,2.0018013,73.35958005249343,4878.612,8.492821,203,1,3,0.0,0.0,0.0,1.0,0.0,-0.20417672683857416,-0.4175754924879869,-0.02395370111005617,0.6479911966368503,0.17677085098199732
LAMC3_ITGB1,266,9.32598,2.3346632,65.09186351706036,7106.397,8.868892,266,1,4,0.0,0.0,0.0,0.0,1.0,-0.4714152329659171,-0.43472774092193134,-0.03195100518294118,0.4305875328523099,0.5825732044445996
COL6A1_ITGB1,208,12.727255,2.6193833,72.70341207349081,9698.168,9.179795,208,1,3,0.0,0.0,0.0,1.0,0.0,-0.4810142251654629,-0.45819179192598036,-0.012672496501399134,0.565973806339119,0.5150914583014046
COL6A1_ITGA6,180,11.951037,2.5611758,76.37795275590551,9106.69,9.116875,180,1,3,0.0,0.0,0.0,1.0,0.0,-0.2777735843333915,-0.4026955218040884,-0.08460662153011478,0.6665700385519663,0.22722808281187185
TGM2_ITGB1,192,9.2920065,2.3313675,74.80314960629921,7080.509,8.865242,192,1,4,0.0,0.0,0.0,0.0,1.0,-0.26172462753354214,-0.13721191986628178,-0.02439857658694365,0.0728952850643731,0.37372829500693044
TGM2_SDC4,621,67.021,4.2198167,18.503937007874015,51070.004,10.840972,621,1,1,0.0,1.0,0.0,0.0,0.0,0.5692661705107179,0.5867997968042079,0.08172156782827904,-0.5046363187186217,-0.5962428909211674
TGM2_ADGRG1,245,16.906023,2.885137,67.8477690288714,12882.39,9.463695,245,0,-1,0.0,0.0,0.0,0.0,0.0,0.18721902439632548,0.10000339879355431,0.2127654070883894,-0.13167712054010117,-0.13757169433766409
THBS2_ITGB1,241,8.7935505,2.281724,68.37270341207349,6700.6855,8.810114,241,1,4,0.0,0.0,0.0,0.0,1.0,-0.5614473314769912,-0.3331838162381694,0.1410527027158665,0.24350961969333884,0.6658387477310727
THBS2_NOTCH4,176,6.0274124,1.9498186,76.9028871391076,4592.888,8.432482,176,1,4,0.0,0.0,0.0,0.0,1.0,-0.292348492304838,-0.019770444065730197,-0.012910299746682145,0.011054091894259455,0.2663568033178392
THBS2_ITGA6,171,5.1992106,1.824422,77.55905511811024,3961.7986,8.284706,171,1,3,0.0,0.0,0.0,1.0,0.0,-0.3989596175238745,-0.36958543325218957,0.1275791921464595,0.4655087641680688,0.411838439431576
PTGS2_ALOX5,128,6.5809293,2.0256357,83.2020997375328,5014.668,8.520322,128,0,-1,0.0,0.0,0.0,0.0,0.0,0.201935729467421,-0.03905249977250371,-0.04986121064615679,-0.06603522009921409,-0.19337120507312686
SEMA4A_PLXNB2,685,48.759277,3.907197,10.104986876640421,37154.57,10.522869,685,0,-1,0.0,0.0,0.0,0.0,0.0,0.09755436071584161,0.08507235023471925,-0.12975480485722657,-0.04967171682735119,-0.19020453604312124
EFNA1_EPHB6,300,10.985527,2.4836998,60.629921259842526,8370.972,9.032644,300,1,4,0.0,0.0,0.0,0.0,1.0,0.12253662504544395,-0.0577550770713964,0.11444871208812109,-0.09969841218857557,-0.09812146920467546
ADAM12_ITGB1,225,5.0790534,1.804849,70.4724409448819,3870.2385,8.26133,225,1,4,0.0,0.0,0.0,0.0,1.0,-0.28785085193376175,-0.23753686780762773,0.016175183644320898,0.12677718055289022,0.41747248156785954
ADAM12_SDC4,671,41.092968,3.7398806,11.942257217847773,31312.842,10.351815,671,1,1,0.0,1.0,0.0,0.0,0.0,0.48148229319566327,0.4195715973735022,0.07868339387948353,-0.3487997796764904,-0.5030489563587368
S100A9_ITGB2,183,7.793851,2.1740527,75.98425196850394,5938.9146,8.68945,183,1,0,1.0,0.0,0.0,0.0,0.0,0.3124410011599852,0.1156445187974375,0.5055379938890185,-0.175447729198622,-0.19567884533142887
COL5A1_ITGB1,184,9.113409,2.313862,75.85301837270342,6944.418,8.845838,184,1,4,0.0,0.0,0.0,0.0,1.0,-0.5738198607346496,-0.18641308690620423,0.040726800943600344,0.021332172289482754,0.6800822788455183
CEL_CXCR4,150,4.025024,1.6144302,80.31496062992126,3067.068,8.028804,150,1,4,0.0,0.0,0.0,0.0,1.0,-0.22987780859229603,-0.24444012754293679,0.05309035107709305,0.1894244988856802,0.26069587021999285
SPTAN1_PTPRA,325,13.621784,2.6825125,57.34908136482939,10379.8,9.247713,325,1,2,0.0,0.0,1.0,0.0,0.0,0.2798171159064142,0.11177039229844071,0.41417366118442245,-0.09800870767384222,-0.25689763561365575
PLAU_ITGB1,225,7.8239684,2.1774716,70.4724409448819,5961.864,8.693306,225,1,4,0.0,0.0,0.0,0.0,1.0,-0.45141777762286217,-0.138690637857184,-0.0477677790641576,0.0010120177154086592,0.5605370564305037
PLAU_ITGB2,180,5.397149,1.8558525,76.37795275590551,4112.6274,8.322061,180,1,4,0.0,0.0,0.0,0.0,1.0,0.004304932830206708,0.05584574982918036,0.29042815619310114,-0.1398209256748496,0.08700902906253646
COL16A1_ITGB1,216,12.359461,2.5922248,71.65354330708662,9417.909,9.150475,216,1,4,0.0,0.0,0.0,0.0,1.0,-0.6062692799142111,-0.2510806736820204,0.03618520096373376,0.1015566019908697,0.7258620279403744
HSPG2_SDC1,605,34.42527,3.5674255,20.603674540682416,26232.057,10.174776,605,1,4,0.0,0.0,0.0,0.0,1.0,-0.27514574442212353,0.001594891013482401,0.004985367546637698,0.028510429734934187,0.2531723009078375
HSPG2_ITGB1,245,8.588968,2.2606132,67.8477690288714,6544.794,8.786578,245,1,4,0.0,0.0,0.0,0.0,1.0,-0.6229954882301771,-0.31153304941077364,0.09551073477682977,0.1797494003703548,0.7379310205477562
HSPG2_FGFR1,369,14.973345,2.7709215,51.574803149606296,11409.688,9.342306,369,1,4,0.0,0.0,0.0,0.0,1.0,-0.3854136169635568,0.13133915722444744,-0.020875177678407287,-0.09429996219435718,0.32929460313832415
COL5A2_ITGB1,229,8.233501,2.2228384,69.94750656167979,6273.9277,8.744317,229,1,4,0.0,0.0,0.0,0.0,1.0,-0.5820029830179603,-0.3814206410075206,0.08009974428804112,0.2825687685843876,0.6851897053785256
COL5A2_DDR1,373,18.483665,2.9695764,51.0498687664042,14084.553,9.552905,373,1,4,0.0,0.0,0.0,0.0,1.0,-0.36245096130084814,-0.14162169744347375,0.02872773700825248,0.08426662917030651,0.3656689668095185
COL4A1_ITGB1,248,8.425011,2.243367,67.45406824146983,6419.8584,8.767307,248,1,4,0.0,0.0,0.0,0.0,1.0,-0.5907481535318102,-0.35169265391296006,0.13126951595303868,0.20935162428636872,0.718367151410325
ACTR2_LDLR,577,51.81102,3.9667199,24.27821522309711,39479.996,10.583574,577,1,0,1.0,0.0,0.0,0.0,0.0,0.5058860059141166,0.5500663332030257,0.13527082961200296,-0.5715228404789812,-0.529913628066505
AGRN_ITGB1,226,9.320376,2.3341203,70.34120734908136,7102.127,8.86829,226,1,4,0.0,0.0,0.0,0.0,1.0,-0.30204171408172165,-0.2594117051411214,-0.0549829615074741,0.2162712712169224,0.40015701538530024
ZG16B_CXCR4,121,5.0681663,1.8030565,84.12073490813648,3861.9426,8.259185,121,1,4,0.0,0.0,0.0,0.0,1.0,-0.4429736150719045,-0.2024160680265018,0.03896978461796377,0.044720578947879334,0.519073814984885
LAMB3_CD151,498,49.79762,3.9278495,34.645669291338585,37945.785,10.543941,498,1,3,0.0,0.0,0.0,1.0,0.0,-0.09883142322999199,-0.6907082977740008,-0.18186253662290705,0.8131329559479348,0.09141221567949305
LAMB3_ITGB1,239,10.537822,2.4456306,68.63517060367454,8029.8203,8.991042,239,1,3,0.0,0.0,0.0,1.0,0.0,-0.3627284076138458,-0.5097754783239415,-0.09297374474790711,0.6040023622599833,0.41788632094194744
LAMB3_ITGA6,196,9.439843,2.3456297,74.2782152230971,7193.16,8.881025,196,1,3,0.0,0.0,0.0,1.0,0.0,-0.18092947825941666,-0.4313523088973253,-0.09713526150654404,0.692370657791592,0.13244982029945762
AFDN_EPHB6,300,11.114138,2.4943733,60.629921259842526,8468.973,9.044283,300,1,4,0.0,0.0,0.0,0.0,1.0,0.17197996197805265,-0.02171135397242048,0.13033253839895786,-0.08623851906168976,-0.17515992428119234
SPP1_CD44,252,13.810242,2.695319,66.9291338582677,10523.404,9.261452,252,1,4,0.0,0.0,0.0,0.0,1.0,-0.5222345871699844,-0.2732453018135654,0.2361078780932347,0.1751138026150533,0.5933097025803212
SPP1_ITGB1,217,10.990902,2.4841483,71.5223097112861,8375.067,9.0331335,217,1,4,0.0,0.0,0.0,0.0,1.0,-0.5982422409193477,-0.3327396599047722,0.16554155354372965,0.1843443234343666,0.7047136798316612
LGALS9_CD44,293,13.202058,2.6533868,61.54855643044619,10059.968,9.216418,293,1,4,0.0,0.0,0.0,0.0,1.0,-0.36109876628599336,-0.2784017662160212,0.2738274661237823,0.20498321920697124,0.47200178750122124
LGALS9_SLC1A5,441,20.713446,3.0779316,42.125984251968504,15783.6455,9.666793,441,1,4,0.0,0.0,0.0,0.0,1.0,-0.34737933051154535,-0.270788931831977,0.017256222266034717,0.14920662708288776,0.4087473863711445
MDK_ITGA6,188,4.9700103,1.7867486,75.32808398950131,3787.148,8.239633,188,1,3,0.0,0.0,0.0,1.0,0.0,-0.29038974401846546,-0.3887907121344465,0.010554673443112617,0.572947177687461,0.29288606073606716
LRPAP1_LDLR,660,47.510616,3.8817828,13.38582677165354,36203.09,10.496927,660,1,0,1.0,0.0,0.0,0.0,0.0,0.5154264911862613,0.12516358063553742,-0.04184666561367203,-0.13384866138280277,-0.5335384126223119
HSPA8_LDLR,386,39.69591,3.7061276,49.34383202099738,30248.283,10.317227,386,1,4,0.0,0.0,0.0,0.0,1.0,-0.04045481795104762,-0.5096392676075131,-0.3885432306352133,0.5637642539557441,0.008940086071291995
S100A10_CFTR,455,21.130522,3.0969577,40.28871391076115,16101.457,9.686728,455,1,4,0.0,0.0,0.0,0.0,1.0,-0.12029475880952126,0.09987506492124176,0.08678642110920297,-0.23584929473773356,0.11994360529915654
HSP90AA1_CFTR,425,21.448057,3.1112041,44.22572178477691,16343.419,9.701642,425,1,4,0.0,0.0,0.0,0.0,1.0,-0.45353643490395557,-0.09133514495854149,0.22346469262254293,-0.04219986402605229,0.49115538637227457
PLAU_ITGA3,508,21.038721,3.0928009,33.333333333333336,16031.505,9.682373,508,1,1,0.0,1.0,0.0,0.0,0.0,0.029161036442213347,0.2038952289917234,-0.009483480030907737,-0.22516594516178312,-0.03737080025992832
LAMA4_ITGA3,438,41.077415,3.739511,42.51968503937008,31300.99,10.351437,438,1,3,0.0,0.0,0.0,1.0,0.0,-0.20673103825522843,-0.5831122674416925,-0.12605161367450768,0.7474354113032106,0.20428016552257935
LGALS8_ITGA3,564,34.171455,3.5602348,25.984251968503933,26038.65,10.167376,564,1,3,0.0,0.0,0.0,1.0,0.0,0.06394092186016773,-0.3667840974412541,-0.12131141823807973,0.5467691908098596,-0.06369758915300494
NID1_ITGA3,571,46.393826,3.858492,25.065616797900258,35352.094,10.473142,571,1,0,1.0,0.0,0.0,0.0,0.0,0.6092967958064684,0.1398190337308242,-0.07114483197424261,-0.04131140335327769,-0.5962634505394843
LAMC3_ITGA3,582,32.542835,3.5128233,23.62204724409449,24797.64,10.118545,582,1,0,1.0,0.0,0.0,0.0,0.0,0.19020507784754995,-0.4144524645619627,-0.09884711931581851,0.49940016743753846,-0.1583071700566469
THBS1_ITGA3,588,35.954685,3.6096923,22.83464566929134,27397.469,10.218243,588,1,0,1.0,0.0,0.0,0.0,0.0,0.24950990251654556,-0.20932279665952502,-0.16895726562784835,0.4013623259905109,-0.2712060222029864
CALR_ITGA3,518,43.166027,3.7879558,32.020997375328086,32892.51,10.401031,518,1,0,1.0,0.0,0.0,0.0,0.0,0.5115081984023397,0.5121528870346511,0.12779722185348338,-0.49573049186673135,-0.49103350746522
TIMP2_ITGA3,528,35.59413,3.5998878,30.708661417322837,27122.729,10.208164,528,1,3,0.0,0.0,0.0,1.0,0.0,-0.0646164811009276,-0.586947676565663,-0.21382141170218413,0.7254110522610328,0.03828788207052122
LAMB2_ITGA3,502,46.93755,3.869899,34.120734908136484,35766.414,10.484793,502,1,0,1.0,0.0,0.0,0.0,0.0,0.5023560552369748,0.5346293085754306,0.09124889820384584,-0.5219292125916312,-0.4837734851906186
LAMA5_ITGA3,531,39.550285,3.7025428,30.314960629921263,30137.318,10.313553,531,1,0,1.0,0.0,0.0,0.0,0.0,0.1819541840931794,0.455463929070453,-0.025088302912489216,-0.37815078311708056,-0.20394274730525014
ADAM9_ITGA3,610,35.11755,3.5867789,19.947506561679795,26759.572,10.194685,610,1,0,1.0,0.0,0.0,0.0,0.0,0.40453916821547437,-0.027505556322554147,-0.05562469433890434,0.13243927469172015,-0.3856904903288123
LAMC1_ITGA3,607,36.06475,3.6126664,20.34120734908137,27481.34,10.221299,607,1,0,1.0,0.0,0.0,0.0,0.0,0.39023875326148016,-0.1315669901077545,-0.07250030099961575,0.26568687745171926,-0.3828927342487143
LAMB3_ITGA3,413,36.60511,3.62714,45.800524934383205,27893.094,10.23617,413,1,3,0.0,0.0,0.0,1.0,0.0,-0.06508708887645366,-0.6527385111579856,-0.19314133838326047,0.8242733210880082,0.050678270500127715
COL18A1_ITGA3,572,41.947456,3.7599773,24.934383202099742,31963.963,10.3723955,572,1,0,1.0,0.0,0.0,0.0,0.0,0.5291992887053818,0.41514045949489814,0.07125321748035406,-0.40023750887282167,-0.5056812844220723
LAMB1_ITGA3,628,29.634388,3.4221232,17.58530183727034,22581.404,10.024926,628,1,0,1.0,0.0,0.0,0.0,0.0,0.42204093339446314,0.15057642703777868,-0.08935122114516961,-0.00016172252757232347,-0.4256438896813369
LAMC2_ITGA3,522,32.57561,3.5138,31.496062992125985,24822.615,10.119551,522,1,0,1.0,0.0,0.0,0.0,0.0,0.49187111535833383,0.4580307100285514,0.10547640781895905,-0.4197210839770944,-0.46854007557637317
FN1_ITGA3,508,35.77032,3.604691,33.333333333333336,27256.984,10.213101,508,1,0,1.0,0.0,0.0,0.0,0.0,0.5779618509886745,0.4777168892441597,0.08865049029375661,-0.45521495672121476,-0.5572788015552227
APP_CD74,639,60.83993,4.1245494,16.14173228346457,46360.027,10.744214,639,1,4,0.0,0.0,0.0,0.0,1.0,-0.5611898235923987,0.11457288962819738,0.10338503571316741,-0.17162776663939108,0.527984813170388
SLPI_CD4,251,8.796405,2.2820156,67.06036745406824,6702.861,8.810439,251,1,4,0.0,0.0,0.0,0.0,1.0,-0.3385746983553577,-0.05076721223518152,0.02318290473194777,-0.06251548689021649,0.3791703923383534
IL16_CD4,218,9.475089,2.349,71.39107611548556,7220.0176,8.884751,218,0,-1,0.0,0.0,0.0,0.0,0.0,0.08661325497995881,0.04070116586835112,0.027243056712048765,-0.10147092944729974,-0.0710680959589347
CALM1_SCTR,492,21.291424,3.104202,35.43307086614173,16224.065,9.694313,492,1,0,1.0,0.0,0.0,0.0,0.0,0.4273053074470284,0.1508041320682913,0.1732305712588712,-0.22893083888869634,-0.3770056719234684
CALM2_KCNQ1,286,14.249882,2.7245717,62.467191601049876,10858.41,9.292788,286,1,4,0.0,0.0,0.0,0.0,1.0,-0.1757117162505737,0.11045669824193181,-0.07969077718245367,-0.0980991826530002,0.10943293963120744
CALM1_KCNQ1,224,7.6085033,2.1527505,70.60367454068242,5797.6797,8.665385,224,1,4,0.0,0.0,0.0,0.0,1.0,-0.13614421932335952,-0.033590806511387156,0.04037617764345245,0.05266596051512952,0.1078462648141112
CALM3_KCNQ1,262,15.602225,2.8095367,65.61679790026247,11888.8955,9.383444,262,1,4,0.0,0.0,0.0,0.0,1.0,-0.1051534097449568,0.11900583776196283,-0.08249711722498101,-0.13286486813064277,0.05019550684178169
LTB_TNFRSF1A,629,37.693928,3.6556828,17.454068241469813,28722.773,10.26548,629,1,4,0.0,0.0,0.0,0.0,1.0,-0.2264822464201747,-0.12134295083788096,0.17528420750674703,0.01681013084298532,0.23237848425711966
LAMC3_ITGB4,641,46.458458,3.8598547,15.879265091863514,35401.344,10.474533,641,1,0,1.0,0.0,0.0,0.0,0.0,0.2596085541497557,-0.39464213101997053,-0.13012717158407575,0.4293451584536522,-0.2512698615621908
LAMB2_ITGB4,577,65.69379,4.200112,24.27821522309711,50058.664,10.820971,577,1,0,1.0,0.0,0.0,0.0,0.0,0.546054184855217,0.5881946702199052,0.06009456287755725,-0.6407526683657289,-0.5888075112422918
LAMA5_ITGB4,596,50.694496,3.9453514,21.78477690288714,38629.207,10.5617895,596,1,1,0.0,1.0,0.0,0.0,0.0,0.21072835826913994,0.5411902559385104,-0.13759692421209957,-0.4823262169667611,-0.32723012874479535
LAMC1_ITGB4,680,50.647724,3.944446,10.76115485564304,38593.566,10.560866,680,1,0,1.0,0.0,0.0,0.0,0.0,0.4453172020116508,-0.11749330682292196,-0.1552418308613437,0.23476593145413957,-0.5120447188317235
LAMB3_ITGB4,466,54.631634,4.018752,38.84514435695539,41629.305,10.636583,466,1,3,0.0,0.0,0.0,1.0,0.0,-0.0325916704552951,-0.652354026021837,-0.2184479598200557,0.7969087838865085,0.01196393396706811
LAMB1_ITGB4,710,44.486412,3.8174136,6.824146981627299,33898.645,10.43116,710,1,0,1.0,0.0,0.0,0.0,0.0,0.4891163790122491,0.1307026056853134,-0.1761782088733397,-0.03701918610467573,-0.556188649080583
LAMC2_ITGB4,601,43.78516,3.8018768,21.128608923884517,33364.293,10.415272,601,1,0,1.0,0.0,0.0,0.0,0.0,0.5394878493480073,0.5043758918777284,0.02946738734369266,-0.535225371801927,-0.5815348597766747
HBEGF_CD82,503,22.267561,3.1470602,33.98950131233596,16967.88,9.739137,503,1,0,1.0,0.0,0.0,0.0,0.0,0.32310322087709425,0.003391802928392726,-0.026920079776599364,-0.037453295685552605,-0.30345980979323245
LTB_LTBR,547,22.680344,3.1646454,28.21522309711286,17282.422,9.7575035,547,0,-1,0.0,0.0,0.0,0.0,0.0,-0.18076510945852697,-0.047662810386882956,0.1719284037193643,0.007576176977613169,0.20640961447974546
CD55_ADGRE5,463,20.77744,3.0808744,39.23884514435696,15832.408,9.669877,463,1,4,0.0,0.0,0.0,0.0,1.0,-0.23032951427756554,-0.3536496616889656,-0.11397442376627008,0.28190641250895854,0.2587401054440881
AGRN_LRP1,479,25.367733,3.272141,37.13910761154856,19330.213,9.869476,479,1,4,0.0,0.0,0.0,0.0,1.0,0.01644398933164567,-0.03905249135017256,-0.11278080538125616,-0.11423213530172315,-0.07215010067553448
GPC3_LRP1,425,33.395416,3.5379233,44.22572178477691,25447.307,10.144404,425,1,4,0.0,0.0,0.0,0.0,1.0,0.027009792025307164,-0.43171042586496383,-0.057067407600044626,0.3445781698914565,-0.015615286037767935
PDGFB_LRP1,480,21.681583,3.1215534,37.00787401574803,16521.367,9.71247,480,1,4,0.0,0.0,0.0,0.0,1.0,0.029410790718974,-0.02886073577212433,-0.12002208217310627,-0.10028078326252907,-0.09911924295711214
A2M_LRP1,329,22.789673,3.1692517,56.8241469816273,17365.73,9.762312,329,1,4,0.0,0.0,0.0,0.0,1.0,-0.5012902214654069,-0.30190265746614753,0.020354144762972703,0.14178982521310823,0.5929359446891247
SERPINA1_LRP1,458,22.000334,3.1355088,39.89501312335958,16764.254,9.727064,458,1,4,0.0,0.0,0.0,0.0,1.0,-0.299056513247034,-0.20702346125649604,-0.10781811372567153,-0.013363943791168967,0.3029970158183798
HSPG2_LRP1,444,18.470318,2.9688911,41.73228346456693,14074.383,9.552183,444,1,4,0.0,0.0,0.0,0.0,1.0,-0.5233587531977074,-0.21765072966069193,-0.07566535260422078,0.02393076153253676,0.530410737344508
APOE_LRP1,458,25.929634,3.2932272,39.89501312335958,19758.38,9.891384,458,1,4,0.0,0.0,0.0,0.0,1.0,-0.24880417665373408,-0.0008146395502914165,0.0028869750291165746,-0.2657042830667262,0.24996632364059376
HSP90B1_LRP1,505,18.528759,2.9718883,33.72703412073491,14118.915,9.555342,505,0,-1,0.0,0.0,0.0,0.0,0.0,-0.08485756173446615,-0.11704552291085588,-0.1406675250211984,-0.013119926825303519,0.028280986073888546
MDK_LRP1,442,18.661064,2.9786403,41.99475065616798,14219.731,9.562456,442,1,4,0.0,0.0,0.0,0.0,1.0,-0.40825081885424014,-0.35672830258190436,-0.04396207744717291,0.20683853083822643,0.4590227424348414
PLAU_LRP1,408,16.566483,2.8659928,46.45669291338582,12623.659,9.443407,408,1,4,0.0,0.0,0.0,0.0,1.0,-0.36534408285204506,-0.00854368133422272,-0.13683141754561864,-0.20034319644120985,0.35903814338460716
LRPAP1_LRP1,490,23.239206,3.1879714,35.69553805774278,17708.275,9.781844,490,1,4,0.0,0.0,0.0,0.0,1.0,0.009411834069877273,-0.16029780501880242,-0.10556706443378025,0.009098468291164752,-0.04334346918119419
C3_LRP1,494,18.142248,2.9518979,35.17060367454068,13824.394,9.534263,494,0,-1,0.0,0.0,0.0,0.0,0.0,-0.03714118448461247,-0.12207582329363667,-0.11632414140921139,-0.05260236602441051,0.02304047663820262
THBS1_LRP1,482,21.551256,3.1157908,36.74540682414699,16422.057,9.706442,482,1,4,0.0,0.0,0.0,0.0,1.0,-0.2032194673183641,-0.3271658355953354,-0.1439977312931794,0.24371362935564958,0.15495312863569521
HSP90AA1_LRP1,455,17.59538,2.9229133,40.28871391076115,13407.681,9.503657,455,1,4,0.0,0.0,0.0,0.0,1.0,-0.5587235742874037,-0.30225515255058305,0.10185768084232685,0.11850286649389277,0.6048891846430332
CALR_LRP1,419,27.480354,3.3492146,45.01312335958006,20940.03,9.949466,419,1,4,0.0,0.0,0.0,0.0,1.0,-0.047959574750816705,0.14244449245155186,-0.038798121891852805,-0.35924614022607404,0.02151658945377205
C1QB_LRP1,456,20.748604,3.0795496,40.15748031496062,15810.436,9.6684885,456,1,4,0.0,0.0,0.0,0.0,1.0,0.026794252208508312,-0.0967702896982194,-0.20230559639921372,-0.014273344203497027,-0.0785005061117678
VWF_LRP1,504,23.22057,3.1872022,33.85826771653543,17694.074,9.781041,504,1,4,0.0,0.0,0.0,0.0,1.0,-0.1452152279682559,-0.07978552274035242,-0.16168601088745943,-0.11637244225253715,0.12707541468135874
APP_LRP1,435,16.243631,2.8474429,42.91338582677165,12377.646,9.423728,435,1,4,0.0,0.0,0.0,0.0,1.0,-0.5727251038357302,-0.2180799017782981,0.029161924581317042,0.02315465778569439,0.6188143262027611
PSAP_LRP1,525,22.671034,3.164252,31.10236220472441,17275.328,9.757092,525,1,4,0.0,0.0,0.0,0.0,1.0,-0.17826260820803633,-0.1470445614841645,-0.10796408433210648,-0.022214272018541713,0.15928893970268732
COL4A2_CD93,363,15.055228,2.7760346,52.362204724409445,11472.084,9.347759,363,1,0,1.0,0.0,0.0,0.0,0.0,0.34317183538867746,0.18590433052307045,-0.07914351067483043,-0.2212552628364577,-0.2911884518788702
COL1A2_CD93,287,11.958825,2.561777,62.33595800524934,9112.625,9.117526,287,1,0,1.0,0.0,0.0,0.0,0.0,0.01187077407622407,-0.3296918395153563,-0.15687355844302928,0.2634402887477295,0.06352806263186442
COL4A1_CD93,385,14.511045,2.7415524,49.4750656167979,11057.417,9.310947,385,1,4,0.0,0.0,0.0,0.0,1.0,-0.182402773281697,-0.07561128161419328,0.15241080451339253,-0.052428490336892765,0.2798961640698064
C1QA_CD93,353,15.735306,2.8175206,53.67454068241471,11990.303,9.391937,353,1,4,0.0,0.0,0.0,0.0,1.0,-0.18475274207676268,-0.007804212187597932,0.12636768577166335,-0.09084884927351593,0.2687246275151229
HLA-B_CANX,335,13.671883,2.6859329,56.03674540682415,10417.975,9.251384,335,1,2,0.0,0.0,1.0,0.0,0.0,0.3033657469307093,-0.0353098323742229,0.47482519442895477,-0.005067559584008916,-0.24317187389453604
GSTP1_TRAF2,127,5.537741,1.8775917,83.33333333333334,4219.759,8.347771,127,0,-1,0.0,0.0,0.0,0.0,0.0,0.17545128029600368,0.2472379163022276,0.20304900544007212,-0.20886329430317932,-0.20762870688332366
S100A9_CD68,573,32.44707,3.5099642,24.803149606299215,24724.668,10.115597,573,0,-1,0.0,0.0,0.0,0.0,0.0,0.2123189131823723,0.2058915811804652,-0.10678881466874562,-0.2069454057216372,-0.3063305840609995
AFDN_NECTIN2,671,40.581734,3.727661,11.942257217847773,30923.281,10.339297,671,1,1,0.0,1.0,0.0,0.0,0.0,0.35732292073494315,0.3858844947410785,-0.03220620196671871,-0.2777713651347143,-0.4373476417744255
LRPAP1_SORT1,204,7.0349927,2.083806,73.22834645669292,5360.6646,8.587029,204,0,-1,0.0,0.0,0.0,0.0,0.0,0.05848435344970552,-0.11250974451500252,-0.17804063473499124,0.0842492567828641,-0.05920120023325316
PSAP_SORT1,229,6.1981397,1.9738226,69.94750656167979,4722.9824,8.460407,229,0,-1,0.0,0.0,0.0,0.0,0.0,-0.06077996478984014,-0.18001034652733822,-0.12946848132130157,0.1289666577894406,0.08177069086789268
PSEN1_NOTCH2,263,7.24287,2.1093485,65.48556430446195,5519.067,8.616145,263,1,4,0.0,0.0,0.0,0.0,1.0,-0.4211030163358497,-0.2731913431511006,-0.003347388993539187,0.2602486023030491,0.42087183942377415
ADAM10_NOTCH2,276,7.568581,2.148102,63.77952755905512,5767.259,8.660126,276,1,4,0.0,0.0,0.0,0.0,1.0,-0.2523919367482955,-0.09186524043352533,-0.05543311306832565,0.04888471411955477,0.18510748594184212
APP_NOTCH2,246,6.708435,2.0423152,67.71653543307087,5111.8276,8.539508,246,1,4,0.0,0.0,0.0,0.0,1.0,-0.5295857739474702,-0.10070918781234435,0.030332585953592277,0.054349384252546123,0.4905684035377181
JAG2_NOTCH2,238,11.359571,2.5144308,68.76640419947506,8655.993,9.066123,238,1,4,0.0,0.0,0.0,0.0,1.0,-0.20218659936680525,0.15314136660078334,-0.06305339106126215,-0.13710980915814325,0.0842935973953195
PDGFB_PDGFRA,188,6.299358,1.9877864,75.32808398950131,4800.111,8.476603,188,1,4,0.0,0.0,0.0,0.0,1.0,-0.10691343359339213,-0.002572977746149346,0.022376909783796993,0.07102289669341963,0.05550545531368477
CD14_RIPK1,200,5.681203,1.8992981,73.75328083989501,4329.0767,8.373341,200,0,-1,0.0,0.0,0.0,0.0,0.0,-0.09139661007793852,-0.13222791937133416,0.07174469413435211,0.017365756641340623,0.1263294595357273
CALR_HLA-F,362,26.583029,3.3172007,52.493438320209975,20256.268,9.916269,362,1,4,0.0,0.0,0.0,0.0,1.0,-0.09613196700645259,0.3470127995317713,-0.09654546028846665,-0.3142239834999347,-0.048454728804961045
B2M_HLA-F,415,15.394368,2.796938,45.53805774278216,11730.509,9.370033,415,1,4,0.0,0.0,0.0,0.0,1.0,-0.23092704294322824,0.1812727960500546,-0.22651088254364413,-0.09797548975974722,0.07400766791127546
PLAU_ITGAV,283,8.901707,2.2927072,62.86089238845145,6783.1006,8.822337,283,1,4,0.0,0.0,0.0,0.0,1.0,-0.3865831050218722,0.2097270136381742,0.029654351738498425,-0.1611013376898746,0.3433238338294422
SPP1_ITGAV,243,12.440475,2.5982707,68.11023622047244,9479.643,9.157007,243,1,4,0.0,0.0,0.0,0.0,1.0,-0.6018895434484366,-0.2401687277341454,0.21437145880516367,0.13731056536331457,0.6477043358432825
NID1_ITGAV,286,11.844374,2.5529058,62.467191601049876,9025.413,9.10791,286,1,4,0.0,0.0,0.0,0.0,1.0,-0.06756323522358167,0.23914613213290992,-0.06725180514410398,-0.030479617368139894,-0.013271742839045104
PDGFB_ITGAV,309,10.7441435,2.4633546,59.4488188976378,8187.0376,9.010429,309,1,1,0.0,1.0,0.0,0.0,0.0,-0.1277420081852525,0.28351164827312275,0.00375820721988592,-0.09725639240289972,0.04211816171649944
CALR_ITGAV,276,15.34872,2.7941496,63.77952755905512,11695.725,9.367064,276,1,1,0.0,1.0,0.0,0.0,0.0,-0.15951451575655,0.4320322354953989,0.03448169390464712,-0.2727559846817004,0.06800965098875236
FGG_ITGAV,346,10.90407,2.4768803,54.59317585301837,8308.901,9.025203,346,1,4,0.0,0.0,0.0,0.0,1.0,-0.24767644148582785,0.21398353114586888,-0.0005495633358040662,-0.060411565457645915,0.1790309391588208
FGA_ITGAV,314,10.515686,2.44371,58.79265091863517,8012.9526,8.988939,314,1,1,0.0,1.0,0.0,0.0,0.0,-0.15067082439865123,0.2665618626612995,0.017341408631227528,-0.08759169086092619,0.06981832313379288
MFGE8_ITGAV,295,7.468687,2.1363754,61.28608923884514,5691.1396,8.646841,295,0,-1,0.0,0.0,0.0,0.0,0.0,-0.11812408959235458,0.17001425705840903,-0.031416128208682746,0.052080165406514854,0.028693117266947305
FGB_ITGAV,333,9.621635,2.362893,56.2992125984252,7331.686,8.900097,333,1,4,0.0,0.0,0.0,0.0,1.0,-0.30722483164548153,-0.023926266505685717,0.04246182683852258,0.055295085500566506,0.32787410930123523
FBN1_ITGAV,344,9.479625,2.349433,54.85564304461943,7223.474,8.88523,344,1,4,0.0,0.0,0.0,0.0,1.0,-0.2977676527302781,0.13751582984608987,0.032209499219271145,-0.026995385004222067,0.24189494853952032
AZGP1_ITGAV,351,11.658952,2.5383646,53.93700787401574,8884.121,9.0921335,351,1,4,0.0,0.0,0.0,0.0,1.0,-0.29783191812860166,0.21344596153267778,0.061517963045036005,-0.06707656640727008,0.22310123776816276
ADAM9_ITGAV,332,10.487002,2.4412162,56.43044619422572,7991.0957,8.986208,332,1,4,0.0,0.0,0.0,0.0,1.0,-0.26558889358596965,0.10244841402033447,-0.036982419145246206,0.03962614192028844,0.21223220840759274
VEGFA_ITGAV,328,10.159768,2.4123151,56.95538057742782,7741.7437,8.954512,328,1,4,0.0,0.0,0.0,0.0,1.0,-0.20161762154728344,0.18041146867112573,-0.055110277598272826,0.005923601059355604,0.11671067426092276
ADAM15_ITGAV,273,12.969144,2.6368508,64.1732283464567,9882.487,9.198621,273,0,-1,0.0,0.0,0.0,0.0,0.0,-0.03237186096991084,0.30433312956801695,-0.013442166374890093,-0.09181137872050309,-0.04531498358157414
COL1A2_ITGAV,250,10.497196,2.4421031,67.19160104986877,7998.8633,8.98718,250,1,4,0.0,0.0,0.0,0.0,1.0,-0.2014274008684431,-0.3495755948621355,-0.14283367447907513,0.4112839175414965,0.19620869364778562
COL4A1_ITGAV,321,11.220318,2.5031,57.8740157480315,8549.882,9.05379,321,1,4,0.0,0.0,0.0,0.0,1.0,-0.5462199081634841,-0.12383456357943674,0.12776510676833758,0.10733939153152092,0.5577131009665044
FN1_ITGAV,247,10.396815,2.4333339,67.58530183727034,7922.373,8.977572,247,1,1,0.0,1.0,0.0,0.0,0.0,-0.1058459928113741,0.45529744350231305,0.009350390275939478,-0.253579742371248,0.000755886225148215
SAA1_SCARB1,327,17.251337,2.9042382,57.08661417322835,13145.52,9.483912,327,1,0,1.0,0.0,0.0,0.0,0.0,0.3732542223038069,0.15785145125993807,0.09923430499842618,-0.1120754034584574,-0.35380522380440654
PDGFB_PDGFRB,421,19.002323,2.9958484,44.750656167978995,14479.7705,9.580577,421,0,-1,0.0,0.0,0.0,0.0,0.0,-0.030460166154962685,0.0789103847085813,0.1607447853946962,0.026228450720938167,-0.01695616673830787
MFGE8_PDGFRB,391,13.561864,2.678406,48.68766404199475,10334.141,9.243305,391,1,1,0.0,1.0,0.0,0.0,0.0,0.03820044048961198,-0.048472460346023774,0.1682426861646938,0.2296036078817323,-0.06545792357052856
CALM1_KCNN4,457,22.513226,3.157563,40.026246719160106,17155.078,9.750108,457,1,0,1.0,0.0,0.0,0.0,0.0,0.2577199230245757,-0.1996945206463133,0.015048483685035042,0.2513855154812695,-0.2549009091143337
PSEN1_NOTCH3,536,31.946556,3.4948866,29.65879265091863,24343.275,10.100052,536,1,4,0.0,0.0,0.0,0.0,1.0,-0.027605221591259263,-0.34552272846626036,-0.0971797451633853,0.37515664169750174,0.06734569461582024
THBS2_NOTCH3,558,26.634222,3.3190548,26.77165354330708,20295.277,9.918193,558,0,-1,0.0,0.0,0.0,0.0,0.0,-0.07544406984885876,-0.06846122204662107,0.039409400485024074,0.07922693831676458,0.06545371719086178
SCGB3A1_NOTCH3,512,33.53158,3.5418744,32.808398950131235,25551.066,10.148474,512,1,1,0.0,1.0,0.0,0.0,0.0,0.29102900290865474,0.6039508474139206,0.020237407042896168,-0.5432552952122316,-0.37615418860157
JAG2_NOTCH3,551,42.417973,3.7708735,27.69028871391076,32322.496,10.38355,551,1,0,1.0,0.0,0.0,0.0,0.0,0.42426566764131424,0.44777476957259355,-0.00012466210549545126,-0.441885991124807,-0.48934032947613665
APP_APLP2,409,16.179884,2.8437393,46.325459317585306,12329.071,9.419796,409,1,4,0.0,0.0,0.0,0.0,1.0,-0.4682169702719831,-0.12953062349755617,0.14485979172300653,0.15752217444206487,0.4352512655677736
HLA-A_APLP2,445,19.911678,3.0403078,41.6010498687664,15172.699,9.627319,445,0,-1,0.0,0.0,0.0,0.0,0.0,0.07174269893890299,0.10176581572870994,-0.08559178191475306,0.033469857130263736,-0.1875488623971082
GPC3_CD81,612,85.71498,4.4626265,19.685039370078737,65314.816,11.086989,612,1,0,1.0,0.0,0.0,0.0,0.0,0.49695166908302063,-0.0988204499985078,0.13531698628079347,0.04404180056331793,-0.432105446830431
CD99_CD81,557,80.36925,4.3989973,26.902887139107612,61241.367,11.022594,557,1,0,1.0,0.0,0.0,0.0,0.0,0.6718603675326908,0.19639978801819652,0.11041400232024891,-0.19415814714817964,-0.6553188862546677
AFDN_NECTIN1,264,10.759479,2.4646597,65.35433070866141,8198.723,9.011856,264,1,1,0.0,1.0,0.0,0.0,0.0,0.06684413217844272,0.19972561813203418,-0.10159614324411081,-0.0060952677719814784,-0.16906028164157788
BMP2_GPC1,535,36.023045,3.6115406,29.790026246719158,27449.559,10.220141,535,1,0,1.0,0.0,0.0,0.0,0.0,0.4628380134102666,0.1932159306615523,0.0121337931378597,-0.21131085056722987,-0.44395840955828964
APP_GPC1,447,16.171165,2.8432317,41.338582677165356,12322.429,9.419257,447,1,4,0.0,0.0,0.0,0.0,1.0,-0.3282282237514835,-0.09399463991133532,0.1307832697383451,0.0697472061291698,0.35608222583108573
COL18A1_GPC1,499,29.16948,3.4068308,34.51443569553806,22227.143,10.009114,499,1,0,1.0,0.0,0.0,0.0,0.0,0.39018682516819475,0.2641904655994431,0.06505805251575743,-0.33096498784268574,-0.35218212233513624
VEGFA_GPC1,536,25.061314,3.260452,29.65879265091863,19096.72,9.857325,536,1,0,1.0,0.0,0.0,0.0,0.0,0.3610264044086652,0.030750137389465033,-0.03248055130895481,-0.004012827005534294,-0.34597725055399137
NLGN2_NRXN2,212,9.369823,2.3389,72.17847769028872,7139.805,8.873581,212,1,1,0.0,1.0,0.0,0.0,0.0,-0.10671286354374157,0.27128302990780806,0.07863462769128379,-0.1326782214181514,0.07169903748380503
AFDN_NRXN2,180,7.639153,2.1563046,76.37795275590551,5821.0347,8.669405,180,1,1,0.0,1.0,0.0,0.0,0.0,-0.0016043461462637546,0.3595953349555617,0.11482749458113752,-0.16657529363861978,-0.0735092547701816
GPC3_IGF1R,166,10.502065,2.4425266,78.21522309711287,8002.573,8.987643,166,1,4,0.0,0.0,0.0,0.0,1.0,-0.06672202061967472,-0.30968099011417294,-0.00993955005622009,0.23165067978988815,0.07264652231266296
INS_IGF1R,143,5.6186857,1.8898969,81.23359580052494,4281.4385,8.362278,143,1,4,0.0,0.0,0.0,0.0,1.0,-0.3376864750165066,-0.2011283531100871,0.2016909077838909,0.09157476799706561,0.380437423209416
GNAI2_IGF1R,108,5.3501763,1.8484826,85.8267716535433,4076.8345,8.313321,108,1,4,0.0,0.0,0.0,0.0,1.0,-0.4547213845100848,-0.22057354110625393,0.17144511119308734,0.12834628142319152,0.4963010044036059
S100A4_ERBB2,453,30.996622,3.4656303,40.5511811023622,23619.426,10.069867,453,1,4,0.0,0.0,0.0,0.0,1.0,-0.42126125482834936,-0.4816664889963372,-0.10219774557801621,0.4190879123108196,0.39568676598027863
SEMA4D_ERBB2,386,21.946932,3.1331842,49.34383202099738,16723.562,9.724634,386,1,4,0.0,0.0,0.0,0.0,1.0,-0.3330406702469718,0.17802015817707328,-0.0917650999144358,-0.25643135592511834,0.2610284373669141
HLA-A_ERBB2,532,28.636837,3.389018,30.183727034120732,21821.27,9.990686,532,1,0,1.0,0.0,0.0,0.0,0.0,0.2795882928154599,0.16581159642549223,-0.10559400088498684,-0.17054552562136202,-0.33491744434365534
HSP90B1_ERBB2,570,24.8301,3.2515404,25.196850393700785,18920.535,9.848056,570,0,-1,0.0,0.0,0.0,0.0,0.0,0.20521883948526018,0.12267993160693358,-0.08204895574501622,-0.05375555271835809,-0.28605272332902887
HSP90AA1_ERBB2,503,20.131401,3.0507603,33.98950131233596,15340.128,9.638292,503,1,4,0.0,0.0,0.0,0.0,1.0,-0.28276063718055383,-0.1410414288746685,0.07305779886979386,0.06978705964660202,0.2895262754340318
PSEN1_NOTCH1,179,6.5835085,2.025976,76.50918635170603,5016.6333,8.520714,179,1,4,0.0,0.0,0.0,0.0,1.0,-0.15175585745171913,-0.3439321295941144,-0.02923867947779739,0.36450560363512,0.18068078337007912
MFAP2_NOTCH1,144,11.717511,2.54298,81.10236220472441,8928.743,9.097143,144,1,4,0.0,0.0,0.0,0.0,1.0,-0.22847759578085436,-0.29539039788129995,-0.014514435175033723,0.17234776877622474,0.27198505288759595
JAG2_NOTCH1,129,5.76882,1.9123267,83.07086614173228,4395.841,8.388641,129,0,-1,0.0,0.0,0.0,0.0,0.0,-0.061760060575183406,-0.06497357324198683,0.047818238557188836,0.04246035622447121,0.04869486127564796
PLAU_ST14,557,27.93644,3.3651016,26.902887139107612,21287.566,9.965925,557,1,4,0.0,0.0,0.0,0.0,1.0,-0.19251321742903899,0.16208915994140938,-0.07896943092454163,-0.2564371681310562,0.13424514283799677
SPINT1_ST14,567,35.196583,3.5889647,25.590551181102363,26819.797,10.196933,567,1,3,0.0,0.0,0.0,1.0,0.0,-0.283752373374855,-0.3793268425293306,0.029827303385250917,0.41003366108830813,0.2867135422111209
GNAI2_ADRA2A,197,14.478904,2.739478,74.14698162729658,11032.925,9.30873,197,1,4,0.0,0.0,0.0,0.0,1.0,-0.5035499653399625,-0.09111028287046942,0.15052362263104177,0.001130061003432082,0.5764355426443607
AGT_ADRA2A,171,3.3527663,1.4708116,77.55905511811024,2554.8079,7.8461237,171,1,0,1.0,0.0,0.0,0.0,0.0,-0.1451131757834785,0.0031947367150843933,-0.000739323874421564,-0.04597508689821645,0.2132158407859655
SAA1_ADRA2A,135,4.2543783,1.6590617,82.28346456692913,3241.8364,8.084204,135,0,-1,0.0,0.0,0.0,0.0,0.0,0.1338917802048861,0.10473865344147551,-0.03789491058596585,-0.07018337584232563,-0.09692735602362124
CXCL2_ADRA2A,180,4.8545966,1.7672272,76.37795275590551,3699.2026,8.216143,180,0,-1,0.0,0.0,0.0,0.0,0.0,-0.010653888990108643,0.06762154421622045,-0.028415672743326452,-0.07553370173881829,0.0661159044430508
APP_ADRA2A,200,7.076332,2.0889378,73.75328083989501,5392.165,8.592888,200,1,4,0.0,0.0,0.0,0.0,1.0,-0.4448167854517959,-0.10077261604655888,0.12783775618168897,0.010593080983191365,0.5229234191798192
CXCL1_ADRA2A,209,11.444311,2.5212636,72.57217847769029,8720.565,9.073554,209,1,4,0.0,0.0,0.0,0.0,1.0,-0.42043072563306005,0.002807277968504053,0.1128536273981319,-0.0657461482081412,0.47291990240746956
PPY_ADRA2A,223,8.742899,2.2765386,70.73490813648293,6662.089,8.804338,223,1,4,0.0,0.0,0.0,0.0,1.0,-0.3747560811089964,-0.042349394737559304,0.050159579118777796,-0.03176987971459717,0.45802018541476786
CXCL16_ADRA2A,180,5.8779497,1.9283206,76.37795275590551,4478.9976,8.407378,180,1,0,1.0,0.0,0.0,0.0,0.0,0.06756831020499701,0.15270317238086198,-0.09400697900468448,-0.12391173117093827,-0.02679724966077333
ANXA1_ADRA2A,233,7.9014435,2.1862135,69.4225721784777,6020.9,8.703158,233,1,1,0.0,1.0,0.0,0.0,0.0,-0.18823945531811334,0.06421804356391682,0.027197932444840128,-0.09278536115796733,0.25475923877012563
COL6A1_ITGA1,184,11.9981365,2.564806,75.85301837270342,9142.58,9.120808,184,1,3,0.0,0.0,0.0,1.0,0.0,-0.3254187283379296,-0.38453597260938527,-0.14026217016644557,0.5655842483904953,0.29366093859049885
COL5A1_ITGA1,147,6.5372233,2.0198538,80.70866141732283,4981.3643,8.5136595,147,1,4,0.0,0.0,0.0,0.0,1.0,-0.37292433053915097,-0.08425453994516911,-0.05749313626470082,-0.015203309096420084,0.3837659492197302
COL6A2_ITGA1,219,7.7877407,2.1733577,71.25984251968505,5934.2583,8.688665,219,1,4,0.0,0.0,0.0,0.0,1.0,-0.35624460117515727,-0.2000645060762308,0.07148448019713606,0.05997249475423963,0.411201725824642
COL6A3_ITGA1,260,10.458308,2.438715,65.87926509186352,7969.231,8.983469,260,0,-1,0.0,0.0,0.0,0.0,0.0,-0.12839899052550416,0.05319239730443798,0.02850279368467574,-0.13966526669336948,0.12584110993270542
COL5A2_ITGA1,237,8.055636,2.2033873,68.89763779527559,6138.395,8.722482,237,1,4,0.0,0.0,0.0,0.0,1.0,-0.26074190260029195,-0.14731221317630314,-0.054198336042315234,0.17368555353099493,0.23326912137703143
COL1A2_ITGA1,231,10.329632,2.4274216,69.68503937007874,7871.179,8.97109,231,1,4,0.0,0.0,0.0,0.0,1.0,-0.13331196237424392,-0.38369965234946524,-0.12049246082242446,0.4809394806381337,0.13972018081667795
COL4A1_ITGA1,265,7.9719706,2.1941054,65.2230971128609,6074.6416,8.712043,265,0,-1,0.0,0.0,0.0,0.0,0.0,-0.30290941201100613,-0.16295078211234193,0.06289077650178755,0.08443359312298623,0.32622918048031363
FBN1_ITGB6,319,9.254138,2.3276813,58.136482939632536,7051.6533,8.861159,319,0,-1,0.0,0.0,0.0,0.0,0.0,0.049030030534716496,-0.1939068408718703,0.031873112002211136,0.10499596552891106,-0.023824210529912238
FN1_ITGB6,239,10.981427,2.4833577,68.63517060367454,8367.848,9.032271,239,0,-1,0.0,0.0,0.0,0.0,0.0,0.13968539538945887,-0.003247611861574991,0.052408273424063984,-0.12295236664703105,-0.13005365817014203
CSF1_CSF1R,224,12.627208,2.6120684,70.60367454068242,9621.933,9.171905,224,1,4,0.0,0.0,0.0,0.0,1.0,-0.4575793752137609,-0.25053069641011894,0.08191815248211975,0.11004249434417625,0.532734769339474
GNAS_PTGIR,236,8.237674,2.2232902,69.02887139107612,6277.1074,8.744823,236,1,4,0.0,0.0,0.0,0.0,1.0,0.013991227951304112,-0.05577300338334519,0.05562894788874444,-0.030383932202426328,0.01260349933445813
FGF19_FGFR4,325,15.044769,2.775383,57.34908136482939,11464.114,9.347064,325,1,0,1.0,0.0,0.0,0.0,0.0,0.3515442054876332,0.2595881077857782,-0.03343888317418351,-0.18623196909372794,-0.3791063207055567
PLAU_ITGA5,433,15.339255,2.7935705,43.1758530183727,11688.513,9.366447,433,0,-1,0.0,0.0,0.0,0.0,0.0,-0.058162179430434294,0.14909327685224913,-0.1286233466308716,-0.21962317454610567,0.046172319302932426
SPP1_ITGA5,311,16.675272,2.8721666,59.186351706036746,12706.558,9.449952,311,1,4,0.0,0.0,0.0,0.0,1.0,-0.5424071533479301,-0.2986213816931023,0.09851496000042977,0.22450199957763564,0.5750416320376853
FGG_ITGA5,556,25.88698,3.2916422,27.03412073490814,19725.879,9.889737,556,1,0,1.0,0.0,0.0,0.0,0.0,0.3150258407101562,0.023443779051924213,-0.1862530897485852,-0.006809858868317446,-0.3039276946097051
FGA_ITGA5,529,25.247637,3.267576,30.577427821522306,19238.7,9.864731,529,0,-1,0.0,0.0,0.0,0.0,0.0,0.3627664540988739,0.04335627453889231,-0.08421591589096762,-0.0417927730311346,-0.35108847374380414
FGB_ITGA5,545,23.736475,3.208279,28.47769028871391,18087.193,9.803015,545,1,0,1.0,0.0,0.0,0.0,0.0,0.2910451524421934,-0.15518370364165046,-0.15433536110386864,0.10770894058928875,-0.21045493312902924
FBN1_ITGA5,548,22.553452,3.1592724,28.083989501312335,17185.73,9.751893,548,1,0,1.0,0.0,0.0,0.0,0.0,0.27469784372672873,-0.019664666474333656,-0.1295872801905104,0.020757424976677215,-0.2600428008426496
COL18A1_ITGA5,504,31.45363,3.4798124,33.85826771653543,23967.666,10.084503,504,0,-1,0.0,0.0,0.0,0.0,0.0,0.4027262279352831,0.26210469058620384,-0.0929189152469006,-0.32391807684668844,-0.38464557275261646
ADAM15_ITGA5,491,43.523838,3.7960248,35.56430446194226,33165.164,10.409286,491,1,0,1.0,0.0,0.0,0.0,0.0,0.5190603653881464,0.08922349694006045,-0.11503051712676368,-0.09333267887174823,-0.4935772375092158
FN1_ITGA5,431,26.52188,3.3149812,43.43832020997376,20209.672,9.913966,431,1,0,1.0,0.0,0.0,0.0,0.0,0.46343156863537505,0.3079269737662653,-0.048335273487430885,-0.36491406538701526,-0.44638600189484207
WNT7B_LRP5,353,19.055851,2.9985209,53.67454068241471,14520.559,9.583389,353,1,4,0.0,0.0,0.0,0.0,1.0,-0.3437580420365603,-0.28457360591427666,-0.1940009177854995,0.36578693788431693,0.30504033241774625
DKK1_LRP5,278,14.452729,2.7377856,63.51706036745407,11012.9795,9.306921,278,1,4,0.0,0.0,0.0,0.0,1.0,0.1985679315724132,-0.1856193871087788,-0.017848053619910997,0.12271131253292758,-0.1725423597660639
PSEN1_NCSTN,311,10.884384,2.4752252,59.186351706036746,8293.9,9.0233965,311,1,4,0.0,0.0,0.0,0.0,1.0,-0.37998288690382903,-0.24653782810382682,-0.021112274374689276,0.2621827530221775,0.3969605947767974
FN1_IL17RC,304,16.993513,2.8900113,60.10498687664042,12949.057,9.468856,304,0,-1,0.0,0.0,0.0,0.0,0.0,0.27976991631196235,0.12724647844192424,0.039527257341054584,-0.23930567161831717,-0.27155871944130583
PLAU_ITGB5,342,14.133599,2.7169175,55.118110236220474,10769.803,9.284595,342,1,4,0.0,5.57208915931231e-269,0.0,0.0,1.0,-0.17216524652194,0.06612269055300588,0.059642751051651954,-0.12689366981215203,0.20925519104954535
SPP1_ITGB5,262,17.746037,2.9309824,65.61679790026247,13522.48,9.512183,262,1,4,0.0,0.0,0.0,0.0,1.0,-0.592154833202706,-0.298158380015119,0.20043225706869655,0.21126760263980096,0.646909728693292
TLN1_ITGB5,285,26.951096,3.3304565,62.59842519685039,20536.734,9.930019,285,1,4,0.0,0.0,0.0,0.0,1.0,-0.3076595467843942,-0.47461176578107633,-0.07228479391875378,0.439097106184788,0.33702497413555865
COL4A2_ITGB5,354,18.27274,2.9586916,53.54330708661416,13923.828,9.541429,354,1,0,1.0,0.0,0.0,0.0,0.0,0.24702803518592184,-0.13628173105416352,-0.05259026257347027,0.12175193354494496,-0.21297643930956253
ADAM9_ITGB5,411,20.459675,3.0661755,46.062992125984245,15590.272,9.654467,411,1,0,1.0,0.0,0.0,0.0,0.0,0.12558741692756056,-0.17641073781844827,-0.05302388804460826,0.20825601762293786,-0.09797946750761954
COL18A1_ITGB5,372,21.740242,3.1241362,51.181102362204726,16566.064,9.715172,372,0,-1,0.0,0.0,0.0,0.0,0.0,0.17574933156879008,0.1609344089573436,0.08110716320800498,-0.19980199687992994,-0.1499735244302915
LTBP3_ITGB5,308,26.09427,3.2993224,59.580052493438316,19883.834,9.897713,308,1,4,0.0,0.0,0.0,0.0,1.0,-0.3827782167940004,-0.5046015519528978,-0.08810049141131937,0.46717256398712187,0.4098045050005329
LTBP1_ITGB5,305,34.23287,3.5619793,59.973753280839894,26085.445,10.169171,305,1,4,0.0,0.0,0.0,0.0,1.0,-0.30436554235749713,-0.4546345248705005,-0.06881240251441953,0.4310062587298555,0.33335533743097356
MST1_MST1R,391,14.582813,2.7461686,48.68766404199475,11112.104,9.31588,391,1,0,1.0,0.0,0.0,0.0,0.0,0.3148640352361498,0.20155430320248183,0.03922755179202244,-0.2227657868455229,-0.3357968096240101
LAMC3_ITGA2,319,12.030869,2.567321,58.136482939632536,9167.521,9.123531,319,1,3,0.0,0.0,0.0,1.0,0.0,-0.16866837762331585,-0.5296529886495247,-0.053950338788826754,0.6874505387936495,0.18002896381646236
COL6A1_ITGA2,236,15.4572525,2.8007662,69.02887139107612,11778.427,9.37411,236,1,3,0.0,0.0,0.0,1.0,0.0,-0.3059153803298644,-0.4963581869690189,-0.17765100529736882,0.7757726477503436,0.25602436899729564
COL6A2_ITGA2,251,9.383536,2.3402214,67.06036745406824,7150.2544,8.875043,251,1,4,0.0,0.0,0.0,0.0,1.0,-0.3871825066530441,-0.26825615016462595,0.08800776441278582,0.20970537791884306,0.44176037097960985
MMP1_ITGA2,295,8.841897,2.2866485,61.28608923884514,6737.526,8.815597,295,1,3,0.0,0.0,0.0,1.0,0.0,-0.28407878383953383,-0.3649975008172021,0.08830530495089232,0.4307378838849087,0.30605691939744
HSPG2_ITGA2,277,8.0830345,2.2064083,63.6482939632546,6159.272,8.725876,277,1,3,0.0,0.0,0.0,1.0,0.0,-0.48051570269598043,-0.37414742492422953,-0.0007567251814479105,0.40750997805768274,0.4903434221183164
LAMB3_ITGA2,289,15.515798,2.8043175,62.073490813648306,11823.038,9.37789,289,1,3,0.0,0.0,0.0,1.0,0.0,-0.103550886341849,-0.5349194492162204,-0.17069968576238342,0.7645192322697508,0.0750215146665188
COL1A2_ITGA2,258,12.114288,2.5737023,66.14173228346456,9231.088,9.130441,258,1,3,0.0,0.0,0.0,1.0,0.0,-0.07948000901084755,-0.5224656142128562,-0.21237609206860084,0.7321099914362117,0.050439837496499405
COL4A1_ITGA2,290,8.521331,2.2535346,61.94225721784776,6493.254,8.778673,290,1,3,0.0,0.0,0.0,1.0,0.0,-0.3952587755305567,-0.4051740593021863,0.058384014964695155,0.45268832768799094,0.4142472223150314
FN1_ITGA2,231,9.152613,2.3177311,69.68503937007874,6974.291,8.850129,231,1,4,0.0,0.0,0.0,0.0,1.0,-0.052566385316837515,-0.13760817021826618,0.19054655474825857,0.10535504625882845,0.10100936190125279
COL7A1_ITGA2,294,13.470334,2.6721005,61.417322834645674,10264.395,9.236534,294,1,3,0.0,0.0,0.0,1.0,0.0,0.04953465546680549,-0.364157969407006,0.05403259166450758,0.4608615790201595,-0.035694277955416846
COL3A1_ITGA2,265,17.432686,2.9141254,65.2230971128609,13283.706,9.494369,265,1,3,0.0,0.0,0.0,1.0,0.0,0.06178599345527528,-0.3097504092150777,0.08562451880291477,0.42370392359001274,-0.05193803138544938
GAS6_AXL,478,26.171873,3.3021824,37.27034120734908,19942.967,9.900682,478,1,4,0.0,0.0,0.0,0.0,1.0,0.11791551279201169,0.08660145988125192,-0.13342703886674848,-0.03861761250992595,-0.156694886847639
LRPAP1_LRP8,194,7.8307266,2.1782372,74.54068241469815,5967.0137,8.694169,194,1,0,1.0,0.0,0.0,0.0,0.0,0.07566819684135291,0.23117121207826682,-0.11397663239510902,-0.16498513993059052,-0.11836833761461096
INS_INSR,384,20.518803,3.068927,49.60629921259843,15635.328,9.657352,384,1,4,0.0,0.0,0.0,0.0,1.0,-0.2972493882529855,-0.14205689038301655,0.3558876087747325,0.041304236467791376,0.3373397347370902
ARF1_INSR,408,19.167217,3.0040584,46.45669291338582,14605.42,9.589216,408,1,4,0.0,0.0,0.0,0.0,1.0,-0.3271909618101841,-0.07378820326358523,0.21961103313630925,0.021864924943506243,0.32431060131393996
HRAS_INSR,445,19.145287,3.0029705,41.6010498687664,14588.708,9.588072,445,1,4,0.0,0.0,0.0,0.0,1.0,-0.16287989130599065,-0.016868208037042996,0.27834506503906165,-0.02287791900989851,0.18059587460191334
CALM1_INSR,407,16.840162,2.8814523,46.58792650918635,12832.203,9.459791,407,1,0,1.0,0.0,0.0,0.0,0.0,0.24450222494365342,-0.017640143331547238,0.16505836765420923,-0.03198137882088207,-0.20459349726095372
FN1_ROBO4,166,8.497554,2.2510343,78.21522309711287,6475.136,8.775879,166,0,-1,0.0,0.0,0.0,0.0,0.0,0.10484727772762552,0.35751976157403353,0.13236745037723377,-0.23040722189335194,-0.16715633292284923
CD6_ALCAM,181,5.121629,1.8118283,76.24671916010499,3902.6816,8.269675,181,1,4,0.0,0.0,0.0,0.0,1.0,-0.19223872998899827,-0.0643973539762976,0.19560533004649377,0.09136435964137266,0.23532832339855744
S100A9_ALCAM,160,5.448271,1.863812,79.00262467191601,4151.5825,8.331486,160,0,-1,0.0,0.0,0.0,0.0,0.0,0.045196074483334736,0.02076302531004666,0.10762024751810903,0.07427287225573305,-0.04014953990959486
PLAU_MRC2,324,10.846974,2.4720726,57.48031496062992,8265.395,9.019954,324,1,4,0.0,0.0,0.0,0.0,1.0,-0.16155386225919638,0.08802124925249347,0.010805098843186076,-0.18589795596731776,0.1895157563710338
LGALS9_MRC2,328,14.054293,2.7116632,56.95538057742782,10709.371,9.278968,328,1,4,0.0,0.0,0.0,0.0,1.0,-0.3231868740635994,-0.2595280347141279,0.04145350057538895,0.06737237037296716,0.418420775727683
CALM1_AQP1,554,25.886412,3.291621,27.296587926509186,19725.445,9.889715,554,1,1,0.0,1.0,0.0,0.0,0.0,0.36792384223203445,0.36576114279351196,-0.0331021225046016,-0.28024267067918335,-0.431661735737882
C1QA_CSPG4,230,7.901781,2.1862514,69.81627296587926,6021.157,8.703201,230,1,4,0.0,0.0,0.0,0.0,1.0,-0.3252061048235464,-0.17824053082809868,0.017463229371153598,0.1368904528746848,0.33736350227068224
C4B_CD46,120,3.88654,1.5864844,84.25196850393701,2961.5435,7.9938035,120,0,-1,0.0,0.0,0.0,0.0,0.0,-0.11382277019623956,-0.08858217878194014,-0.044141877533519634,0.05248750644682845,0.13758932468521345
SEMA4A_PLXND1,556,30.10817,3.4374704,27.03412073490814,22942.426,10.040787,556,0,-1,0.0,0.0,0.0,0.0,0.0,-0.07327553913587428,0.12134713178168287,-0.18357535661261445,-0.10471627855965976,-0.04425470949177762
SEMA4D_MET,108,3.482032,1.5000765,85.8267716535433,2653.3083,7.8839393,108,1,4,0.0,0.0,0.0,0.0,1.0,-0.19891298971917254,0.03624484913992427,0.107298338968618,-0.03211740745802963,0.2176428986553346
AFDN_EPHB3,187,5.3535886,1.8490198,75.45931758530185,4079.4346,8.313959,187,0,-1,0.0,0.0,0.0,0.0,0.0,0.008252353363922623,-0.06097509606573765,0.08078751279501863,0.09754469235092003,0.018096483337828012
FAM3C_LAMP1,716,73.760155,4.3142853,6.036745406824151,56205.24,10.936783,716,1,0,1.0,0.0,0.0,0.0,0.0,0.5516660233723141,0.4571349653824013,-0.06987242912413699,-0.4894135365316001,-0.5977885901978096
PLAU_PLAUR,479,18.889574,2.9901958,37.13910761154856,14393.855,9.574626,479,1,4,0.0,0.0,0.0,0.0,1.0,-0.09218289125650114,0.1858913797040941,-0.17759301432255464,-0.2212623193007968,0.025224909274238497
FN1_PLAUR,482,30.885645,3.4621558,36.74540682414699,23534.861,10.06628,482,1,0,1.0,0.0,0.0,0.0,0.0,0.35557551066644916,0.4281027547648585,-0.14755914640072862,-0.4259284641192502,-0.41811563810651153
LAMB3_COL17A1,209,13.271661,2.6582758,72.57217847769029,10113.006,9.221677,209,1,3,0.0,0.0,0.0,1.0,0.0,0.013135651177397355,-0.4909151924207249,-0.21754427211829208,0.6608710172771723,-0.04776355226215709
MDK_SDC3,353,12.733571,2.6198432,53.67454068241471,9702.981,9.180291,353,0,-1,0.0,0.0,0.0,0.0,0.0,-0.25832002916759167,-0.1526259240805159,-0.019062338955262655,0.08787816407143041,0.2956789615569614
COL5A1_SDC3,226,12.0902,2.571864,70.34120734908136,9212.732,9.12845,226,1,4,0.0,0.0,0.0,0.0,1.0,-0.48416902833124803,-0.1003145471236123,0.02268949578805408,-0.06647075517024174,0.5007305783217035
PLAU_IGF2R,162,5.8386655,1.9225926,78.74015748031495,4449.063,8.400674,162,1,4,0.0,0.0,0.0,0.0,1.0,-0.2543848990608573,0.02944268687177515,-0.05343988135167969,-0.12302444508080411,0.22849664922849783
EFNA1_EPHA2,339,14.907513,2.7667916,55.51181102362205,11359.524,9.3379,339,1,4,0.0,0.0,0.0,0.0,1.0,0.013886593629830715,-0.29126592525126477,0.0472304961584763,0.18226627738242052,0.021579436156298086
SEMA4D_PLXNB1,466,31.827408,3.4912639,38.84514435695539,24252.484,10.096315,466,1,4,0.0,0.0,0.0,0.0,1.0,-0.37537870257587364,0.3162981633311305,-0.035634500051992465,-0.37316658879116665,0.2896773610780667
SEMA4A_PLXNB1,660,37.990894,3.6633282,13.38582677165354,28949.062,10.273328,660,0,-1,0.0,0.0,0.0,0.0,0.0,0.0495238823457445,0.2708188632770238,-0.059801806168415225,-0.25679556589572694,-0.16509961062621856
S100A10_TRPV6,363,11.778339,2.5477514,52.362204724409445,8975.095,9.102321,363,0,-1,0.0,0.0,0.0,0.0,0.0,-0.045744227320998754,-0.003645192964323061,0.05173540616020223,-0.04774196766341054,0.016150900123187845
B2M_TFRC,252,6.8017244,2.054345,66.9291338582677,5182.914,8.553316,252,1,4,0.0,0.0,0.0,0.0,1.0,-0.21866556787938354,0.08822222549151695,-0.17367255540622842,-0.01316533415889827,0.16383398459777515
SEMA3B_NRP2,98,3.8709643,1.5832919,87.13910761154855,2949.6748,7.989789,98,0,-1,0.0,0.0,0.0,0.0,0.0,0.09595446150486653,-0.054608687822732926,-0.004307636864810089,-0.005357210205661138,-0.06272193111660893
VEGFA_NRP2,167,5.9659734,1.9410374,78.08398950131233,4546.072,8.422238,167,1,4,0.0,0.0,0.0,0.0,1.0,-0.05148797211182972,-0.17534746974813625,-0.11041775712800163,0.2240789548596025,0.04847258090449601
PGF_NRP2,180,6.5128536,2.0166154,76.37795275590551,4962.7944,8.509926,180,1,4,0.0,0.0,0.0,0.0,1.0,-0.15481875818106056,-0.16696612197580044,-0.09482003901360432,0.1833134095706977,0.1562213466267148
LGALS9_CD47,203,8.143458,2.2130387,73.35958005249343,6205.3154,8.733323,203,1,4,0.0,0.0,0.0,0.0,1.0,-0.5055485690789245,-0.25566652603198364,0.11383076540366745,0.23237283983947157,0.5500071449528776
THBS2_CD47,234,9.34958,2.336946,69.29133858267717,7124.38,8.871418,234,1,4,0.0,0.0,0.0,0.0,1.0,-0.35054500437681724,-0.1253056140185426,0.07884518135241952,0.11261663465452333,0.3752784474221759
COL4A1_CD47,231,7.6686025,2.1597075,69.68503937007874,5843.475,8.673252,231,1,4,0.0,0.0,0.0,0.0,1.0,-0.4110773826774111,-0.24908731698443573,0.1270293948266906,0.19172170014936435,0.45556158077884107
GNAS_ADORA1,202,6.372897,1.9978107,73.49081364829397,4856.1475,8.488207,202,0,-1,0.0,0.0,0.0,0.0,0.0,0.21295452967864864,0.17817396332135652,0.1248806376055344,-0.15813596129958898,-0.16450417058800035
AFDN_NECTIN4,259,8.153694,2.2141576,66.01049868766404,6213.1147,8.734578,259,0,-1,0.0,0.0,0.0,0.0,0.0,0.07143596184839367,-0.10669339212433467,0.12801649005809226,0.08713699811126356,-0.09312151664000161
AFDN_F11R,326,13.475964,2.6724896,57.21784776902887,10268.685,9.236952,326,1,0,1.0,0.0,0.0,0.0,0.0,0.30123132576872275,0.01815693199366994,-0.05224747326952652,-0.06368873220456905,-0.26719336057929177
CD59_CD2,156,3.6445277,1.5356897,79.52755905511812,2777.1301,7.9295335,156,1,4,0.0,0.0,0.0,0.0,1.0,-0.059503132113394946,0.006003167423309506,0.03159979003679852,-0.04981055720868609,0.02033206926881851
MDK_TSPAN1,457,20.059782,3.0473652,40.026246719160106,15285.554,9.634728,457,1,3,0.0,0.0,0.0,1.0,0.0,-0.038463138463002526,-0.39849021192810746,-0.10790051438984484,0.49196031401662677,0.05607358998619992
MDK_SDC4,597,37.998653,3.663527,21.653543307086608,28954.973,10.273532,597,1,4,0.0,0.0,0.0,0.0,1.0,-0.27782383212872336,-0.4044706525436057,-0.05680939178606149,0.40694748128658703,0.3054229957273284
BMP2_ENG,527,34.04413,3.5566082,30.839895013123364,25941.627,10.163643,527,1,4,0.0,0.0,0.0,0.0,1.0,0.07420531175504147,0.2891159166468239,-0.0663895402669399,-0.15131842947979304,-0.1800318742596222
ALOX5AP_ALOX5,136,5.400159,1.8563228,82.1522309711286,4114.921,8.322618,136,0,-1,0.0,0.0,0.0,0.0,0.0,0.1795981490774001,0.00800813674520534,-0.04504259752574905,-0.10460382457637687,-0.16497647220904588
HLA-C_NOTCH4,121,5.6817937,1.8993864,84.12073490813648,4329.527,8.373445,121,0,-1,0.0,0.0,0.0,0.0,0.0,-0.05662919916157707,0.12983805557923547,-0.1807498832980848,-0.011451063598558471,-0.04366709855107699
SPTBN2_PTPRA,400,16.053543,2.836358,47.506561679790025,12232.8,9.411958,400,1,4,0.0,0.0,0.0,0.0,1.0,-0.29079796546589487,-0.3196076119161633,0.2502684704758218,0.25429166815517573,0.3541733205727806
MDK_SDC1,581,36.028458,3.6116867,23.75328083989501,27453.686,10.220292,581,1,4,0.0,0.0,0.0,0.0,1.0,-0.13114222865806927,-0.3489090342797987,-0.07334952632708892,0.4367476132242474,0.14859935168644492
LAMB2_ITGB1,195,10.919308,2.4781597,74.40944881889764,8320.513,9.026599,195,1,4,0.0,0.0,0.0,0.0,1.0,-0.369743583570045,-0.11090777896522362,-0.007938215900563018,-0.06922212210264615,0.5018814024844367
MDK_ITGB1,251,8.557978,2.2573762,67.06036745406824,6521.1787,8.782964,251,1,4,0.0,0.0,0.0,0.0,1.0,-0.5266047405147147,-0.34753340808629873,0.022979589907052816,0.2738116106237526,0.6486504484179073
ADAM9_ITGB1,253,8.553813,2.2569404,66.7979002624672,6518.0054,8.782477,253,1,4,0.0,0.0,0.0,0.0,1.0,-0.38605294647535643,-0.3165862389250753,-0.07291753601714629,0.30184487983581265,0.49141133201420256
VEGFA_ITGB1,245,7.3402925,2.1210983,67.8477690288714,5593.3027,8.629504,245,1,4,0.0,0.0,0.0,0.0,1.0,-0.32969961179199125,-0.34610756824667,-0.09063892933886256,0.33996114853247655,0.4269695054168347
SPON2_ITGB2,190,5.717734,1.9047508,75.06561679790026,4356.913,8.379748,190,1,0,1.0,0.0,0.0,0.0,0.0,0.30937688284613474,0.14770650810352695,0.42400915818293944,-0.1957095586853701,-0.19952119915209318
ICAM2_ITGB2,195,8.795034,2.2818756,74.40944881889764,6701.816,8.810283,195,1,2,0.0,0.0,1.0,0.0,0.0,-0.08973236595959211,-0.11620150778230373,0.5730832189574444,-0.03347258455685156,0.20842088835124245
VEGFA_SIRPA,242,8.37413,2.237954,68.24146981627297,6381.087,8.7612505,242,1,3,0.0,0.0,0.0,1.0,0.0,-0.09389712352448856,-0.2738955171892152,0.016607645321736638,0.31764208368349633,0.0937616709498503
ADAM9_ITGA6,184,5.595727,1.886422,75.85301837270342,4263.944,8.358184,184,1,3,0.0,0.0,0.0,1.0,0.0,-0.12703220741974622,-0.3597068918380935,-0.003744359090460217,0.6022292506747189,0.1010376675092682
VIM_CD44,357,11.297412,2.509389,53.14960629921259,8608.628,9.0606365,357,1,2,0.0,0.0,1.0,0.0,0.0,-0.07664079554955054,-0.10682392430201201,0.4570725035005219,0.06824429302984455,0.20315835428978474
SEMA4D_PLXNB2,485,34.58075,3.5718048,36.3517060367454,26350.531,10.179281,485,1,4,0.0,0.0,0.0,0.0,1.0,-0.399710656643344,0.30743506889649463,-0.09389293528892756,-0.36514844816164493,0.31936638089974223
CXCL17_GPR35,291,15.927217,2.8289227,61.811023622047244,12136.539,9.404058,291,1,0,1.0,0.0,0.0,0.0,0.0,0.29171458807848116,-0.3227880292722966,-0.16556162019738044,0.32051820662894115,-0.2438100553614449
