,C,pval_norm,var_norm,pval_z_sim,pval_sim,var_sim,pval_norm_fdr_bh,pval_z_sim_fdr_bh,pval_sim_fdr_bh
C3_CD81,0.049160447212730836,0.0,0.0004248094182808732,1.985884574583247e-158,0.000999000999000999,0.0012442407190843675,0.0,9.665082170683648e-157,0.000999000999000999
HMGB1_SDC1,0.07176780501953839,0.0,0.0004248094182808732,5.340370076016302e-161,0.000999000999000999,0.0011838518904671957,0.0,4.3969046959200886e-159,0.000999000999000999
AGTRAP_RACK1,0.0727239213517398,0.0,0.0004248094182808732,3.429228485926423e-160,0.000999000999000999,0.0011691901698548306,0.0,2.420055531496647e-158,0.000999000999000999
TIMP1_CD63,0.07892164550977887,0.0,0.0004248094182808732,1.1885727811114686e-159,0.000999000999000999,0.0011645500393754494,0.0,7.339436923363319e-158,0.000999000999000999
C3_LRP1,0.08028280269476529,0.0,0.0004248094182808732,3.4725660024430894e-146,0.000999000999000999,0.0012806389900011312,0.0,2.8590793420114772e-145,0.000999000999000999
ICAM1_MUC1,0.08037455676630673,0.0,0.0004248094182808732,1.970984021171182e-156,0.000999000999000999,0.0011752940609947322,0.0,6.491107376390426e-155,0.000999000999000999
HSP90AA1_CFTR,0.09009409082494621,0.0,0.0004248094182808732,7.873962056792576e-166,0.000999000999000999,0.001081097303036604,0.0,1.944868628027766e-163,0.000999000999000999
APP_CD74,0.0906745493312379,0.0,0.0004248094182808732,1.206730202321841e-165,0.000999000999000999,0.0010917747040666127,0.0,1.9870823998232982e-163,0.000999000999000999
THBS1_SDC4,0.09431592160918853,0.0,0.0004248094182808732,5.153325011566995e-156,0.000999000999000999,0.0011635491507072685,0.0,1.5910890973213097e-154,0.000999000999000999
VCAM1_EZR,0.09892472646009481,0.0,0.0004248094182808732,1.5945329974156627e-154,0.000999000999000999,0.0011600023741769932,0.0,3.7509490510635117e-153,0.000999000999000999
PSAP_LRP1,0.09926092712311148,0.0,0.0004248094182808732,8.657465942120813e-143,0.000999000999000999,0.0012552103260192564,0.0,5.483061763343182e-142,0.000999000999000999
ACTR2_LDLR,0.1031713770107511,0.0,0.0004248094182808732,5.787916799504714e-156,0.000999000999000999,0.001148646928841083,0.0,1.681900528797252e-154,0.000999000999000999
TIMP2_ITGA3,0.10442215100081466,0.0,0.0004248094182808732,8.263524033735218e-151,0.000999000999000999,0.0011928143094184285,0.0,1.0742581243855783e-149,0.000999000999000999
TGFB1_ENG,0.10924832730625414,0.0,0.0004248094182808732,1.416211129740985e-143,0.000999000999000999,0.001211582177512906,0.0,9.716781917945092e-143,0.000999000999000999
THBS1_SDC1,0.10925440783549006,0.0,0.0004248094182808732,3.037658761979323e-153,0.000999000999000999,0.0011492221176259143,0.0,5.7715516477607145e-152,0.000999000999000999
LAMC3_ITGB4,0.11188450183375762,0.0,0.0004248094182808732,5.7051617740818025e-148,0.000999000999000999,0.0011903770818272302,0.0,5.419903685377713e-147,0.000999000999000999
LAMC3_ITGA3,0.11293182803676732,0.0,0.0004248094182808732,8.370077914577149e-149,0.000999000999000999,0.00118482574750021,0.0,9.188485532891358e-148,0.000999000999000999
LTF_LRP1,0.1136815691024119,0.0,0.0004248094182808732,3.416476917091166e-157,0.000999000999000999,0.001092116674532082,0.0,1.4064496642025302e-155,0.000999000999000999
THBS1_ITGA3,0.11630769629526112,0.0,0.0004248094182808732,2.762828621537315e-153,0.000999000999000999,0.0011401381129541603,0.0,5.459349356157734e-152,0.000999000999000999
HSP90AA1_FGFR3,0.11899130596001922,0.0,0.0004248094182808732,1.6647006461694095e-162,0.000999000999000999,0.0010322028101638285,0.0,2.0559052980192207e-160,0.000999000999000999
FGF19_FGFR3,0.11935072344124416,0.0,0.0004248094182808732,2.7698178668007343e-166,0.000999000999000999,0.0010084981852807257,0.0,1.3682900261995627e-163,0.000999000999000999
MDK_SDC1,0.12175792137954926,0.0,0.0004248094182808732,2.1521438031886663e-158,0.000999000999000999,0.0010799830770079721,0.0,9.665082170683648e-157,0.000999000999000999
COL1A2_ITGA11,0.12344571086971677,0.0,0.0004248094182808732,1.0268540058334141e-161,0.000999000999000999,0.0010493300829576544,0.0,1.0145317577634131e-159,0.000999000999000999
CALM2_AQP1,0.12466715497359974,0.0,0.0004248094182808732,1.1128126672336654e-156,0.000999000999000999,0.0010659710866138302,0.0,3.926638982953077e-155,0.000999000999000999
LAMC2_ITGB4,0.12645842339022625,0.0,0.0004248094182808732,1.902365589217042e-148,0.000999000999000999,0.0011417234590303449,0.0,1.999507661857912e-147,0.000999000999000999
LAMC2_CD151,0.1284221318105626,0.0,0.0004248094182808732,3.2582568273164206e-148,0.000999000999000999,0.00114482856315716,0.0,3.2191577453886234e-147,0.000999000999000999
MDK_SDC4,0.13032315274077405,0.0,0.0004248094182808732,4.659332498075533e-152,0.000999000999000999,0.0011187586643422625,0.0,7.299223707763378e-151,0.000999000999000999
CALM1_AQP1,0.1307787950941317,0.0,0.0004248094182808732,6.267147818717268e-156,0.000999000999000999,0.0010395853319965782,0.0,1.7199839013590725e-154,0.000999000999000999
SERPINA1_LRP1,0.13127009191435177,0.0,0.0004248094182808732,2.7356866500875726e-154,0.000999000999000999,0.0010762091493578417,0.0,6.142860023378459e-153,0.000999000999000999
CALM1_SCTR,0.1314326038402999,0.0,0.0004248094182808732,1.2482239178821264e-149,0.000999000999000999,0.001122336856448537,0.0,1.5415565385844261e-148,0.000999000999000999
TIMP3_CD44,0.13333553310696844,0.0,0.0004248094182808732,7.681372474971976e-155,0.000999000999000999,0.0011239017740728545,0.0,1.9971568434927136e-153,0.000999000999000999
VIM_CD44,0.1387452246727072,0.0,0.0004248094182808732,3.2939724957907984e-153,0.000999000999000999,0.0011868673505898227,0.0,6.026749677483905e-152,0.000999000999000999
THBS1_LRP1,0.14031660496660706,0.0,0.0004248094182808732,2.5120818610690807e-147,0.000999000999000999,0.0011067718402239886,0.0,2.2980897025335663e-146,0.000999000999000999
SPINT1_ST14,0.14270069496086082,0.0,0.0004248094182808732,3.9120897000098425e-152,0.000999000999000999,0.0010740609421538482,0.0,6.441907706016208e-151,0.000999000999000999
MMP2_PECAM1,0.14357437121826014,0.0,0.0004248094182808732,4.9019634193624835e-136,0.000999000999000999,0.00116645790209654,0.0,1.7174254816773525e-135,0.000999000999000999
GRN_TNFRSF1A,0.14394431664780866,0.0,0.0004248094182808732,7.458663534048235e-152,0.000999000999000999,0.0010488993856345307,0.0,1.0836999370058318e-150,0.000999000999000999
VCL_ITGB5,0.14438564540272034,0.0,0.0004248094182808732,4.01384499183275e-153,0.000999000999000999,0.0010420303542165148,0.0,7.081569378447781e-152,0.000999000999000999
CD160_TNFRSF14,0.14470197515364627,0.0,0.0004248094182808732,2.099334898984953e-152,0.000999000999000999,0.0010426506735535513,0.0,3.576108414132989e-151,0.000999000999000999
PDAP1_PDGFRB,0.1456688132538599,0.0,0.0004248094182808732,5.001567395424737e-149,0.000999000999000999,0.0010623310886029656,0.0,5.6153961212268646e-148,0.000999000999000999
LRPAP1_LRP1,0.14597174097841584,0.0,0.0004248094182808732,8.93014743558683e-134,0.000999000999000999,0.0012081618908200286,0.0,2.6103507888638428e-133,0.000999000999000999
HSP90AA1_LRP1,0.14604673278320351,0.0,0.0004248094182808732,2.894716879084203e-148,0.000999000999000999,0.0010849183212755902,0.0,2.918347220954278e-147,0.000999000999000999
AGRN_LRP1,0.14736189314835843,0.0,0.0004248094182808732,2.9547391681242544e-133,0.000999000999000999,0.0012031984054580464,0.0,8.388742235938975e-133,0.000999000999000999
CD55_ADGRE5,0.14925009316999763,0.0,0.0004248094182808732,2.796008557592429e-149,0.000999000999000999,0.0010553656238917273,0.0,3.3688493352455116e-148,0.000999000999000999
SPP1_CD44,0.15008673567411882,0.0,0.0004248094182808732,1.74033898771518e-148,0.000999000999000999,0.001137721880597009,0.0,1.8689727389810844e-147,0.000999000999000999
CD99_CD81,0.1501835737361837,0.0,0.0004248094182808732,8.454967074467846e-157,0.000999000999000999,0.0010113063892575097,0.0,3.2128874882977816e-155,0.000999000999000999
MDK_TSPAN1,0.15089019909863474,0.0,0.0004248094182808732,1.5366375596361745e-153,0.000999000999000999,0.0010500787474765527,0.0,3.3004302367837833e-152,0.000999000999000999
VCAN_CD44,0.1526294022698917,0.0,0.0004248094182808732,7.706758487109809e-146,0.000999000999000999,0.0011259158007047249,0.0,6.241210971528272e-145,0.000999000999000999
TGFB1_CXCR4,0.1529225207772201,0.0,0.0004248094182808732,1.1658572235389877e-138,0.000999000999000999,0.001102422469853599,0.0,5.382555779703364e-138,0.000999000999000999
C1QB_LRP1,0.15298002464994742,0.0,0.0004248094182808732,4.498242021987925e-147,0.000999000999000999,0.0010689232140765508,0.0,4.0402391979309726e-146,0.000999000999000999
VWF_LRP1,0.15354587115710183,0.0,0.0004248094182808732,4.2237384549138523e-128,0.000999000999000999,0.001227850235180182,0.0,8.2146724280608e-128,0.000999000999000999
APOE_LSR,0.1566246861173296,0.0,0.0004248094182808732,2.127101306968295e-141,0.000999000999000999,0.0011253631192381717,0.0,1.2362212301674563e-140,0.000999000999000999
GPC3_CD81,0.15713611268045416,0.0,0.0004248094182808732,2.3549818961084222e-138,0.000999000999000999,0.0011481443082989203,0.0,1.0480730240338382e-137,0.000999000999000999
MMP7_SDC1,0.15793560930397924,0.0,0.0004248094182808732,3.571710468729175e-143,0.000999000999000999,0.0010824247368750107,0.0,2.384358069665152e-142,0.000999000999000999
LAMC2_ITGA3,0.16128892890600577,0.0,0.0004248094182808732,1.8606665988760162e-144,0.000999000999000999,0.0010895551185107519,0.0,1.3926807573405331e-143,0.000999000999000999
LAMC3_ITGA2,0.16149984386454183,0.0,0.0004248094182808732,1.90455493636529e-151,0.000999000999000999,0.0010563662095732288,0.0,2.688143253041295e-150,0.000999000999000999
TGFB1_ITGB1,0.1615179612071757,0.0,0.0004248094182808732,8.081099080084913e-137,0.000999000999000999,0.001117476865233266,0.0,3.024290110274202e-136,0.000999000999000999
HSP90AA1_ERBB2,0.16244494146129101,0.0,0.0004248094182808732,2.8786366394488446e-138,0.000999000999000999,0.0010796417605902027,0.0,1.2365621738154168e-137,0.000999000999000999
LRPAP1_LDLR,0.16397806601134013,0.0,0.0004248094182808732,2.5103341493640905e-138,0.000999000999000999,0.0011306122919682714,0.0,1.1072366694516614e-137,0.000999000999000999
MST1_MST1R,0.16412685201295657,0.0,0.0004248094182808732,6.329938592627962e-140,0.000999000999000999,0.0011286469863114003,0.0,3.2915680681665404e-139,0.000999000999000999
APOE_LDLR,0.16652676815640666,0.0,0.0004248094182808732,2.6177820529311763e-140,0.000999000999000999,0.0011055478185934965,0.0,1.4368714823866679e-139,0.000999000999000999
C3_CD46,0.1671610227196804,0.0,0.0004248094182808732,4.7752885825816566e-139,0.000999000999000999,0.0010559597094097542,0.0,2.268262076726287e-138,0.000999000999000999
MMP1_CD44,0.16762384027491167,0.0,0.0004248094182808732,1.9703276224530616e-145,0.000999000999000999,0.0011686805922809897,0.0,1.54498705633621e-144,0.000999000999000999
FGF19_FGFR4,0.16781161712749065,0.0,0.0004248094182808732,2.4518226086993835e-148,0.000999000999000999,0.00102531822851089,0.0,2.5233341014531155e-147,0.000999000999000999
LAMA5_ITGB4,0.1687114022253932,0.0,0.0004248094182808732,3.498298893742867e-142,0.000999000999000999,0.0010631147289421946,0.0,2.1601995668862204e-141,0.000999000999000999
FGF23_FGFR3,0.17098545254134437,0.0,0.0004248094182808732,1.884384972939038e-158,0.000999000999000999,0.0009426445623958902,0.0,9.665082170683648e-157,0.000999000999000999
COL1A2_ITGA2,0.1746877283326126,0.0,0.0004248094182808732,4.7282420779034025e-152,0.000999000999000999,0.001012554476900237,0.0,7.299223707763378e-151,0.000999000999000999
CALM2_INSR,0.1755183219816355,0.0,0.0004248094182808732,2.4587802502511176e-153,0.000999000999000999,0.0009768725520938523,0.0,5.060989348433551e-152,0.000999000999000999
SPP1_ITGAV,0.1766275815099674,0.0,0.0004248094182808732,4.943540132122634e-150,0.000999000999000999,0.0009834300736496875,0.0,6.26181750068867e-149,0.000999000999000999
CD14_ITGB1,0.17897037119411152,0.0,0.0004248094182808732,2.496841461894901e-139,0.000999000999000999,0.0010876229327956123,0.0,1.233439682176081e-138,0.000999000999000999
C3_ADRA2A,0.18141401121895764,0.0,0.0004248094182808732,1.546247728106493e-138,0.000999000999000999,0.00107096937175252,0.0,7.072651645227846e-138,0.000999000999000999
APP_TNFRSF21,0.18198408429353308,0.0,0.0004248094182808732,2.633327440657309e-138,0.000999000999000999,0.0010728967711287445,0.0,1.1512068634377972e-137,0.000999000999000999
HLA-A_ERBB2,0.18324281701251136,0.0,0.0004248094182808732,1.163451097472892e-143,0.000999000999000999,0.001018488385948766,0.0,8.09499777678322e-143,0.000999000999000999
ADAM10_GPNMB,0.1838580061440787,0.0,0.0004248094182808732,3.866324719131284e-131,0.000999000999000999,0.001112290650640862,0.0,9.502310503735593e-131,0.000999000999000999
LAMA5_SDC1,0.18405749541420152,0.0,0.0004248094182808732,3.6392773753363605e-138,0.000999000999000999,0.0010629031329502513,0.0,1.5365837806975744e-137,0.000999000999000999
APP_GPC1,0.18537898180014106,0.0,0.0004248094182808732,1.1579786451463011e-145,0.000999000999000999,0.0009964325333215367,0.0,9.22647501132698e-145,0.000999000999000999
COL6A3_ITGB1,0.1856037302744654,0.0,0.0004248094182808732,3.68158471866431e-151,0.000999000999000999,0.0009869583979400616,0.0,5.051952363944914e-150,0.000999000999000999
SEMA4D_PLXNB2,0.1859187307958364,0.0,0.0004248094182808732,6.157375770683778e-141,0.000999000999000999,0.0010334959930087583,0.0,3.496257046802054e-140,0.000999000999000999
SEMA7A_ITGB1,0.18627548463437027,0.0,0.0004248094182808732,6.57474288111412e-135,0.000999000999000999,0.0010829969493032236,0.0,2.165281988846917e-134,0.000999000999000999
TGFB1_ITGB5,0.18653059318102622,0.0,0.0004248094182808732,5.82138164368802e-139,0.000999000999000999,0.0010402855181381183,0.0,2.7388214590303637e-138,0.000999000999000999
THBS1_LRP5,0.18801875399908088,0.0,0.0004248094182808732,2.2883495904013925e-137,0.000999000999000999,0.001071248488224242,0.0,8.695728443525291e-137,0.000999000999000999
CALM1_INSR,0.18814485022261343,0.0,0.0004248094182808732,1.3129172812453053e-154,0.000999000999000999,0.0009375458186118266,0.0,3.242905684675904e-153,0.000999000999000999
GNAI2_ADRA2A,0.18943202201481252,0.0,0.0004248094182808732,3.399768283249903e-131,0.000999000999000999,0.001122634515234536,0.0,8.397427659627261e-131,0.000999000999000999
CALM1_PTPRA,0.1911540491927056,0.0,0.0004248094182808732,1.6424009133349308e-137,0.000999000999000999,0.0010036920380822358,0.0,6.388551584153196e-137,0.000999000999000999
ANXA1_ADRA2A,0.1917654790358041,0.0,0.0004248094182808732,3.1858188753016333e-131,0.000999000999000999,0.00111344687651723,0.0,7.908515197984959e-131,0.000999000999000999
SPP1_ITGB1,0.19219441200689366,0.0,0.0004248094182808732,3.366764016330614e-130,0.000999000999000999,0.001100796508561529,0.0,7.808363493273817e-130,0.000999000999000999
FGF23_FGFR4,0.19239585811684287,0.0,0.0004248094182808732,3.0347429774122475e-146,0.000999000999000999,0.0009874303983290731,0.0,2.540954289562119e-145,0.000999000999000999
TFF2_MUC6,0.1935642455365365,0.0,0.0004248094182808732,1.6706089569633226e-138,0.000999000999000999,0.0010262095751179625,0.0,7.50255295218074e-138,0.000999000999000999
LGALS1_ITGB1,0.1943645175049906,0.0,0.0004248094182808732,8.722060891701456e-138,0.000999000999000999,0.001042336319229061,0.0,3.474756516532677e-137,0.000999000999000999
LAMB2_ITGB4,0.19442909086897395,0.0,0.0004248094182808732,3.679320663718275e-144,0.000999000999000999,0.000994125183295742,0.0,2.634180301270765e-143,0.000999000999000999
VWF_SIRPA,0.19612381002451792,0.0,0.0004248094182808732,3.460304331751828e-138,0.000999000999000999,0.00100905340845771,0.0,1.4736123619701752e-137,0.000999000999000999
ADAM12_SDC4,0.1967769149797593,0.0,0.0004248094182808732,1.2066195207693025e-146,0.000999000999000999,0.0009640943550565653,0.0,1.0277069711379921e-145,0.000999000999000999
FGB_ITGAV,0.19701122555376163,0.0,0.0004248094182808732,2.014892892423786e-144,0.000999000999000999,0.0009705725015388988,0.0,1.485607595309478e-143,0.000999000999000999
SPP1_ITGB5,0.19754617619155307,0.0,0.0004248094182808732,3.262306509936295e-136,0.000999000999000999,0.001043271628873557,0.0,1.1849848646386248e-135,0.000999000999000999
CXCL17_GPR35,0.1981838943849028,0.0,0.0004248094182808732,9.743987358595443e-138,0.000999000999000999,0.001010270047879765,0.0,3.850823804116919e-137,0.000999000999000999
LAMC2_ITGA2,0.19850728082448624,0.0,0.0004248094182808732,6.614989695990574e-138,0.000999000999000999,0.0010605716464332571,0.0,2.70066521472673e-137,0.000999000999000999
TNFSF12_TNFRSF12A,0.19865484311656828,0.0,0.0004248094182808732,8.169580059904396e-130,0.000999000999000999,0.0011213024429382987,0.0,1.7936766887078984e-129,0.000999000999000999
APP_LRP10,0.19918805835696304,0.0,0.0004248094182808732,5.70652020486908e-134,0.000999000999000999,0.0010262355030007473,0.0,1.7084975643668639e-133,0.000999000999000999
APP_LRP1,0.1997305266501434,0.0,0.0004248094182808732,2.9090188492829895e-132,0.000999000999000999,0.0010692088183729695,0.0,7.855569323037751e-132,0.000999000999000999
FGF19_FGFR1,0.20262470471558064,0.0,0.0004248094182808732,1.5213330391947554e-141,0.000999000999000999,0.0010006187038466995,0.0,9.05468098026758e-141,0.000999000999000999
FGG_ITGB1,0.20320187574599152,0.0,0.0004248094182808732,9.842765173893716e-127,0.000999000999000999,0.0010953336482790014,0.0,1.7242290765615235e-126,0.000999000999000999
SEMA4G_PLXNB2,0.20451093090039663,0.0,0.0004248094182808732,6.112033881615307e-137,0.000999000999000999,0.001025435599260662,0.0,2.3048433110824137e-136,0.000999000999000999
VCAN_ITGB1,0.20484367646790502,0.0,0.0004248094182808732,1.8878028749981414e-131,0.000999000999000999,0.0010518784560686622,0.0,4.733881321061329e-131,0.000999000999000999
TGFB1_ITGAV,0.20561961852787822,0.0,0.0004248094182808732,4.832831600862378e-136,0.000999000999000999,0.00101837810188599,0.0,1.7052991505900105e-135,0.000999000999000999
SEMA4A_PLXNB2,0.20627726977884298,0.0,0.0004248094182808732,2.2467400112523703e-135,0.000999000999000999,0.0010400667741740928,0.0,7.550269153460346e-135,0.000999000999000999
CXCL2_ADRA2A,0.20674847283237544,0.0,0.0004248094182808732,9.138026758377108e-129,0.000999000999000999,0.0010908332524969717,0.0,1.8653657928257402e-128,0.000999000999000999
HLA-A_APLP2,0.20728606192906138,0.0,0.0004248094182808732,1.5777981601643324e-138,0.000999000999000999,0.001048288799458307,0.0,7.150754964414497e-138,0.000999000999000999
FGB_ITGB1,0.20868934080486432,0.0,0.0004248094182808732,1.176189524424465e-126,0.000999000999000999,0.0010764982657000348,0.0,2.045907130512978e-126,0.000999000999000999
TGM2_SDC4,0.2087329331066663,0.0,0.0004248094182808732,7.346679202013438e-144,0.000999000999000999,0.0009537762193673085,0.0,5.184656465420912e-143,0.000999000999000999
APOE_LRP1,0.20887748004144957,0.0,0.0004248094182808732,2.0333671413572432e-137,0.000999000999000999,0.0010128475205777917,0.0,7.847526311175611e-137,0.000999000999000999
LGALS9_SLC1A5,0.2093072985959938,0.0,0.0004248094182808732,2.9602282128841545e-140,0.000999000999000999,0.0009893781620964335,0.0,1.6069810298513982e-139,0.000999000999000999
CDH1_ERBB3,0.20937535729005666,0.0,0.0004248094182808732,8.113688050172498e-143,0.000999000999000999,0.000961703535209588,0.0,5.2054050607600186e-142,0.000999000999000999
INS_INSR,0.20962664944759213,0.0,0.0004248094182808732,6.950194491305704e-152,0.000999000999000999,0.0009111784183976166,0.0,1.0404230541530357e-150,0.000999000999000999
MMP7_CD151,0.21072031802866123,0.0,0.0004248094182808732,6.3528326345758705e-143,0.000999000999000999,0.0009401012889385863,0.0,4.184399095307307e-142,0.000999000999000999
APP_APLP2,0.21133716762104926,0.0,0.0004248094182808732,2.092867844912277e-129,0.000999000999000999,0.0010795816180033237,0.0,4.5345469973099334e-129,0.000999000999000999
IL16_KCNJ15,0.2135934281810809,0.0,0.0004248094182808732,1.0003069902118811e-146,0.000999000999000999,0.0009427029179644368,0.0,8.66932724850297e-146,0.000999000999000999
INHBA_ENG,0.2139261773233601,0.0,0.0004248094182808732,1.6221649630650209e-136,0.000999000999000999,0.0009940980445355132,0.0,5.9802200877173156e-136,0.000999000999000999
MDK_LRP1,0.2140727179636872,0.0,0.0004248094182808732,2.655645004879603e-144,0.000999000999000999,0.0009455338642633158,0.0,1.9292479888390056e-143,0.000999000999000999
HSPG2_SDC1,0.21584374199341558,0.0,0.0004248094182808732,1.1329593327107513e-135,0.000999000999000999,0.0009955131682926543,0.0,3.859875243855939e-135,0.000999000999000999
SLPI_CD4,0.21621253733068285,0.0,0.0004248094182808732,5.125114694191102e-130,0.000999000999000999,0.0010413090209283424,0.0,1.1508212086047294e-129,0.000999000999000999
LGALS9_CD44,0.216722373716524,0.0,0.0004248094182808732,4.299827730441624e-149,0.000999000999000999,0.000984276942620135,0.0,4.9398020903213075e-148,0.000999000999000999
APP_NOTCH2,0.21836990773034903,0.0,0.0004248094182808732,3.4651896880281434e-134,0.000999000999000999,0.0009740695158112316,0.0,1.0698773161786893e-133,0.000999000999000999
FGG_ITGA5,0.21850096233859953,0.0,0.0004248094182808732,2.2818776575422437e-131,0.000999000999000999,0.0010062257312964695,0.0,5.693169509221558e-131,0.000999000999000999
SEMA4A_PLXNB1,0.2192113223459255,0.0,0.0004248094182808732,1.1375578718774721e-134,0.000999000999000999,0.0010162221553966138,0.0,3.649049277321242e-134,0.000999000999000999
TGFB1_ACVRL1,0.21943549914081692,0.0,0.0004248094182808732,4.7541607879524016e-130,0.000999000999000999,0.0010183453238957873,0.0,1.0723997393828704e-129,0.000999000999000999
TGFB1_SMAD3,0.2197261492442771,0.0,0.0004248094182808732,3.323061492469887e-130,0.000999000999000999,0.0010333072236138328,0.0,7.743360270189266e-130,0.000999000999000999
THBS1_ITGB1,0.2206619064848314,0.0,0.0004248094182808732,2.042535050730127e-130,0.000999000999000999,0.0010290420676183857,0.0,4.804820547908013e-130,0.000999000999000999
C4B_CD46,0.220914292197669,0.0,0.0004248094182808732,6.69934952097496e-138,0.000999000999000999,0.0009687754306205329,0.0,2.7126874289849427e-137,0.000999000999000999
LAMB1_ITGB4,0.22094319993344366,0.0,0.0004248094182808732,1.841117343889124e-140,0.000999000999000999,0.000955766226514637,0.0,1.021923559417109e-139,0.000999000999000999
AGRN_ITGB1,0.22233607379712977,0.0,0.0004248094182808732,1.693646369189265e-128,0.000999000999000999,0.0010250496354255213,0.0,3.346645225517988e-128,0.000999000999000999
LAMA5_ITGB1,0.2226244594167703,0.0,0.0004248094182808732,3.185898869662292e-129,0.000999000999000999,0.0010363401056403244,0.0,6.640649964612541e-129,0.000999000999000999
THBS1_CD47,0.223881763695081,1.3192617476624e-310,0.0004248094182808732,1.4354234901190316e-130,0.000999000999000999,0.0010038746977467279,4.97492597973454e-310,3.3928191584631654e-130,0.000999000999000999
CALM2_KCNQ1,0.2251634254096309,1.371320723345844e-309,0.0004248094182808732,8.695093392966215e-133,0.000999000999000999,0.0009787170733454628,5.132063919188233e-309,2.4267661786018702e-132,0.000999000999000999
FGG_ITGAV,0.22559382261757455,3.007591558036793e-309,0.0004248094182808732,3.423804691114317e-139,0.000999000999000999,0.0009285000778945353,1.1171054358422376e-308,1.6581956053043848e-138,0.000999000999000999
COL1A2_CD44,0.22652410644754317,1.6398369183028704e-308,0.0004248094182808732,2.0749860237495326e-134,0.000999000999000999,0.001006730666881585,6.045368937624014e-308,6.546917715747583e-134,0.000999000999000999
FGB_ITGA5,0.2272625783336901,6.293319486740239e-308,0.0004248094182808732,3.0252600093641953e-127,0.000999000999000999,0.001017608761433875,2.302888760333095e-307,5.4344670713669545e-127,0.000999000999000999
HRAS_INSR,0.2277990114010466,1.6703640008377686e-307,0.0004248094182808732,4.289982536869019e-151,0.000999000999000999,0.0008727221165150334,6.067351591278366e-307,5.727706414089987e-150,0.000999000999000999
SPP1_ITGA5,0.2278794543526211,1.9335619111699733e-307,0.0004248094182808732,5.399836788340828e-126,0.000999000999000999,0.001026070420379568,6.972113752685889e-307,9.104161684096823e-126,0.000999000999000999
APP_NCSTN,0.22813377560288103,3.0705699041601517e-307,0.0004248094182808732,1.4723298110937085e-128,0.000999000999000999,0.0010192267943041346,1.0991750236631267e-306,2.932785994678597e-128,0.000999000999000999
MMP2_FGFR1,0.22831968363141392,4.305324300163108e-307,0.0004248094182808732,1.8205361606621663e-144,0.000999000999000999,0.0009140455001025513,1.5300936721442987e-306,1.3836074821032464e-143,0.000999000999000999
COL1A2_ITGB1,0.2289846694416722,1.441344605343837e-306,0.0004248094182808732,2.874361361005236e-138,0.000999000999000999,0.000961202702353294,5.085887393141825e-306,1.2365621738154168e-137,0.000999000999000999
TIMP2_CD44,0.22995904272267323,8.450094888876594e-306,0.0004248094182808732,5.594755664066171e-138,0.000999000999000999,0.0009909641235752852,2.960529698656055e-305,2.3031744150405738e-137,0.000999000999000999
LTBP1_ITGB5,0.2321196077179752,4.232186433072073e-304,0.0004248094182808732,4.601008129101308e-134,0.000999000999000999,0.0009615773414627055,1.4723240126321157e-303,1.4030234665284238e-133,0.000999000999000999
APP_ADRA2A,0.23241353651759888,7.201587766458814e-304,0.0004248094182808732,2.682042330015492e-133,0.000999000999000999,0.0009718277542812407,2.487821228413045e-303,7.658548618656955e-133,0.000999000999000999
CALM1_KCNQ1,0.23415991400116645,1.6876528988297446e-302,0.0004248094182808732,3.713413724279644e-142,0.000999000999000999,0.0008677285739416319,5.789587027929818e-302,2.2647239256717832e-141,0.000999000999000999
COL6A2_ITGB1,0.23630432064085563,8.03691666406729e-301,0.0004248094182808732,2.810015333396759e-129,0.000999000999000999,0.0009915471626373688,2.7380943669305114e-300,5.932254592726492e-129,0.000999000999000999
COL1A2_ITGAV,0.23663485350022986,1.4564111679356385e-300,0.0004248094182808732,1.1939480376923178e-130,0.000999000999000999,0.0010035689305248527,4.927856965480859e-300,2.8493252686956763e-130,0.000999000999000999
ADAM10_AXL,0.23681910376050544,2.0284390839614923e-300,0.0004248094182808732,7.617812900222236e-132,0.000999000999000999,0.0009867022403161607,6.81665923453726e-300,1.9498443381915983e-131,0.000999000999000999
LAMA5_ITGA3,0.23747412092322007,6.582232185865794e-300,0.0004248094182808732,3.6926906050935424e-140,0.000999000999000999,0.0009259362751751022,2.1970423647416906e-299,1.9828143031697933e-139,0.000999000999000999
HSPA8_LDLR,0.2376680334166765,9.324574656839816e-300,0.0004248094182808732,6.02463437182979e-132,0.000999000999000999,0.0009865190846944207,3.0915032754891736e-299,1.5500882185853731e-131,0.000999000999000999
C3_ITGB2,0.23905197495977876,1.1169075183495279e-298,0.0004248094182808732,1.0092602391529368e-140,0.000999000999000999,0.0009194854859547006,3.678348760431112e-298,5.665619978881259e-140,0.000999000999000999
CSF1_CSF1R,0.23929914275209743,1.739434851959538e-298,0.0004248094182808732,1.7084910798157284e-143,0.000999000999000999,0.0009047885611552017,5.690601436211998e-298,1.1561569772999587e-142,0.000999000999000999
CXCL16_ADRA2A,0.23971910932398782,3.6911310523180727e-298,0.0004248094182808732,6.695869950112983e-128,0.000999000999000999,0.0010242809748748055,1.1996175920033736e-297,1.2771273186701982e-127,0.000999000999000999
MDK_ITGA6,0.2431283837712133,1.633229241864736e-295,0.0004248094182808732,4.726721113313736e-132,0.000999000999000999,0.0009749326726142795,5.273302258046925e-295,1.2354498571306802e-131,0.000999000999000999
THBS1_SCARB1,0.24328396991681575,2.155320989365184e-295,0.0004248094182808732,1.5258659200070734e-132,0.000999000999000999,0.0009651392532507624,6.91382187497663e-295,4.187654247130524e-132,0.000999000999000999
COL1A1_DDR1,0.24350143712208802,3.1757596872585017e-295,0.0004248094182808732,8.260894123670969e-139,0.000999000999000999,0.0009550270076120969,1.0121453454875483e-294,3.849888393484395e-138,0.000999000999000999
AFDN_NECTIN2,0.2437362747833151,4.825863852585889e-295,0.0004248094182808732,9.058918346293753e-128,0.000999000999000999,0.0009863389951224814,1.5281902199855314e-294,1.7145998709077063e-127,0.000999000999000999
MELTF_TFRC,0.243820032009469,5.60242900651454e-295,0.0004248094182808732,8.682545843425966e-138,0.000999000999000999,0.0009204193585943578,1.7628025026867408e-294,3.474756516532677e-137,0.000999000999000999
SCGB3A1_NOTCH3,0.2442084977554266,1.1190020112955563e-294,0.0004248094182808732,3.0275516355835316e-141,0.000999000999000999,0.0009033884293095374,3.498651858101296e-294,1.739081986021238e-140,0.000999000999000999
GNAI2_PTPRU,0.24506735332383914,5.1588862713627994e-294,0.0004248094182808732,5.365146926382158e-131,0.000999000999000999,0.000953177682950456,1.602823784939134e-293,1.312070584966726e-130,0.000999000999000999
TGFB3_ENG,0.24559883488731096,1.327114511384038e-293,0.0004248094182808732,3.8367902996795695e-149,0.000999000999000999,0.0008208307064224866,4.0974660538982177e-293,4.512796209623113e-148,0.000999000999000999
GRN_TNFRSF1B,0.2458966919857239,2.2529688227024878e-293,0.0004248094182808732,3.181380075304509e-129,0.000999000999000999,0.0010241776131621094,6.912836015000179e-293,6.640649964612541e-129,0.000999000999000999
C3_ITGAX,0.24625347440022205,4.245740479241347e-293,0.0004248094182808732,2.81449735153024e-121,0.000999000999000999,0.0010281984324321247,1.2946887634229788e-292,3.995292217402122e-121,0.000999000999000999
PLAU_LRP1,0.24645001979635606,6.018662098205229e-293,0.0004248094182808732,5.937631715608824e-140,0.000999000999000999,0.0009049166046997769,1.8240607831370449e-292,3.120414965436978e-139,0.000999000999000999
CALR_LRP1,0.2466845935873507,9.126760505777286e-293,0.0004248094182808732,1.1075024824807575e-139,0.000999000999000999,0.0009061693124459103,2.7491583474719383e-292,5.640270374695816e-139,0.000999000999000999
LAMC2_ITGA6,0.24735001861056513,2.971261186334952e-292,0.0004248094182808732,3.851475196448747e-136,0.000999000999000999,0.0009286459953090272,8.895775915451311e-292,1.3787164833664354e-135,0.000999000999000999
EFNA1_EPHB6,0.24885898664829498,4.30259237659962e-291,0.0004248094182808732,2.703457493457085e-134,0.000999000999000999,0.0009391128172760721,1.2804100205061519e-290,8.452582289669619e-134,0.000999000999000999
GRN_SORT1,0.24901382354831797,5.6585937320955944e-291,0.0004248094182808732,2.6180383917893166e-133,0.000999000999000999,0.00094843442499536,1.673859463266601e-290,7.519249799673967e-133,0.000999000999000999
THBS1_ITGA6,0.24906467324022893,6.1912253614233305e-291,0.0004248094182808732,2.790369539409923e-129,0.000999000999000999,0.0009804389931148596,1.820515076513765e-290,5.91606245694636e-129,0.000999000999000999
TGFB3_ITGB1,0.24973975769601475,2.0426662040195052e-290,0.0004248094182808732,8.940648320505156e-126,0.000999000999000999,0.0009832606554072921,5.970870442518553e-290,1.502272200792363e-125,0.000999000999000999
LAMA5_ITGA2,0.2506564122470401,1.0312951879822277e-289,0.0004248094182808732,3.0108040802391923e-133,0.000999000999000999,0.0009240160670292741,2.996822487430709e-289,8.499069803646634e-133,0.000999000999000999
PLAU_MRC2,0.25216597415465214,1.4775083123289523e-288,0.0004248094182808732,2.293063964009104e-127,0.000999000999000999,0.0009801575923242328,4.2683573467280844e-288,4.226767157539169e-127,0.000999000999000999
FGF23_FGFR1,0.25235149299161275,2.048589424699247e-288,0.0004248094182808732,5.974890322925813e-132,0.000999000999000999,0.0009525487505499869,5.8837393941943485e-288,1.5453381254059434e-131,0.000999000999000999
TIMP2_ITGB1,0.25243325844683245,2.3658962494595766e-288,0.0004248094182808732,1.7197329168161078e-125,0.000999000999000999,0.0010041178492686575,6.755796226780525e-288,2.870094800362018e-125,0.000999000999000999
S100A10_TRPV6,0.25253378368020474,2.8240740891583982e-288,0.0004248094182808732,6.229278819713313e-136,0.000999000999000999,0.000913397991882506,8.017773563472694e-288,2.1519326831736898e-135,0.000999000999000999
COL7A1_ITGA2,0.2528745319998156,5.145163320383915e-288,0.0004248094182808732,2.8044243615553737e-134,0.000999000999000999,0.0009324402744778435,1.4524061030112307e-287,8.713117198794683e-134,0.000999000999000999
MMP1_ITGA2,0.25292479017528247,5.6210131111430864e-288,0.0004248094182808732,3.848367690427699e-124,0.000999000999000999,0.001045498649206909,1.57771618005948e-287,6.1800146492468596e-124,0.000999000999000999
SEMA4D_PLXNB1,0.2529898945327504,6.303388150889942e-288,0.0004248094182808732,3.736051723956273e-135,0.000999000999000999,0.0009088358930703535,1.759250704259679e-287,1.2470334808340534e-134,0.000999000999000999
LRPAP1_LRP8,0.25300129088530915,6.4310794008859876e-288,0.0004248094182808732,4.212944406939129e-130,0.000999000999000999,0.0009691244664629656,1.7848051820436393e-287,9.59075823515175e-130,0.000999000999000999
ARPC5_LDLR,0.2541318408743738,4.695295882667812e-287,0.0004248094182808732,3.464034332869866e-136,0.000999000999000999,0.0009191915839520052,1.2957967408032957e-286,1.2490751536041707e-135,0.000999000999000999
TFF1_MUC5AC,0.25496470291806295,2.027067936275184e-286,0.0004248094182808732,5.565649985040981e-136,0.000999000999000999,0.0008815901809532454,5.563175336221894e-286,1.9362190793029892e-135,0.000999000999000999
EFEMP2_AQP1,0.2552213700963568,3.1803858353695054e-286,0.0004248094182808732,3.5022861307440702e-127,0.000999000999000999,0.0009638669410703985,8.68016907553887e-286,6.268584596331778e-127,0.000999000999000999
LAMC3_ITGA6,0.2564737215907408,2.8573155466540325e-285,0.0004248094182808732,2.1788034199538437e-128,0.000999000999000999,0.000964119372067932,7.755570769489517e-285,4.2881629062039794e-128,0.000999000999000999
COL6A3_ITGA2,0.2572048236654085,1.027643391292133e-284,0.0004248094182808732,6.439451141914695e-120,0.000999000999000999,0.001045057892190954,2.774075602723026e-284,8.910613064722295e-120,0.000999000999000999
GNAI2_ADORA1,0.2577025913428374,2.4547166356972766e-284,0.0004248094182808732,2.4127350992740513e-136,0.000999000999000999,0.0008696646061808127,6.590380532795949e-284,8.82882325215838e-136,0.000999000999000999
COL6A2_ITGA2,0.2578984679688367,3.457334026484033e-284,0.0004248094182808732,2.4056755117011246e-127,0.000999000999000999,0.0009504549908493747,9.232016265314121e-284,4.417857631153738e-127,0.000999000999000999
LAMB3_ITGB4,0.2582127721346073,5.988637207420768e-284,0.0004248094182808732,4.994496206034735e-127,0.000999000999000999,0.000945028149134319,1.5905305271321825e-283,8.87511196324158e-127,0.000999000999000999
VCAM1_ITGB1,0.25861523864633246,1.209736830056289e-283,0.0004248094182808732,3.0171978194773082e-127,0.000999000999000999,0.0009440032027560416,3.195775369239608e-283,5.4344670713669545e-127,0.000999000999000999
ADAM10_CD44,0.25959527300567997,6.692356522754656e-283,0.0004248094182808732,1.7415158610386328e-125,0.000999000999000999,0.0010277504404361002,1.7585234692770214e-282,2.8966627452965813e-125,0.000999000999000999
CALM1_KCNN4,0.2601543483913706,1.7739089501651453e-282,0.0004248094182808732,7.766448338705297e-135,0.000999000999000999,0.0008743124981249245,4.6365662506961996e-282,2.524095710079221e-134,0.000999000999000999
MDK_ITGB1,0.26101147679180337,7.895146240975257e-282,0.0004248094182808732,4.355824462040155e-128,0.000999000999000999,0.0009745222211454902,2.0527380226535667e-281,8.438342291167986e-128,0.000999000999000999
LAMC2_ITGB1,0.2624900853394991,1.03319641334126e-280,0.0004248094182808732,5.2567028280475786e-130,0.000999000999000999,0.0009256009810001618,2.6722462208931017e-280,1.175027690975341e-129,0.000999000999000999
HMGB1_CXCR4,0.26309277912503115,2.9428552572781784e-280,0.0004248094182808732,1.1163275730641224e-141,0.000999000999000999,0.0008751022963871971,7.571721339038646e-280,6.725192940166786e-141,0.000999000999000999
HBEGF_CD44,0.26355148749268953,6.5238538755944375e-280,0.0004248094182808732,6.013202425466316e-135,0.000999000999000999,0.0010237838404651264,1.6698361733386797e-279,1.993638924953262e-134,0.000999000999000999
LAMC2_COL17A1,0.2649824149352102,7.791740111888007e-279,0.0004248094182808732,1.2900439671272156e-128,0.000999000999000999,0.0009411001526385915,1.9840822759137505e-278,2.6011498765748756e-128,0.000999000999000999
SEMA4A_PLXND1,0.2654912548955661,1.880006958390277e-278,0.0004248094182808732,3.503828071416221e-122,0.000999000999000999,0.0009788816746595286,4.7626842945887014e-278,5.151461509760754e-122,0.000999000999000999
HBEGF_CD9,0.2655272088380393,2.000682394365043e-278,0.0004248094182808732,8.89549793377263e-128,0.000999000999000999,0.0009082226328416165,5.042536238858833e-278,1.6901446074167999e-127,0.000999000999000999
COL1A1_ITGB1,0.2660904282833568,5.2997371000677994e-278,0.0004248094182808732,8.653467523962944e-147,0.000999000999000999,0.0008080869338056069,1.3289696078342604e-277,7.633594565781597e-146,0.000999000999000999
GNAI2_IGF1R,0.26617863277690845,6.172796494161806e-278,0.0004248094182808732,4.0501480263453564e-122,0.000999000999000999,0.0009640594163970221,1.540081549553501e-277,5.937012240399424e-122,0.000999000999000999
ADAM9_ITGA3,0.2666844576242596,1.4795273465106178e-277,0.0004248094182808732,2.3973750900734917e-139,0.000999000999000999,0.0008518041543150612,3.672796528523845e-277,1.1962659540366716e-138,0.000999000999000999
NID1_ITGA3,0.2681277723385721,1.7862795041993704e-276,0.0004248094182808732,1.4751241977645433e-125,0.000999000999000999,0.0009427430039663686,4.412110375372445e-276,2.4702079786294385e-125,0.000999000999000999
PSEN1_NCSTN,0.26916699523157656,1.0704685874366315e-275,0.0004248094182808732,1.9069738839355495e-147,0.000999000999000999,0.0007966021270580838,2.6309028964860496e-275,1.7774435823852103e-146,0.000999000999000999
S100A10_CFTR,0.2697374859624592,2.8575170894378132e-275,0.0004248094182808732,9.629280385470972e-130,0.000999000999000999,0.0008990292821870359,6.988185357338018e-275,2.1048073054967522e-129,0.000999000999000999
COL6A3_ITGA1,0.2707251020587127,1.5609871112164327e-274,0.0004248094182808732,3.495473671811462e-132,0.000999000999000999,0.0009340719579852958,3.7986582903493483e-274,9.283677386423991e-132,0.000999000999000999
PSEN1_NOTCH4,0.27087109533354703,2.0059573227946127e-274,0.0004248094182808732,4.0435082379510164e-136,0.000999000999000999,0.0009037515015454563,4.857563320884994e-274,1.4370453737753972e-135,0.000999000999000999
THBS2_ITGB1,0.2709233939165806,2.1944981296852734e-274,0.0004248094182808732,1.0011453076525404e-142,0.000999000999000999,0.0008323321441905172,5.288205249095245e-274,6.260326354181708e-142,0.000999000999000999
PLAU_ITGB5,0.2715377787806869,6.301483754193431e-274,0.0004248094182808732,4.92261303701312e-148,0.000999000999000999,0.0007848503108047888,1.5111325119279392e-273,4.768178118204865e-147,0.000999000999000999
HSPG2_FGFR1,0.27207375396920114,1.5804123636932887e-273,0.0004248094182808732,5.407663686164283e-138,0.000999000999000999,0.0008554878021941789,3.771612114321181e-273,2.263886322851827e-137,0.000999000999000999
ADAM10_TSPAN17,0.2736363295737191,2.2976847509651907e-272,0.0004248094182808732,9.486767994245533e-125,0.000999000999000999,0.000930053025478547,5.4570012835423284e-272,1.551809069257382e-124,0.000999000999000999
LAMB3_ITGA2,0.2749182573618144,2.0566129071353823e-271,0.0004248094182808732,1.3389656584642391e-127,0.000999000999000999,0.0009226221482466171,4.861085053229085e-271,2.4866505085764444e-127,0.000999000999000999
FGA_PLAUR,0.2757757793613186,8.890908877537694e-271,0.0004248094182808732,1.316644200780548e-131,0.000999000999000999,0.0008913775123514298,2.0914804692874383e-270,3.3184807917632176e-131,0.000999000999000999
CALR_HLA-F,0.27676968932609725,4.840856363487014e-270,0.0004248094182808732,1.2826777915148498e-131,0.000999000999000999,0.0008856790806895148,1.1333568926836895e-269,3.249450405170953e-131,0.000999000999000999
THBS2_NOTCH4,0.2770057050120528,7.236693125590856e-270,0.0004248094182808732,7.208810735824827e-134,0.000999000999000999,0.0008965634862205562,1.6862860396423977e-269,2.1452725924683523e-133,0.000999000999000999
LAMB3_CD151,0.27703343504069833,7.586696119586934e-270,0.0004248094182808732,4.3740302862509196e-128,0.000999000999000999,0.0009017831286983738,1.7595436070779085e-269,8.440511567999821e-128,0.000999000999000999
MDK_SDC3,0.27843018026668115,8.170350227944568e-269,0.0004248094182808732,1.5787697342793138e-128,0.000999000999000999,0.0009137300580391065,1.8860528096283257e-268,3.1321777057589595e-128,0.000999000999000999
GPC3_LRP1,0.27856659264481803,1.030248388090424e-268,0.0004248094182808732,3.8708749606417166e-112,0.000999000999000999,0.0010130016450854713,2.3671753661240442e-268,4.509934506030679e-112,0.000999000999000999
JAG2_NOTCH4,0.2790417374065776,2.3096764792823537e-268,0.0004248094182808732,8.995936844520702e-135,0.000999000999000999,0.0008840666238430268,5.282315651692049e-268,2.9045704582962267e-134,0.000999000999000999
NLGN2_NRXN2,0.27905241609868325,2.3519511995845914e-268,0.0004248094182808732,4.814676570645689e-128,0.000999000999000999,0.0008607487822328932,5.354211486611927e-268,9.25467013968471e-128,0.000999000999000999
LTB_LTBR,0.2801708931629568,1.5697471252691676e-267,0.0004248094182808732,2.501536638118499e-126,0.000999000999000999,0.000858320857103913,3.557133393958572e-267,4.261238273208754e-126,0.000999000999000999
CDH1_LRP5,0.28042898073265893,2.4315215068316393e-267,0.0004248094182808732,5.517089114297811e-131,0.000999000999000999,0.0008406721915071429,5.484801937784611e-267,1.342582277075428e-130,0.000999000999000999
COL7A1_ITGB1,0.2810913019212012,7.469326333018314e-267,0.0004248094182808732,6.315975670454603e-131,0.000999000999000999,0.0008868949228030825,1.6772032765959305e-266,1.5294568535316539e-130,0.000999000999000999
LAMC3_ITGB1,0.28284850484154056,1.459616110088152e-265,0.0004248094182808732,4.295901452058553e-130,0.000999000999000999,0.0008836473312163444,3.2626713049029277e-265,9.734749162004244e-130,0.000999000999000999
SEMA4D_ERBB2,0.28326600684812203,2.954605105300494e-265,0.0004248094182808732,5.067460745733743e-127,0.000999000999000999,0.0008791753726183457,6.574661810893891e-265,8.972493220044694e-127,0.000999000999000999
COL3A1_ITGB1,0.28344613791778495,4.004797453155757e-265,0.0004248094182808732,5.139066108817749e-134,0.000999000999000999,0.0008662693530109534,8.855897667542094e-265,1.5479869864365658e-133,0.000999000999000999
NID1_ITGB1,0.28344773798775336,4.0156297115980344e-265,0.0004248094182808732,3.259669972322533e-129,0.000999000999000999,0.0009000318504072301,8.855897667542094e-265,6.765869606417358e-129,0.000999000999000999
CDH1_PTPRM,0.2835357210800358,4.6585962412878925e-265,0.0004248094182808732,1.4154520808499833e-130,0.000999000999000999,0.0009145888937228067,1.022820685864986e-264,3.3616986920187103e-130,0.000999000999000999
THBS2_NOTCH3,0.2840774579982286,1.1620755870833508e-264,0.0004248094182808732,1.1766441267592074e-136,0.000999000999000999,0.0008348154706337266,2.5401121239786518e-264,4.370392470819913e-136,0.000999000999000999
ADAM12_ITGB1,0.2845966633775593,2.7888262642187154e-264,0.0004248094182808732,2.130183167277353e-129,0.000999000999000999,0.0008982099888210656,6.0690756586962355e-264,4.595242290982587e-129,0.000999000999000999
TGM2_ITGB1,0.2846191108450953,2.896358807614459e-264,0.0004248094182808732,4.27552968740039e-132,0.000999000999000999,0.0008711727062473252,6.275444083164661e-264,1.1234636519020174e-131,0.000999000999000999
PLAT_LRP1,0.28592310391066944,2.602881964011569e-263,0.0004248094182808732,2.0652420273527508e-137,0.000999000999000999,0.0008365474305533028,5.6149506123218996e-263,7.908756290792704e-137,0.000999000999000999
PSAP_SORT1,0.2874643447280098,3.469882076731477e-262,0.0004248094182808732,1.0007232315384435e-133,0.000999000999000999,0.0008511439781726559,7.452703243066738e-262,2.90798397870583e-133,0.000999000999000999
PLAU_ITGB1,0.28782281589435377,6.332770439907486e-262,0.0004248094182808732,4.1406867612382086e-134,0.000999000999000999,0.0008579163147548725,1.3542807780581375e-261,1.2704964348147049e-133,0.000999000999000999
TGFB1_ITGB6,0.2878581072173807,6.719074389534835e-262,0.0004248094182808732,1.813152096741831e-117,0.000999000999000999,0.0009538561414005168,1.4306994605302624e-261,2.3025633310808853e-117,0.000999000999000999
PLAU_ITGA5,0.2880417931811213,9.143979222267662e-262,0.0004248094182808732,4.098411229894782e-132,0.000999000999000999,0.0008575659544459757,1.9386805733048174e-261,1.082681897095199e-131,0.000999000999000999
TGFB3_ACVRL1,0.2885116494024682,2.0104610250236814e-261,0.0004248094182808732,2.347580902894878e-130,0.000999000999000999,0.0008089442606614641,4.244306608383327e-261,5.496232066493222e-130,0.000999000999000999
PLAU_PLAUR,0.28852641275731417,2.060834085166918e-261,0.0004248094182808732,1.552936280799088e-120,0.000999000999000999,0.0009347387322648671,4.332136332223224e-261,2.1670918720755634e-120,0.000999000999000999
ALOX5AP_ALOX5,0.288997309278563,4.536570570220057e-261,0.0004248094182808732,3.1100470252347623e-139,0.000999000999000999,0.0007865493383432752,9.49604178681656e-261,1.521151713332646e-138,0.000999000999000999
LIPH_LPAR2,0.28909501723007724,5.343233093984134e-261,0.0004248094182808732,1.9305136820819144e-118,0.000999000999000999,0.0010641140116076963,1.1137371934296044e-260,2.52000846931258e-118,0.000999000999000999
PLAU_ITGA3,0.2892772547462828,7.250108519751424e-261,0.0004248094182808732,4.15545325291618e-123,0.000999000999000999,0.0009111571315214054,1.50485445746101e-260,6.394996594830508e-123,0.000999000999000999
GNAS_ADORA1,0.29007296954493195,2.745783267615436e-260,0.0004248094182808732,9.069756057824073e-133,0.000999000999000999,0.0008467901698722131,5.6753846619331605e-260,2.5171120744747706e-132,0.000999000999000999
PLAU_IGF2R,0.29133864317188896,2.276246657903374e-259,0.0004248094182808732,1.0156199798491925e-131,0.000999000999000999,0.0008225675350366781,4.685274370851112e-259,2.586166340440727e-131,0.000999000999000999
INS_IGF1R,0.2921755547349817,9.198199704273772e-259,0.0004248094182808732,1.9733923744438812e-134,0.000999000999000999,0.0008445252978166685,1.8854401053573625e-258,6.28939247080824e-134,0.000999000999000999
DKK1_LRP5,0.29253594988990783,1.6774496610617254e-258,0.0004248094182808732,7.424600226713579e-135,0.000999000999000999,0.0008169139237974689,3.424215423820216e-258,2.428975173507621e-134,0.000999000999000999
APOE_LRP5,0.2928586954829253,2.8722558306759294e-258,0.0004248094182808732,1.7699653359844256e-118,0.000999000999000999,0.0009335209346649463,5.839071524090162e-258,2.3192649230140746e-118,0.000999000999000999
LIF_IL6ST,0.29286570534754947,2.9059961559104197e-258,0.0004248094182808732,6.8740734712951156e-130,0.000999000999000999,0.0008504216290447689,5.883451233687489e-258,1.529636168837742e-129,0.000999000999000999
RTN4_GJB2,0.292984346826181,3.5410270823110484e-258,0.0004248094182808732,2.0807005695796974e-134,0.000999000999000999,0.0008791662562375126,7.139866851680236e-258,6.546917715747583e-134,0.000999000999000999
ICAM1_ITGAX,0.29377510436066995,1.3208568169653251e-257,0.0004248094182808732,5.186429988177612e-128,0.000999000999000999,0.0008442206241663031,2.6524523072393117e-257,9.930606256433101e-128,0.000999000999000999
ADAM9_ITGB5,0.2940776526488622,2.1849051146148367e-257,0.0004248094182808732,1.3706498766492966e-128,0.000999000999000999,0.0008515693604948803,4.3698102292296735e-257,2.7524432482307016e-128,0.000999000999000999
BMP2_ENG,0.2958039101972654,3.8439999713130323e-256,0.0004248094182808732,2.780015552946891e-121,0.000999000999000999,0.0009032312543905288,7.656999942857412e-256,3.95771666615494e-121,0.000999000999000999
ICAM3_ITGB2,0.2968882479641877,2.3199898839843754e-255,0.0004248094182808732,6.635931130311441e-140,0.000999000999000999,0.0007716981058263011,4.602710854169804e-255,3.4147395608060956e-139,0.000999000999000999
LAMA5_BCAM,0.297217137349198,3.999842162254711e-255,0.0004248094182808732,1.1917010655901822e-124,0.000999000999000999,0.0008571303351234804,7.903688112615309e-255,1.936514231584046e-124,0.000999000999000999
EFNA5_EPHA2,0.2979334315855957,1.308765431676343e-254,0.0004248094182808732,3.5994957079310324e-120,0.000999000999000999,0.0009209089637212998,2.57581722409607e-254,4.994805841904298e-120,0.000999000999000999
LAMB2_ITGB1,0.2991174018419506,9.261096676041851e-254,0.0004248094182808732,1.2365142174014627e-127,0.000999000999000999,0.0008385897192537159,1.8154689515732833e-253,2.3137803916527367e-127,0.000999000999000999
CDH1_IGF1R,0.29918994800449983,1.0439657128000285e-253,0.0004248094182808732,3.7846664966579605e-139,0.000999000999000999,0.0008031534801465162,2.0384152653091465e-253,1.8151701449990607e-138,0.000999000999000999
MFGE8_PDGFRB,0.3001445643144759,5.043749303718342e-253,0.0004248094182808732,7.634183419268848e-133,0.000999000999000999,0.0007995573858287662,9.809496677310477e-253,2.14277648245387e-132,0.000999000999000999
CALM3_AQP1,0.30038086995549595,7.446354617695229e-253,0.0004248094182808732,4.7472400603515144e-113,0.000999000999000999,0.0009587935193974288,1.4425486984868403e-252,5.596984701225891e-113,0.000999000999000999
COL3A1_ITGA2,0.3005870986933089,1.046050983364928e-252,0.0004248094182808732,2.907164411871226e-122,0.000999000999000999,0.0008847999530824522,2.0185515069620093e-252,4.3387891826718597e-122,0.000999000999000999
VCAM1_ITGB2,0.30065194207218554,1.1640075898900229e-252,0.0004248094182808732,7.80444190480017e-143,0.000999000999000999,0.0007488627700553656,2.237430931539577e-252,5.0728872381201104e-142,0.000999000999000999
VEGFA_ITGB1,0.3017010162199197,6.547767460923257e-252,0.0004248094182808732,1.0349044029332489e-128,0.000999000999000999,0.0008523988525975498,1.2537198161612748e-251,2.103879732712037e-128,0.000999000999000999
AFDN_NRXN2,0.3022111283239986,1.5150997447214763e-251,0.0004248094182808732,1.0927556607371794e-126,0.000999000999000999,0.0008075039253199842,2.8898041463027386e-251,1.9074957470111893e-126,0.000999000999000999
MMP7_CD44,0.30267842844865106,3.2657087007804147e-251,0.0004248094182808732,2.4830528698137855e-129,0.000999000999000999,0.0008250201380084654,6.204846531482788e-251,5.310078431549827e-129,0.000999000999000999
TGFB3_ITGB6,0.3033163209940409,9.309239915479764e-251,0.0004248094182808732,1.1732342174642052e-124,0.000999000999000999,0.0008264658706442205,1.7619787426233728e-250,1.9127977010802557e-124,0.000999000999000999
LAMB2_ITGA3,0.30531499080872565,2.464044820354479e-249,0.0004248094182808732,1.914891525689359e-135,0.000999000999000999,0.0007926166824807345,4.645947104027148e-249,6.479153518428378e-135,0.000999000999000999
ZG16B_CXCR4,0.30552305709967464,3.4635714292154845e-249,0.0004248094182808732,3.793786774479103e-140,0.000999000999000999,0.0007638323160269702,6.505719718754561e-249,2.015194265153416e-139,0.000999000999000999
PLAT_ITGB2,0.3057232473832565,4.805741072158099e-249,0.0004248094182808732,1.255763131735834e-127,0.000999000999000999,0.0008157203371392233,8.99256094562917e-249,2.3409320267075544e-127,0.000999000999000999
PLAU_ST14,0.30681509489557146,2.862879925664717e-248,0.0004248094182808732,1.7033792228580252e-123,0.000999000999000999,0.0008566196401357472,5.336840314258e-248,2.6461299877102657e-123,0.000999000999000999
AFDN_F11R,0.3070387855004562,4.125138703614487e-248,0.0004248094182808732,4.776575905982145e-132,0.000999000999000999,0.0008114047254650236,7.660971878141191e-248,1.2419097355553575e-131,0.000999000999000999
SEMA3F_PLXNA3,0.30734844486349977,6.838429679083029e-248,0.0004248094182808732,4.946719649939814e-134,0.000999000999000999,0.0007743213624663626,1.265237551111242e-247,1.4991898816382014e-133,0.000999000999000999
SEMA7A_ITGA1,0.30927998785386845,1.592275676157928e-246,0.0004248094182808732,2.383165226458941e-129,0.000999000999000999,0.0008584125327776741,2.935015612022449e-246,5.11862444291616e-129,0.000999000999000999
COL18A1_GPC1,0.3094457697127978,2.0853255074030128e-246,0.0004248094182808732,6.10851451165649e-129,0.000999000999000999,0.0008322402411615875,3.829556879766128e-246,1.2521187422233636e-128,0.000999000999000999
SEMA4D_MET,0.30972980186471366,3.310014825332563e-246,0.0004248094182808732,6.146699575927784e-123,0.000999000999000999,0.0008389822808776437,6.0561011989418e-246,9.430029784187345e-123,0.000999000999000999
SEMA3B_NRP2,0.31022409230073145,7.393118546338278e-246,0.0004248094182808732,2.6916241078762737e-127,0.000999000999000999,0.0008420226621232789,1.3476754840926603e-245,4.888464372392939e-127,0.000999000999000999
FGB_ITGB2,0.31053173371972875,1.2187492684898131e-245,0.0004248094182808732,2.4657686307235184e-126,0.000999000999000999,0.0008327735996516909,2.2134637449778225e-245,4.214843264973765e-126,0.000999000999000999
APP_TSPAN15,0.31090114117273865,2.220539186764953e-245,0.0004248094182808732,1.5982362036889225e-127,0.000999000999000999,0.0007969606204637256,4.0181185284318195e-245,2.9570362719937366e-127,0.000999000999000999
LRPAP1_SORT1,0.31095023376148767,2.404767447875139e-245,0.0004248094182808732,1.264656496801793e-126,0.000999000999000999,0.0008603761512855054,4.3356026250011624e-245,2.192071261123108e-126,0.000999000999000999
FBN1_ITGA5,0.3112905998187392,4.178243415963476e-245,0.0004248094182808732,8.130892516441282e-124,0.000999000999000999,0.0008438755593025403,7.50564453631257e-245,1.291530837016718e-123,0.000999000999000999
EFNB1_EPHB6,0.3118587849553573,1.0501181290659424e-244,0.0004248094182808732,4.453390842700738e-127,0.000999000999000999,0.0008415575318146396,1.8795592599948387e-244,7.94214828987063e-127,0.000999000999000999
COL5A1_ITGB1,0.3135354202657549,1.5862863755710058e-243,0.0004248094182808732,2.2124249098779128e-122,0.000999000999000999,0.000870677864297727,2.8289728141952235e-243,3.311933046908148e-122,0.000999000999000999
COL1A2_ITGA1,0.3135675335763206,1.6708528608314335e-243,0.0004248094182808732,3.727642414364217e-119,0.000999000999000999,0.0008898734245010153,2.9690694721249216e-243,5.072879759492901e-119,0.000999000999000999
LAMB1_ITGB1,0.31410654140704886,3.9937772330307676e-243,0.0004248094182808732,1.2595562652165758e-122,0.000999000999000999,0.0008333015820866553,7.071419186799998e-243,1.908652745450885e-122,0.000999000999000999
LGALS9_CD47,0.31510502514090566,2.0028595842550103e-242,0.0004248094182808732,3.031660330054876e-129,0.000999000999000999,0.000832850798198945,3.5336165522213396e-242,6.372937034243017e-129,0.000999000999000999
COL4A1_ITGA2,0.31558857788202066,4.3693273998137585e-242,0.0004248094182808732,8.877650304761034e-119,0.000999000999000999,0.0008759762410784776,7.681308667288245e-242,1.1852862839329598e-118,0.000999000999000999
FN1_ITGA3,0.3157729993699085,5.882371176957523e-242,0.0004248094182808732,2.910059081206292e-132,0.000999000999000999,0.0007745251115661265,1.0304579295805023e-241,7.855569323037751e-132,0.000999000999000999
IL16_CD4,0.31629409187554197,1.3622297020235796e-241,0.0004248094182808732,2.0597679438980545e-125,0.000999000999000999,0.0008259569028476594,2.3778850628962836e-241,3.414514645253822e-125,0.000999000999000999
SERPINE1_LRP1,0.31673610669360475,2.7757900649289142e-241,0.0004248094182808732,9.734653994345974e-136,0.000999000999000999,0.0007790062130458057,4.8283108875876185e-241,3.339527134171467e-135,0.000999000999000999
PSEN1_NOTCH3,0.31688063047291,3.502840394322636e-241,0.0004248094182808732,3.7138332578948175e-130,0.000999000999000999,0.0007925264637714797,6.071590016825903e-241,8.493674210185369e-130,0.000999000999000999
HLA-C_NOTCH4,0.3179752618939585,2.0368681998082863e-240,0.0004248094182808732,5.0372510834671536e-129,0.000999000999000999,0.000875843553041546,3.518226890577949e-240,1.0368341813469892e-128,0.000999000999000999
HSPG2_LRP1,0.3181431433910876,2.667540952802139e-240,0.0004248094182808732,8.663840179354077e-134,0.000999000999000999,0.0007854460390850122,4.591516483220407e-240,2.547581576548163e-133,0.000999000999000999
JAG2_NOTCH3,0.31882897338181787,8.023911374663101e-240,0.0004248094182808732,2.7168223561166527e-127,0.000999000999000999,0.0008077239367143034,1.376323687181796e-239,4.916154739639657e-127,0.000999000999000999
AFDN_EPHB6,0.3191688523306285,1.3842940778682611e-239,0.0004248094182808732,1.781175915817434e-121,0.000999000999000999,0.0008557834166838747,2.366232783622564e-239,2.5578514605052682e-121,0.000999000999000999
COL5A2_ITGB1,0.3192106098741009,1.4801941065557436e-239,0.0004248094182808732,1.5197711119926137e-126,0.000999000999000999,0.0008167834008783847,2.521434098753577e-239,2.6250591934417872e-126,0.000999000999000999
COL6A2_ITGA1,0.32078372241034797,1.8404627634758485e-238,0.0004248094182808732,1.1606366674750694e-139,0.000999000999000999,0.0007458552423583873,3.1243594678937083e-238,5.850556262578411e-139,0.000999000999000999
SAA1_SCARB1,0.3214896224580589,5.6922917933858955e-238,0.0004248094182808732,2.4452458977580833e-123,0.000999000999000999,0.0008235918613309227,9.630110088810385e-238,3.786681735086185e-123,0.000999000999000999
LAMB1_ITGA7,0.3217126020470846,8.129732411488841e-238,0.0004248094182808732,3.537473964748888e-130,0.000999000999000999,0.0007763422373623319,1.3706784338824188e-237,8.127963435283491e-130,0.000999000999000999
COL6A1_ITGB1,0.3218702041687865,1.0458048602221834e-237,0.0004248094182808732,8.843872911476035e-123,0.000999000999000999,0.0008268504457032302,1.757236737924349e-237,1.3525923276375112e-122,0.000999000999000999
FAM3C_LAMP1,0.32198767593110245,1.2617068547911898e-237,0.0004248094182808732,1.7818015120188177e-117,0.000999000999000999,0.0008696452254449271,2.1128243602266025e-237,2.2685823374672577e-117,0.000999000999000999
APOE_LRP8,0.32286633232189177,5.13059100428463e-237,0.0004248094182808732,1.4859642423740995e-137,0.000999000999000999,0.0007612125188760934,8.562540392285835e-237,5.825923299466707e-137,0.000999000999000999
LAMA5_ITGA6,0.3234915084341367,1.3904257445935636e-236,0.0004248094182808732,3.425054750686642e-130,0.000999000999000999,0.000799890937531482,2.3126946728256583e-236,7.906434798314024e-130,0.000999000999000999
JAG1_NOTCH3,0.324053329079907,3.403371193740532e-236,0.0004248094182808732,3.4379965293448025e-125,0.000999000999000999,0.0007998990861929918,5.64183009969068e-236,5.6801681789175e-125,0.000999000999000999
TIMP3_MET,0.32522603937632794,2.199620226132891e-235,0.0004248094182808732,1.8953040918162997e-132,0.000999000999000999,0.0008046426874792984,3.634155156219559e-235,5.172818902526254e-132,0.000999000999000999
GNAS_PTGIR,0.3252921338156366,2.4433322880816815e-235,0.0004248094182808732,2.097040584674177e-126,0.000999000999000999,0.0007869165541679427,4.0233538343745025e-235,3.597007113989735e-126,0.000999000999000999
S100A9_ALCAM,0.32573632774293343,4.9494844504272256e-235,0.0004248094182808732,7.245732161338251e-122,0.000999000999000999,0.0008496552204089279,8.12307414787724e-235,1.0496749817305267e-121,0.000999000999000999
PSEN1_NOTCH2,0.3266546725950152,2.1269230469398895e-234,0.0004248094182808732,7.885939456022908e-122,0.000999000999000999,0.0008234505441801436,3.479139023802336e-234,1.1390801436477533e-121,0.000999000999000999
LTF_TFRC,0.3268976934025017,3.127293534428253e-234,0.0004248094182808732,2.4278759355708064e-112,0.000999000999000999,0.000946721833004724,5.098623782203159e-234,2.835391754543684e-112,0.000999000999000999
APP_PLD1,0.3269338956718952,3.3120981916103317e-234,0.0004248094182808732,9.438862521586386e-131,0.000999000999000999,0.0007753674416257348,5.382159561366789e-234,2.2634942163415895e-130,0.000999000999000999
PSEN1_CD44,0.32743202729224036,7.295562448442225e-234,0.0004248094182808732,2.442968725531835e-128,0.000999000999000999,0.000759455973020176,1.181641917878839e-233,4.788994247669549e-128,0.000999000999000999
FN1_ITGA5,0.3274473046282216,7.474342120618263e-234,0.0004248094182808732,3.0935030075945036e-122,0.000999000999000999,0.0008255298578960991,1.2066421593416413e-233,4.5891606178729274e-122,0.000999000999000999
B2M_HLA-F,0.3284934490615551,3.917284949402022e-233,0.0004248094182808732,2.2117414797039685e-122,0.000999000999000999,0.0008219213221459823,6.303383599363513e-233,3.311933046908148e-122,0.000999000999000999
COL5A1_SDC3,0.3287787760001612,6.151834860322602e-233,0.0004248094182808732,2.7811365934420063e-123,0.000999000999000999,0.0007872094980080117,9.866903964283653e-233,4.293379616126097e-123,0.000999000999000999
JAG1_NOTCH4,0.3289025111138971,7.48143314149635e-233,0.0004248094182808732,2.9747089432413035e-118,0.000999000999000999,0.0008677089566429628,1.1960608323298372e-232,3.8268391092739685e-118,0.000999000999000999
FGG_ITGB2,0.3296553779907303,2.4587239165060104e-232,0.0004248094182808732,1.0296197563029042e-122,0.000999000999000999,0.0008123937927727257,3.9180955314644164e-232,1.5650220295804142e-122,0.000999000999000999
COL5A2_ITGA1,0.3299042082045778,3.642213253851396e-232,0.0004248094182808732,1.1651344037723839e-121,0.000999000999000999,0.0008117467497653369,5.785380538271992e-232,1.6780652928966695e-121,0.000999000999000999
PDGFB_LRP1,0.3303517764386882,7.381805563836347e-232,0.0004248094182808732,4.419229838451679e-124,0.000999000999000999,0.000808667316519149,1.168785880940755e-231,7.065047055647669e-124,0.000999000999000999
FN1_ITGA2,0.3304268348730283,8.309852509265454e-232,0.0004248094182808732,2.0723276920216002e-119,0.000999000999000999,0.000843556913064531,1.3115230477882216e-231,2.843694110718529e-119,0.000999000999000999
MFAP2_NOTCH1,0.33082182596041515,1.5493514505576367e-231,0.0004248094182808732,3.5201721919139164e-121,0.000999000999000999,0.0008094813724534182,2.437514702469658e-231,4.982707916348065e-121,0.000999000999000999
CALR_ITGA3,0.3310121048879441,2.091357253774726e-231,0.0004248094182808732,3.341491602132054e-132,0.000999000999000999,0.0007557291555972368,3.2797793122689357e-231,8.922685683531e-132,0.000999000999000999
PTGS2_ALOX5,0.33130661809394624,3.326593130294902e-231,0.0004248094182808732,1.5562663698841399e-114,0.000999000999000999,0.0008693000777326041,5.20043356444836e-231,1.8796958110581054e-114,0.000999000999000999
ADAM9_ITGA6,0.3314714254001918,4.3127953801704546e-231,0.0004248094182808732,2.2582993207332883e-118,0.000999000999000999,0.0008430039644182495,6.7208861760385e-231,2.923004832046011e-118,0.000999000999000999
PLAU_ITGAV,0.33167036814226364,5.899784083825544e-231,0.0004248094182808732,4.7908681762607615e-124,0.000999000999000999,0.0007926850397260174,9.165073388081192e-231,7.6344802550736e-124,0.000999000999000999
ADAM9_ITGB1,0.3322567807690645,1.4849383673291514e-230,0.0004248094182808732,8.911035223565244e-124,0.000999000999000999,0.0008396565551938866,2.2995597287166166e-230,1.4109139103978304e-123,0.000999000999000999
SERPINE1_PLAUR,0.3323903160918774,1.8320791182731756e-230,0.0004248094182808732,5.507379370047887e-138,0.000999000999000999,0.000714460473176731,2.8282721388342145e-230,2.2862566460534924e-137,0.000999000999000999
PKM_CD44,0.3327935221340977,3.4539619642982267e-230,0.0004248094182808732,1.4103104103366572e-132,0.000999000999000999,0.0007195215202682847,5.315443022938705e-230,3.892141579364853e-132,0.000999000999000999
COL6A1_ITGA2,0.33298357976617066,4.656521380666482e-230,0.0004248094182808732,1.84518660752041e-129,0.000999000999000999,0.0007564921379127105,7.143855782761621e-230,4.015516229581862e-129,0.000999000999000999
MFGE8_ITGAV,0.33329374127755734,7.580818477313968e-230,0.0004248094182808732,2.5183146644722613e-126,0.000999000999000999,0.0007769426438540734,1.1594192965303717e-229,4.275077128004458e-126,0.000999000999000999
LAMC1_ITGA6,0.333468876323778,9.98125171058682e-230,0.0004248094182808732,3.5377806511202998e-124,0.000999000999000999,0.0008270487638603071,1.5218328225400893e-229,5.711319090370681e-124,0.000999000999000999
HSPG2_ITGB1,0.3339403066887136,2.092266594307785e-229,0.0004248094182808732,3.445047433768192e-122,0.000999000999000999,0.0007909741389986928,3.180245223347833e-229,5.080159499347722e-122,0.000999000999000999
THBS2_ITGA6,0.3343084471375356,3.72791297110503e-229,0.0004248094182808732,1.830894724256632e-133,0.000999000999000999,0.0006991079963431499,5.649046035968972e-229,5.289251425630271e-133,0.000999000999000999
FN1_PLAUR,0.33432576898531097,3.830587268608428e-229,0.0004248094182808732,7.726007636477592e-127,0.000999000999000999,0.0007704294428746434,5.7868810724543226e-229,1.3582376414305802e-126,0.000999000999000999
ADAM15_ITGA5,0.33525569251841,1.6454205472719533e-228,0.0004248094182808732,3.839658273271e-119,0.000999000999000999,0.0008180013820514815,2.4781638730254417e-228,5.210964799439215e-119,0.000999000999000999
VEGFA_GPC1,0.33533242302342464,1.8555342115220976e-228,0.0004248094182808732,1.4064466919815464e-118,0.000999000999000999,0.0008372908317208077,2.786121278090931e-228,1.8478315580821382e-118,0.000999000999000999
AFDN_NECTIN1,0.3359397022442747,4.8009573873981924e-228,0.0004248094182808732,7.347692344809676e-119,0.000999000999000999,0.0008119782008766176,7.1868877253779e-228,9.863478310695598e-119,0.000999000999000999
FN1_IL17RC,0.3360804965503566,5.984020855777681e-228,0.0004248094182808732,6.675350007743652e-131,0.000999000999000999,0.0007395988554821034,8.930834751523185e-228,1.6085965384513972e-130,0.000999000999000999
LAMB1_ITGA3,0.3361510788977495,6.68257646395255e-228,0.0004248094182808732,2.973462928663893e-132,0.000999000999000999,0.0007411529207039907,9.943351726483614e-228,7.983101558478061e-132,0.000999000999000999
INHBA_SMAD3,0.3362715145716396,8.06773070128775e-228,0.0004248094182808732,2.6267522153547217e-127,0.000999000999000999,0.0007557640871701482,1.1968345244552998e-227,4.788249425775765e-127,0.000999000999000999
S100A4_ERBB2,0.3364941086443813,1.1426474169140855e-227,0.0004248094182808732,2.9295320851357503e-122,0.000999000999000999,0.0007799835084869448,1.6900234250166412e-227,4.359002560412833e-122,0.000999000999000999
HBEGF_ERBB2,0.3367585120596276,1.7274263350591157e-227,0.0004248094182808732,2.530620795534604e-121,0.000999000999000999,0.0007866213526625482,2.547309282146875e-227,3.613082869925128e-121,0.000999000999000999
CD14_ITGB2,0.3368437559278593,1.9735637508303796e-227,0.0004248094182808732,1.0457720463490723e-127,0.000999000999000999,0.0007511065563436454,2.901608609851808e-227,1.9717992018948155e-127,0.000999000999000999
GNAI2_EDNRA,0.3369769501575915,2.430132361141592e-227,0.0004248094182808732,2.54036869606476e-120,0.000999000999000999,0.0007935934921511808,3.562271176272838e-227,3.535048270016878e-120,0.000999000999000999
COL4A1_ITGB1,0.33813433916549246,1.4798303174449284e-226,0.0004248094182808732,1.01273487136458e-116,0.000999000999000999,0.0008353418470988748,2.1628289254964338e-226,1.2665595606432975e-116,0.000999000999000999
COL1A1_ITGAV,0.340432661709862,5.2986470561657175e-225,0.0004248094182808732,1.2968368278646607e-118,0.000999000999000999,0.0007875798647629729,7.721332288335884e-225,1.7083663812403797e-118,0.000999000999000999
CDH1_PTPRF,0.3406887887290681,7.888687132631147e-225,0.0004248094182808732,3.715021780656694e-119,0.000999000999000999,0.0008170183329960447,1.146179836329349e-224,5.069670606752504e-119,0.000999000999000999
COL6A1_ITGA1,0.3407850217396489,9.160673737621949e-225,0.0004248094182808732,1.4205115422444344e-128,0.000999000999000999,0.0007516837250843041,1.3270888053915667e-224,2.841023084488869e-128,0.000999000999000999
FN1_CD44,0.34109768040086286,1.4886558789689072e-224,0.0004248094182808732,7.672652515007687e-134,0.000999000999000999,0.0006925943729913875,2.1502807140661993e-224,2.2696349355771238e-133,0.000999000999000999
CD14_RIPK1,0.3416250684192047,3.374856060544685e-224,0.0004248094182808732,1.0566298566053602e-118,0.000999000999000999,0.0008103672379916272,4.860579865624124e-224,1.4069411028653582e-118,0.000999000999000999
PGF_NRP2,0.342219556747495,8.484014390903765e-224,0.0004248094182808732,2.530342518427685e-115,0.000999000999000999,0.0008739772843631414,1.2183439270658312e-223,3.1017101838790975e-115,0.000999000999000999
C1QA_CSPG4,0.34245329148637177,1.2187271117486608e-223,0.0004248094182808732,2.479091419407331e-145,0.000999000999000999,0.0006349568025977944,1.7450759223299664e-223,1.9135486893550336e-144,0.000999000999000999
LAMC1_ITGB1,0.34276129857961024,1.963867308776517e-223,0.0004248094182808732,9.878409663466847e-111,0.000999000999000999,0.000926130776491566,2.8039030362300565e-223,1.1192510031542711e-110,0.000999000999000999
FN1_ROBO4,0.34292179816199947,2.5179474077031797e-223,0.0004248094182808732,4.9867425335866215e-129,0.000999000999000999,0.0007352248586075171,3.584628297998187e-223,1.030732557151377e-128,0.000999000999000999
FN1_ITGA6,0.3436518977295354,7.792915151882266e-223,0.0004248094182808732,8.284729772042652e-121,0.000999000999000999,0.0007617140205908277,1.10623565661777e-222,1.1626865077809859e-120,0.000999000999000999
COL4A2_CD93,0.34462360154758764,3.498449192821152e-222,0.0004248094182808732,1.1855384540886073e-118,0.000999000999000999,0.0007998150054236538,4.9519596024459864e-222,1.5659251238496577e-118,0.000999000999000999
CALR_ITGAV,0.34477223251018796,4.4009531783468486e-222,0.0004248094182808732,3.4857013943210025e-124,0.000999000999000999,0.000750168100572174,6.211631057438124e-222,5.645693405883854e-124,0.000999000999000999
LAMB1_ITGAV,0.34480324504518794,4.616796726291631e-222,0.0004248094182808732,2.4759762872599245e-118,0.000999000999000999,0.0007767026004901345,6.49771391107711e-222,3.193556882262148e-118,0.000999000999000999
COL1A1_ITGA5,0.3454167381404442,1.189838305846063e-221,0.0004248094182808732,5.745354639043055e-122,0.000999000999000999,0.0007813613564311352,1.6698298951362363e-221,8.397056780139849e-122,0.000999000999000999
VCAM1_MSN,0.34543562381651893,1.2250069117104959e-221,0.0004248094182808732,4.471003106693564e-117,0.000999000999000999,0.0008361824782173299,1.7143156214872094e-221,5.6487865337765236e-117,0.000999000999000999
NID1_PTPRF,0.3457999507046555,2.1483846540775203e-221,0.0004248094182808732,1.5104353956254505e-123,0.000999000999000999,0.0007739683854705908,2.9980283025827544e-221,2.3687463029808654e-123,0.000999000999000999
EFNB1_ERBB2,0.34726634728546857,2.0545734474468173e-220,0.0004248094182808732,2.773830326515831e-129,0.000999000999000999,0.0007355715625887271,2.8590402339119095e-220,5.90634560904664e-129,0.000999000999000999
FGA_ITGB1,0.3482715718591341,9.63091000051971e-220,0.0004248094182808732,6.814516888059502e-115,0.000999000999000999,0.0008259707880993363,1.3364240281620046e-219,8.250910153679888e-115,0.000999000999000999
BMP2_GPC1,0.3483402442860848,1.0702017526682961e-219,0.0004248094182808732,1.7383193372709228e-114,0.000999000999000999,0.0008296963453104658,1.480895422459771e-219,2.0842955160481453e-114,0.000999000999000999
SPON2_ITGB2,0.34846164872635527,1.2894951656538557e-219,0.0004248094182808732,8.153930572512867e-130,0.000999000999000999,0.0006991233237454936,1.7793592509301808e-219,1.7936766887078984e-129,0.000999000999000999
PLAU_ITGB2,0.34856326209876737,1.507180494221752e-219,0.0004248094182808732,4.504537536610733e-118,0.000999000999000999,0.0007776480547270613,2.0739475324388453e-219,5.779848163858967e-118,0.000999000999000999
CALM3_KCNQ1,0.34899006687777107,2.9013523175644015e-219,0.0004248094182808732,3.85312654244541e-124,0.000999000999000999,0.0007391217839711792,3.981300124657818e-219,6.1800146492468596e-124,0.000999000999000999
JAG2_NOTCH2,0.3491156124201009,3.517485243350958e-219,0.0004248094182808732,3.281311463066857e-116,0.000999000999000999,0.0008106891249660136,4.8134008593223636e-219,4.062576097130394e-116,0.000999000999000999
COL1A1_ITGA2,0.34938822348365844,5.3428866496016346e-219,0.0004248094182808732,8.094542953401432e-120,0.000999000999000999,0.000777452838708783,7.291121560506097e-219,1.1169564857486892e-119,0.000999000999000999
LAMC1_ITGA3,0.34972671415909845,8.976067984926826e-219,0.0004248094182808732,2.2602992830801137e-118,0.000999000999000999,0.0007940925112539047,1.2215365246704826e-218,2.923004832046011e-118,0.000999000999000999
VEGFA_ITGAV,0.3512796241862894,9.66612979117939e-218,0.0004248094182808732,4.537090047009593e-115,0.000999000999000999,0.0007856116503922498,1.3118319002314888e-217,5.534129588204294e-115,0.000999000999000999
LAMC1_ITGA2,0.3519422598123664,2.660322595332248e-217,0.0004248094182808732,2.2968107218398655e-109,0.000999000999000999,0.0008833868101710049,3.6005461975181654e-217,2.561229111938812e-109,0.000999000999000999
COL5A1_ITGA1,0.3521633947735206,3.728766676329302e-217,0.0004248094182808732,2.6747554008242515e-119,0.000999000999000999,0.0007745563736797839,5.032816224335178e-217,3.660191601127923e-119,0.000999000999000999
PSEN1_NOTCH1,0.35217877025536337,3.817320084955594e-217,0.0004248094182808732,4.532738385280774e-121,0.000999000999000999,0.0007539080520894403,5.1383000598584834e-217,6.3794095792840525e-121,0.000999000999000999
S100A9_ITGB2,0.35247838260096237,6.030344880288819e-217,0.0004248094182808732,1.3796157868681773e-120,0.000999000999000999,0.0007421702914683156,8.095082529518142e-217,1.930680449611557e-120,0.000999000999000999
WNT7B_LRP5,0.35274615866152237,9.07291819645901e-217,0.0004248094182808732,2.530088482797492e-115,0.000999000999000999,0.0007988843345503317,1.2146399970327237e-216,3.1017101838790975e-115,0.000999000999000999
TNFSF12_TNFRSF25,0.35365713714096325,3.6369120213822404e-216,0.0004248094182808732,9.648701478861379e-123,0.000999000999000999,0.0007914838083755752,4.855769023142775e-216,1.4711291760980003e-122,0.000999000999000999
ICAM1_ITGB2,0.35410442297291644,7.185972363965227e-216,0.0004248094182808732,2.0241428587713057e-122,0.000999000999000999,0.0007256002505212605,9.568383686789278e-216,3.0485566226616614e-122,0.000999000999000999
LAMA4_ITGB1,0.3543854876408943,1.1021116334054797e-215,0.0004248094182808732,6.775006357184068e-117,0.000999000999000999,0.0007776100113909624,1.463556846511578e-215,8.516165751778446e-117,0.000999000999000999
COL18A1_ITGB1,0.35448676354472786,1.2856816307103207e-215,0.0004248094182808732,8.2078595526651e-119,0.000999000999000999,0.0007679609438474952,1.7027526154715777e-215,1.0988299780532682e-118,0.000999000999000999
AFDN_NECTIN4,0.35480186182890694,2.0760408524831797e-215,0.0004248094182808732,6.430723562378513e-122,0.000999000999000999,0.0007508233163430276,2.7421502169162853e-215,9.34346305827937e-122,0.000999000999000999
CEL_CXCR4,0.3549640196778353,2.6563871039502294e-215,0.0004248094182808732,6.768120347806592e-125,0.000999000999000999,0.0007344601744468184,3.4993472782704354e-215,1.1144838172721523e-124,0.000999000999000999
THBS2_CD47,0.35501480082678033,2.869532829241253e-215,0.0004248094182808732,1.499609142478864e-123,0.000999000999000999,0.0007933813227491697,3.770077706503136e-215,2.3592576954922255e-123,0.000999000999000999
COL4A1_CD47,0.3551744251606434,3.657291270571657e-215,0.0004248094182808732,1.1815792366736178e-128,0.000999000999000999,0.000757553307399842,4.792312699369758e-215,2.3922137004785544e-128,0.000999000999000999
SERPINE1_ITGAV,0.35567987718536503,7.880875772740788e-215,0.0004248094182808732,1.0826291617079854e-118,0.000999000999000999,0.0007513800162481583,1.029934558659775e-214,1.4376849620530774e-118,0.000999000999000999
HAS2_CD44,0.35580853702168036,9.580796783242661e-215,0.0004248094182808732,3.748970959082794e-126,0.000999000999000999,0.0007043118523915341,1.24878987095564e-214,6.342437170503083e-126,0.000999000999000999
PDGFB_ITGAV,0.3558303589635244,9.903471339711923e-215,0.0004248094182808732,1.312302830609782e-112,0.000999000999000999,0.0007975984270608179,1.28745127416255e-214,1.5362028396237734e-112,0.000999000999000999
COL1A1_ITGA1,0.35838517794749136,4.749587491516277e-213,0.0004248094182808732,1.1843203616846829e-127,0.000999000999000999,0.0007513092419840033,6.158257797399057e-213,2.224540907498986e-127,0.000999000999000999
EFNB1_EPHB3,0.35841356779731237,4.9578880357741673e-213,0.0004248094182808732,1.5425447534443556e-111,0.000999000999000999,0.0008121828093029755,6.411509658828374e-213,1.776263655481379e-111,0.000999000999000999
JAG1_NOTCH1,0.3596841591384749,3.378518564096746e-212,0.0004248094182808732,5.893105034299935e-127,0.000999000999000999,0.0007109216939931267,4.3576714638741317e-212,1.0397121024800599e-126,0.000999000999000999
ADAM10_TSPAN14,0.3597596199309837,3.785925556625812e-212,0.0004248094182808732,2.288250767385731e-116,0.000999000999000999,0.0007507232664868393,4.870435481700914e-212,2.8473447835983656e-116,0.000999000999000999
LAMB3_ITGB1,0.3601892672478904,7.237491900455518e-212,0.0004248094182808732,1.9333668215981128e-118,0.000999000999000999,0.0007763470619532158,9.286548048896172e-212,2.52000846931258e-118,0.000999000999000999
HBEGF_CD82,0.36230729020294106,1.7543775951304884e-210,0.0004248094182808732,9.830118045514013e-113,0.000999000999000999,0.0008595698392151449,2.245239720192905e-210,1.1534627825377489e-112,0.000999000999000999
TGFB3_ITGB5,0.36254746271412425,2.5167075272353336e-210,0.0004248094182808732,1.006380878037702e-111,0.000999000999000999,0.0007652665338615393,3.212541391354664e-210,1.1615704526883758e-111,0.000999000999000999
COL4A1_CD93,0.3625897798149355,2.6818719830517376e-210,0.0004248094182808732,9.844560088244663e-112,0.000999000999000999,0.0008000777364158537,3.414548349555563e-210,1.1389256870240899e-111,0.000999000999000999
COL16A1_ITGB1,0.36349596643274534,1.045067398292611e-209,0.0004248094182808732,1.964051815606919e-111,0.000999000999000999,0.0008040027242046872,1.327154999374164e-209,2.2563758067670186e-111,0.000999000999000999
C1QA_CD93,0.36461540225683425,5.593725751879864e-209,0.0004248094182808732,5.9250653140773045e-111,0.000999000999000999,0.0008033324901442166,7.085385952381161e-209,6.775421910079139e-111,0.000999000999000999
TGM2_ADGRG1,0.36592731407166035,3.980131988853313e-208,0.0004248094182808732,2.711576472384254e-117,0.000999000999000999,0.0007677037791383421,5.028606655993701e-208,3.434663531686722e-117,0.000999000999000999
A2M_LRP1,0.3666746696230101,1.2150145294733055e-207,0.0004248094182808732,7.056883546980047e-125,0.000999000999000999,0.0007214134069513278,1.5311662692852369e-207,1.1581729143548647e-124,0.000999000999000999
LAMC1_ITGB4,0.36686808837709795,1.6215367999928427e-207,0.0004248094182808732,1.581693397556378e-114,0.000999000999000999,0.0007778998201323914,2.038267631543166e-207,1.905747654616709e-114,0.000999000999000999
VEGFA_NRP2,0.36692315440775697,1.7603760564877013e-207,0.0004248094182808732,1.6015498691187334e-123,0.000999000999000999,0.0007155353164256014,2.207172009910976e-207,2.5036887194451084e-123,0.000999000999000999
COL4A2_ITGB5,0.36843704230336616,1.6798791159337294e-206,0.0004248094182808732,7.425779725134347e-130,0.000999000999000999,0.0006623319395815331,2.1009121095474995e-206,1.6449933561508376e-129,0.000999000999000999
LAMB1_ITGA2,0.3700994531333949,1.9877742286288752e-205,0.0004248094182808732,1.49756145976061e-117,0.000999000999000999,0.0007347523898670943,2.479698153895617e-205,1.911615920211218e-117,0.000999000999000999
FBN1_ITGB1,0.3702309828379351,2.41629090875256e-205,0.0004248094182808732,4.1528193127664597e-112,0.000999000999000999,0.0007909783404801438,3.0066692919994074e-205,4.827041742368544e-112,0.000999000999000999
CALM3_INSR,0.3715030154671387,1.5928379359985312e-204,0.0004248094182808732,2.016392412749287e-141,0.000999000999000999,0.0006073193491421973,1.9770400512142574e-204,1.1858307760692235e-140,0.000999000999000999
COL1A1_CD44,0.37304170148600974,1.5512274657767464e-203,0.0004248094182808732,5.579259791756909e-119,0.000999000999000999,0.0007105796926423171,1.9205673385807337e-203,7.551107772953185e-119,0.000999000999000999
ADAM10_NOTCH1,0.3742197776330662,8.828301613531277e-203,0.0004248094182808732,7.05345606397847e-102,0.000999000999000999,0.0008656872676630818,1.0902952492711128e-202,7.461257592302707e-102,0.000999000999000999
AFDN_EPHB3,0.37486306731635427,2.278544636204134e-202,0.0004248094182808732,1.766885046974599e-106,0.000999000999000999,0.0007992796275410359,2.8069851628050923e-202,1.9396471404565596e-106,0.000999000999000999
ADAM10_NOTCH2,0.37585359094884824,9.792233967899658e-202,0.0004248094182808732,1.118336985529525e-105,0.000999000999000999,0.0008034812758115366,1.2033242736672713e-201,1.2168688785277211e-105,0.000999000999000999
HSP90B1_LRP1,0.37605154047566985,1.3101085722660529e-201,0.0004248094182808732,4.095056621783111e-121,0.000999000999000999,0.000720695158116638,1.6059395401970972e-201,5.779879917602448e-121,0.000999000999000999
LGALS9_MRC2,0.37613093170454476,1.4723168274037442e-201,0.0004248094182808732,1.4007756328619279e-109,0.000999000999000999,0.0007854556172483384,1.8003081998451724e-201,1.5691228177637013e-109,0.000999000999000999
APOE_SCARB1,0.3762827024160821,1.84032319230872e-201,0.0004248094182808732,2.55039880248074e-115,0.000999000999000999,0.0007561349320757496,2.2447398938284143e-201,3.118556951548232e-115,0.000999000999000999
EFNB1_EPHB4,0.37641228202355237,2.226389552749341e-201,0.0004248094182808732,5.862271129705094e-115,0.000999000999000999,0.0007477157794058093,2.7089567464487057e-201,7.132911177522948e-115,0.000999000999000999
LAMB3_ITGA3,0.3766651318175101,3.228038943714885e-201,0.0004248094182808732,2.0028364017601882e-107,0.000999000999000999,0.000803065186453941,3.918062010307502e-201,2.2134254641376574e-107,0.000999000999000999
COL18A1_ITGA5,0.37669741434170123,3.384798330210379e-201,0.0004248094182808732,4.64235380169855e-105,0.000999000999000999,0.0008155132096766885,4.0982607233429584e-201,5.0292166185067624e-105,0.000999000999000999
LAMB1_ITGA1,0.3767168702751251,3.4829226769886465e-201,0.0004248094182808732,6.046661647873559e-122,0.000999000999000999,0.00071309116246409,4.206757463159881e-201,8.811359451473564e-122,0.000999000999000999
HSP90B1_ERBB2,0.377061622257963,5.778281462201226e-201,0.0004248094182808732,3.922332937705153e-113,0.000999000999000999,0.0007369273925202769,6.962124493481477e-201,4.6577703635248693e-113,0.000999000999000999
HLA-B_CANX,0.37715449129035755,6.622199790494415e-201,0.0004248094182808732,5.659482169715423e-119,0.000999000999000999,0.0007002662382325874,7.9595296751928e-201,7.638754622512073e-119,0.000999000999000999
FGA_ITGA5,0.3774829501437079,1.0723156505178123e-200,0.0004248094182808732,1.0576969381544022e-99,0.000999000999000999,0.0008593507949193822,1.2857376974655323e-200,1.1023255009457272e-99,0.000999000999000999
COL3A1_DDR1,0.378484610013635,4.655651662624922e-200,0.0004248094182808732,1.6679222040457222e-123,0.000999000999000999,0.0007029160331218209,5.568745572243854e-200,2.5992226145065827e-123,0.000999000999000999
S100A9_CD68,0.37942244758193866,1.8368775418931562e-199,0.0004248094182808732,9.257374169139225e-117,0.000999000999000999,0.0007379680005875543,2.1918297239014953e-199,1.1606961521712632e-116,0.000999000999000999
COL4A1_ITGA1,0.380224533869459,5.9317434766023465e-199,0.0004248094182808732,8.724786675491526e-113,0.000999000999000999,0.0007721117790664049,7.060918740823035e-199,1.02620109945067e-112,0.000999000999000999
FN1_ITGB1,0.38125590515596797,2.672091426574286e-198,0.0004248094182808732,4.0887502972218425e-113,0.000999000999000999,0.0007651039316615693,3.173108569056965e-198,4.843747354502614e-113,0.000999000999000999
SEMA3F_PLXNA1,0.38208994709503424,9.008681385043708e-198,0.0004248094182808732,3.396773229908843e-122,0.000999000999000999,0.0006727235247575549,1.0672154926166887e-197,5.023969986751402e-122,0.000999000999000999
PDGFB_PDGFRB,0.3824209439337467,1.4585801830517317e-197,0.0004248094182808732,8.24175239682658e-102,0.000999000999000999,0.000817181972136283,1.7237765799702283e-197,8.699627529983613e-102,0.000999000999000999
COL5A2_DDR1,0.3832959157279997,5.2069420897223045e-197,0.0004248094182808732,1.2294941130148324e-119,0.000999000999000999,0.0007179519942770697,6.138972296713171e-197,1.6918386959034184e-119,0.000999000999000999
ADAM15_ITGB1,0.3841214908537018,1.7271031068829798e-196,0.0004248094182808732,6.0680854367067394e-111,0.000999000999000999,0.0007660927715616409,2.0314022257147428e-196,6.922942738413693e-111,0.000999000999000999
CXCL1_ADRA2A,0.38695308938746936,1.0424980553533538e-194,0.0004248094182808732,4.94207332906789e-117,0.000999000999000999,0.0006744683709418939,1.2232637514122489e-194,6.2280209810192285e-117,0.000999000999000999
ADAM10_CADM1,0.3878163952948593,3.625507990299392e-194,0.0004248094182808732,9.786984568799824e-104,0.000999000999000999,0.0008027608774999243,4.244078073952369e-194,1.0487571316674867e-103,0.000999000999000999
PPY_ADRA2A,0.39006588492942107,9.251789419746347e-193,0.0004248094182808732,7.118116706943568e-114,0.000999000999000999,0.0006843040294506038,1.0804690244337341e-192,8.493598196208024e-114,0.000999000999000999
COL1A2_CD93,0.39066485945386337,2.187561169516849e-192,0.0004248094182808732,2.226584820582448e-111,0.000999000999000999,0.0007283594081844189,2.5487151361823666e-192,2.552048495052736e-111,0.000999000999000999
B2M_TFRC,0.39119360765226063,4.6727441181817215e-192,0.0004248094182808732,7.010195963185869e-111,0.000999000999000999,0.0007501902149479496,5.4313778691335775e-192,7.979347478833684e-111,0.000999000999000999
LTBP3_ITGB5,0.3913041478912198,5.4757630563700516e-192,0.0004248094182808732,2.4314089145175055e-127,0.000999000999000999,0.0006314169305474925,6.3498285207671485e-192,4.448577791746843e-127,0.000999000999000999
COL1A1_CD93,0.3916146164504058,8.547062807836957e-192,0.0004248094182808732,1.1518574858893674e-123,0.000999000999000999,0.000668479875972134,9.88817102358655e-192,1.8179475975378514e-123,0.000999000999000999
FN1_ITGB6,0.3919257205092838,1.335015244775964e-191,0.0004248094182808732,1.8258015067534263e-122,0.000999000999000999,0.0006685087544716611,1.5389341371731975e-191,2.758244478092332e-122,0.000999000999000999
SERPINE1_ITGB5,0.391926466298063,1.3364428033346188e-191,0.0004248094182808732,2.474258791024887e-128,0.000999000999000999,0.0006225300812796622,1.5389341371731975e-191,4.83116143385887e-128,0.000999000999000999
LAMA4_ITGAV,0.39225350581751545,2.1351730810930364e-191,0.0004248094182808732,1.7543749429282487e-110,0.000999000999000999,0.0007153070198366202,2.4529662838603722e-191,1.9832064572232378e-110,0.000999000999000999
EFNA1_EPHA2,0.394410902652303,4.666811847691875e-190,0.0004248094182808732,7.311011699240491e-119,0.000999000999000999,0.0006969158123302999,5.34896763981389e-190,9.840980325408182e-119,0.000999000999000999
AGT_ADRA2A,0.3947276963879798,7.33374941401703e-190,0.0004248094182808732,7.09483418889398e-106,0.000999000999000999,0.0007032396508662076,8.386278265102808e-190,7.736971499588578e-106,0.000999000999000999
AZGP1_ITGAV,0.39545743089289753,2.0755183737316056e-189,0.0004248094182808732,5.746802427462298e-116,0.000999000999000999,0.0006936193978556607,2.3679124171441412e-189,7.097300997915939e-116,0.000999000999000999
FN1_ITGAV,0.39555567554224563,2.3873234202145803e-189,0.0004248094182808732,2.2419564718500858e-110,0.000999000999000999,0.0007094355023365382,2.7173681326866424e-189,2.5285993084336584e-110,0.000999000999000999
LTB_TNFRSF1A,0.3961237369446618,5.360208830236054e-189,0.0004248094182808732,3.54294086800435e-104,0.000999000999000999,0.00079295809314783,6.087225660084162e-189,3.8048104104220624e-104,0.000999000999000999
CD6_ALCAM,0.39831251500193077,1.2010721216974237e-187,0.0004248094182808732,8.624408093913912e-111,0.000999000999000999,0.000762079501766896,1.3608477709140536e-187,9.794155398605683e-111,0.000999000999000999
LAMB3_ITGA6,0.3997312158328815,8.958534275010204e-187,0.0004248094182808732,7.933910314115261e-110,0.000999000999000999,0.0007218904069140495,1.0127038745663709e-186,8.927908189459997e-110,0.000999000999000999
CGN_F11R,0.40097777542296426,5.215805846129627e-186,0.0004248094182808732,1.7326923136540187e-126,0.000999000999000999,0.0006288426847877372,5.882666867552593e-186,2.98240419144629e-126,0.000999000999000999
HSPG2_ITGA2,0.401938070506439,2.021282785731889e-185,0.0004248094182808732,1.1882176139666618e-109,0.000999000999000999,0.0007109809233186606,2.274518670049096e-185,1.3340443211352975e-109,0.000999000999000999
SEMA4C_PLXNB2,0.4050415008185432,1.586510469232934e-183,0.0004248094182808732,9.30970532456002e-99,0.000999000999000999,0.0008072353208840828,1.7812185722751577e-183,9.621327260110146e-99,0.000999000999000999
FBN1_ITGAV,0.40855163861676685,2.1464656223205148e-181,0.0004248094182808732,1.635269137872102e-114,0.000999000999000999,0.0006693911888929297,2.4044308785177647e-181,1.965505971067685e-114,0.000999000999000999
VEGFA_SIRPA,0.4087605845853685,2.8720681587527086e-181,0.0004248094182808732,7.725311680055145e-118,0.000999000999000999,0.0006112928631405816,3.209958530370674e-181,9.886797849604252e-118,0.000999000999000999
ADAM15_ITGAV,0.40953406343687065,8.432920852360991e-181,0.0004248094182808732,2.0848406781999522e-113,0.000999000999000999,0.0006735355277735298,9.403753727012031e-181,2.4817139639295816e-113,0.000999000999000999
LAMA4_ITGA3,0.411089678522963,7.327074258815962e-180,0.0004248094182808732,4.500965676286035e-114,0.000999000999000999,0.0006753136411293021,8.152195233907849e-180,5.383721656380875e-114,0.000999000999000999
SPTAN1_PTPRA,0.41119016944451775,8.423660754785805e-180,0.0004248094182808732,8.274124691720387e-102,0.000999000999000999,0.0007504709709565349,9.351209916548737e-180,8.71517611451998e-102,0.000999000999000999
FBN1_ITGB6,0.41160235801563727,1.4922344649948197e-179,0.0004248094182808732,1.1777781419777807e-118,0.000999000999000999,0.0006404485656639897,1.6528336899269977e-179,1.5598455821367928e-118,0.000999000999000999
ADAM10_TSPAN15,0.41287878368447994,8.74500681283275e-179,0.0004248094182808732,1.2109834378885898e-105,0.000999000999000999,0.0006852961816376477,9.664504173466171e-179,1.3147820182790403e-105,0.000999000999000999
COL4A1_ITGAV,0.41416635616428804,5.184464717249919e-178,0.0004248094182808732,2.1787002827473927e-104,0.000999000999000999,0.000709556344683533,5.716798148038973e-178,2.3448321125865185e-104,0.000999000999000999
COL1A1_ITGA11,0.4160330168789492,6.7963336348067755e-177,0.0004248094182808732,1.7895247590668648e-121,0.000999000999000999,0.0006223488145856828,7.477480658339749e-177,2.5623919738522643e-121,0.000999000999000999
JAG1_CD46,0.4166082713128444,1.4995559364198652e-176,0.0004248094182808732,2.226253773558687e-115,0.000999000999000999,0.00068176710274298,1.646179183536474e-176,2.7425669928628216e-115,0.000999000999000999
IL1RN_IL1R1,0.41717851120864313,3.283380491060027e-176,0.0004248094182808732,1.6087219839905444e-109,0.000999000999000999,0.000728375416566946,3.596430072247568e-176,1.7979833938717849e-109,0.000999000999000999
NID1_ITGAV,0.4186545384526444,2.4875637182571357e-175,0.0004248094182808732,2.4489398525118365e-107,0.000999000999000999,0.000698974514087476,2.7187090195111176e-175,2.7003934980822483e-107,0.000999000999000999
GSTP1_TRAF2,0.4189252308706326,3.604275365726543e-175,0.0004248094182808732,1.1253057599166088e-108,0.000999000999000999,0.0006604333967298115,3.9304901339269584e-175,1.2520293815288395e-108,0.000999000999000999
LGALS8_ITGA3,0.4193730489395932,6.653884734487151e-175,0.0004248094182808732,3.1260763684584833e-116,0.000999000999000999,0.0006461966045035099,7.240130085543288e-175,3.880104839242439e-116,0.000999000999000999
TNFSF10_TNFRSF10B,0.4218040629164817,1.840348890707237e-173,0.0004248094182808732,1.2051325086353768e-103,0.000999000999000999,0.0006979858940034005,1.9980930813392857e-173,1.288604890185879e-103,0.000999000999000999
COL14A1_CD44,0.42261090297332476,5.522047646206158e-173,0.0004248094182808732,2.0395063731027346e-116,0.000999000999000999,0.0006357643179384086,5.982218283390004e-173,2.544232697759472e-116,0.000999000999000999
LIPH_LPAR4,0.4228909815871048,8.083422901195882e-173,0.0004248094182808732,6.603662115289389e-115,0.000999000999000999,0.0006608821333013894,8.737879459936029e-173,8.0152557369851555e-115,0.000999000999000999
JAG1_NOTCH2,0.4235214503005079,1.904753398290096e-172,0.0004248094182808732,1.45557484562952e-99,0.000999000999000999,0.0007492436665184932,2.0544720060159552e-172,1.5137978394547008e-99,0.000999000999000999
EFNA2_EPHA2,0.4242020471637945,4.799804050823653e-172,0.0004248094182808732,9.360798151763127e-101,0.000999000999000999,0.0007304543114584279,5.1658021810607504e-172,9.797106540192764e-101,0.000999000999000999
ARF1_INSR,0.42499032938069936,1.398057429540136e-171,0.0004248094182808732,2.0665337770512544e-118,0.000999000999000999,0.0006154099987331093,1.5013921091148417e-171,2.6864939101666304e-118,0.000999000999000999
LAMB3_COL17A1,0.426235065600571,7.540288013961779e-171,0.0004248094182808732,3.4056442403558607e-106,0.000999000999000999,0.0007310122638506361,8.080048327325637e-171,3.7303508974186146e-106,0.000999000999000999
GPC3_IGF1R,0.42728866419062084,3.1306330573790314e-170,0.0004248094182808732,4.499262611422901e-112,0.000999000999000999,0.0006521748163614747,3.347473442305717e-170,5.217454765358951e-112,0.000999000999000999
GAS6_AXL,0.4276803983714374,5.311411905939291e-170,0.0004248094182808732,3.864360465416448e-102,0.000999000999000999,0.0007127733980075482,5.667035597265679e-170,4.096553798102415e-102,0.000999000999000999
COMP_ITGB1,0.43018185040717755,1.5399410965288306e-168,0.0004248094182808732,1.873109335267386e-104,0.000999000999000999,0.000683204261261177,1.6395062536319879e-168,2.0203406367294513e-104,0.000999000999000999
COL18A1_ITGB5,0.43242911696445374,3.131548129123846e-167,0.0004248094182808732,6.390480359135033e-106,0.000999000999000999,0.0006627155908861048,3.326848980187484e-167,6.984286056222802e-106,0.000999000999000999
CCL21_ADRA2A,0.4345253419675006,5.145607043100488e-166,0.0004248094182808732,1.2440124382418149e-104,0.000999000999000999,0.0006461144270386012,5.454785148694508e-166,1.3447311695655504e-104,0.000999000999000999
LUM_ITGB1,0.43504705537183014,1.0310982751954696e-165,0.0004248094182808732,2.405268479471245e-102,0.000999000999000999,0.0006799681332847602,1.090712094103987e-165,2.5552744706640756e-102,0.000999000999000999
CXCL14_CXCR4,0.43726997124346056,1.978631621765876e-164,0.0004248094182808732,1.8292072895341748e-99,0.000999000999000999,0.0007015069454842075,2.088555600752869e-164,1.898378993760257e-99,0.000999000999000999
JAG2_NOTCH1,0.4379971104968965,5.1876895200277e-164,0.0004248094182808732,5.703425389468243e-100,0.000999000999000999,0.0006861902680513026,5.4642188121400506e-164,5.956643007182478e-100,0.000999000999000999
COL6A1_ITGA6,0.43829666665003775,7.713817817094322e-164,0.0004248094182808732,1.2220478016884116e-108,0.000999000999000999,0.0006126057829541386,8.10771489711616e-164,1.3566103686158996e-108,0.000999000999000999
LAMC1_ITGAV,0.44164785001130985,6.434587110899294e-162,0.0004248094182808732,5.142980582400971e-99,0.000999000999000999,0.0006938014056226438,6.748802617376331e-162,5.326273391417358e-99,0.000999000999000999
TNFSF10_RIPK1,0.44274139034436805,2.710017148276948e-161,0.0004248094182808732,1.063158948410682e-107,0.000999000999000999,0.0006226839615055735,2.836331506883077e-161,1.1775796424100379e-107,0.000999000999000999
LAMC1_ITGA1,0.44364765576643805,8.903431984925413e-161,0.0004248094182808732,2.7161966792480197e-88,0.000999000999000999,0.0007791617174831626,9.29872177706798e-161,2.760907735696547e-88,0.000999000999000999
FBLN1_ITGB1,0.4453025468416893,7.775128071440678e-160,0.0004248094182808732,1.2119383786776187e-93,0.000999000999000999,0.0007256749478677526,8.103192547028892e-160,1.2395394597655148e-93,0.000999000999000999
PDGFB_PDGFRA,0.4453960036377897,8.785647799425821e-160,0.0004248094182808732,3.551113839064081e-95,0.000999000999000999,0.0007123218347841881,9.137073711402853e-160,3.639523312235801e-95,0.000999000999000999
EFNA5_EPHB6,0.4495029193115577,1.8490102825530598e-157,0.0004248094182808732,4.7246662025478606e-101,0.000999000999000999,0.0006766342412182605,1.9189308394563268e-157,4.965925753316262e-101,0.000999000999000999
LAMB1_ITGA6,0.45128034660470673,1.849441546049482e-156,0.0004248094182808732,4.388914014481778e-113,0.000999000999000999,0.0005654870446158568,1.9153545571246208e-156,5.1868983807511924e-113,0.000999000999000999
SAA1_ADRA2A,0.45161176444960743,2.8389780474545797e-156,0.0004248094182808732,7.882267815585575e-101,0.000999000999000999,0.0006381311570205039,2.9340066013442727e-156,8.267176859658756e-101,0.000999000999000999
ICAM2_ITGB2,0.4535322522018296,3.384417719740527e-155,0.0004248094182808732,1.1277259117469636e-98,0.000999000999000999,0.0006366870158573635,3.4904015731770783e-155,1.1630409194217119e-98,0.000999000999000999
LGALS3BP_ITGB1,0.4547648511249047,1.6531044166135814e-154,0.0004248094182808732,2.57338014828175e-98,0.000999000999000999,0.000662602024922331,1.7013199620981442e-154,2.648437069273301e-98,0.000999000999000999
ADAM10_MET,0.461418395088561,8.123326446470103e-151,0.0004248094182808732,1.3016811017469507e-106,0.000999000999000999,0.0006486419861200888,8.342875809888214e-151,1.4321391186258211e-106,0.000999000999000999
COL18A1_ITGA3,0.4634395179887463,1.0522482704614675e-149,0.0004248094182808732,9.20111961422464e-103,0.000999000999000999,0.0006251259302699583,1.0784453228381015e-149,9.796019589282266e-103,0.000999000999000999
LAMA4_ITGA6,0.47203530748223727,5.0872475855151125e-145,0.0004248094182808732,2.1918342765329194e-103,0.000999000999000999,0.0005804768627560727,5.203106226179018e-145,2.3385877594109333e-103,0.000999000999000999
FGA_ITGAX,0.4741809112100933,7.311203204606233e-144,0.0004248094182808732,8.0369635979927395e-87,0.000999000999000999,0.0006897364920491878,7.462261122056774e-144,8.15248463533555e-87,0.000999000999000999
SPTBN2_PTPRA,0.47494442250550106,1.882577003830173e-143,0.0004248094182808732,7.903152687286866e-91,0.000999000999000999,0.0006607108500233384,1.9175114224579494e-143,8.049809128906623e-91,0.000999000999000999
LAMC1_ITGA7,0.48094426121001604,3.033294697958713e-140,0.0004248094182808732,1.859149178517529e-91,0.000999000999000999,0.0006699583152005369,3.0832254748798443e-140,1.8975613516273953e-91,0.000999000999000999
DCN_MET,0.48334676702866175,5.699682213124874e-139,0.0004248094182808732,1.2134655472915894e-85,0.000999000999000999,0.0006718416354601785,5.7816078301513095e-139,1.2258731704745301e-85,0.000999000999000999
TLN1_ITGB5,0.4866790162202196,3.2586161085886213e-137,0.0004248094182808732,1.302351118851713e-96,0.000999000999000999,0.0005989952741967615,3.2986810607433995e-137,1.3375497977395971e-96,0.000999000999000999
CSF1_SIRPA,0.4888753074625814,4.623794045143893e-136,0.0004248094182808732,2.6594014650559014e-84,0.000999000999000999,0.0006381659206463951,4.671072102865201e-136,2.67565035384443e-84,0.000999000999000999
ADAM9_ITGAV,0.5117112943119952,2.2431921433605834e-124,0.0004248094182808732,2.851506681266334e-85,0.000999000999000999,0.0006069732802106994,2.261503915959445e-124,2.8747842868276916e-85,0.000999000999000999
CD59_CD2,0.5172994647615634,1.3472560665579642e-121,0.0004248094182808732,8.43869201378829e-82,0.000999000999000999,0.0005949130144036603,1.3554877736856096e-121,8.455809036128631e-82,0.000999000999000999
FGA_ITGB2,0.5231655815773134,1.0279020563898353e-118,0.0004248094182808732,5.214698594065995e-86,0.000999000999000999,0.0005766934548515976,1.0320805200336966e-118,5.278813740714348e-86,0.000999000999000999
FGA_ITGAV,0.5240802526201958,2.8723654498322332e-118,0.0004248094182808732,5.899059979411913e-79,0.000999000999000999,0.0006448021219950312,2.878191748919114e-118,5.899059979411913e-79,0.000999000999000999
SEMA3F_NRP2,0.5366795009395706,3.3023150953271688e-112,0.0004248094182808732,4.975879136031433e-84,0.000999000999000999,0.0005478974194571844,3.3023150953271688e-112,4.996106286990911e-84,0.000999000999000999
