,I,pval_norm,var_norm,pval_z_sim,pval_sim,var_sim,pval_norm_fdr_bh,pval_z_sim_fdr_bh,pval_sim_fdr_bh
C3_CD81,0.9461236735660757,0.0,0.0004248094182808732,0.0,0.000999000999000999,0.0012251845443225376,0.0,0.0,0.000999000999000999
HMGB1_SDC1,0.9324614041861878,0.0,0.0004248094182808732,0.0,0.000999000999000999,0.0012069271799904553,0.0,0.0,0.000999000999000999
AGTRAP_RACK1,0.9221039977313055,0.0,0.0004248094182808732,0.0,0.000999000999000999,0.0011162066452826188,0.0,0.0,0.000999000999000999
C3_LRP1,0.9209581067801755,0.0,0.0004248094182808732,0.0,0.000999000999000999,0.0011362097819551632,0.0,0.0,0.000999000999000999
TIMP1_CD63,0.9192652042798856,0.0,0.0004248094182808732,0.0,0.000999000999000999,0.0011787508288477538,0.0,0.0,0.000999000999000999
ICAM1_MUC1,0.9134264412774699,0.0,0.0004248094182808732,0.0,0.000999000999000999,0.0011283443777074065,0.0,0.0,0.000999000999000999
THBS1_SDC4,0.9088003705350971,0.0,0.0004248094182808732,0.0,0.000999000999000999,0.0011444613930061513,0.0,0.0,0.000999000999000999
VIM_CD44,0.9086859214952157,0.0,0.0004248094182808732,0.0,0.000999000999000999,0.001167280817758142,0.0,0.0,0.000999000999000999
APP_CD74,0.9064492654248505,0.0,0.0004248094182808732,0.0,0.000999000999000999,0.0012401311190086523,0.0,0.0,0.000999000999000999
TIMP2_ITGA3,0.9041844738936606,0.0,0.0004248094182808732,0.0,0.000999000999000999,0.0011836519461985646,0.0,0.0,0.000999000999000999
HSP90AA1_CFTR,0.9032004469456355,0.0,0.0004248094182808732,0.0,0.000999000999000999,0.0012810590626904015,0.0,0.0,0.000999000999000999
VCAM1_EZR,0.9026081553226394,0.0,0.0004248094182808732,0.0,0.000999000999000999,0.001181125411921764,0.0,0.0,0.000999000999000999
PSAP_LRP1,0.9024649312936046,0.0,0.0004248094182808732,0.0,0.000999000999000999,0.0012292117542061726,0.0,0.0,0.000999000999000999
ACTR2_LDLR,0.9022078646353145,0.0,0.0004248094182808732,0.0,0.000999000999000999,0.001087353283063644,0.0,0.0,0.000999000999000999
THBS1_SDC1,0.8953943718279943,0.0,0.0004248094182808732,0.0,0.000999000999000999,0.0011353017947976984,0.0,0.0,0.000999000999000999
LAMC3_ITGA3,0.8936887761358898,0.0,0.0004248094182808732,0.0,0.000999000999000999,0.0011136020168601676,0.0,0.0,0.000999000999000999
LAMC3_ITGB4,0.8932970965983578,0.0,0.0004248094182808732,0.0,0.000999000999000999,0.0011192404195212026,0.0,0.0,0.000999000999000999
THBS1_ITGA3,0.8916222361719314,0.0,0.0004248094182808732,0.0,0.000999000999000999,0.0011459580566638848,0.0,0.0,0.000999000999000999
TIMP3_CD44,0.8886620589277392,0.0,0.0004248094182808732,0.0,0.000999000999000999,0.0012044055201929514,0.0,0.0,0.000999000999000999
TGFB1_ENG,0.8880801113634613,0.0,0.0004248094182808732,0.0,0.000999000999000999,0.0011001891654572834,0.0,0.0,0.000999000999000999
LTF_LRP1,0.882258139758099,0.0,0.0004248094182808732,0.0,0.000999000999000999,0.00108157799474991,0.0,0.0,0.000999000999000999
MDK_SDC1,0.8821942437844227,0.0,0.0004248094182808732,0.0,0.000999000999000999,0.0011900309509596462,0.0,0.0,0.000999000999000999
COL1A2_ITGA11,0.8796240061298528,0.0,0.0004248094182808732,0.0,0.000999000999000999,0.0010896732766756208,0.0,0.0,0.000999000999000999
LAMC2_CD151,0.8793436584520277,0.0,0.0004248094182808732,0.0,0.000999000999000999,0.0011376980627487614,0.0,0.0,0.000999000999000999
MDK_SDC4,0.8785862137041376,0.0,0.0004248094182808732,0.0,0.000999000999000999,0.0011786392314953827,0.0,0.0,0.000999000999000999
LAMC2_ITGB4,0.8776121792831851,0.0,0.0004248094182808732,0.0,0.000999000999000999,0.0011480672694734915,0.0,0.0,0.000999000999000999
MMP1_CD44,0.8772424213078904,0.0,0.0004248094182808732,0.0,0.000999000999000999,0.0011387403737489166,0.0,0.0,0.000999000999000999
SPP1_CD44,0.8759443534104613,0.0,0.0004248094182808732,0.0,0.000999000999000999,0.0011557342083788238,0.0,0.0,0.000999000999000999
FGF19_FGFR3,0.8734926335725246,0.0,0.0004248094182808732,0.0,0.000999000999000999,0.0011651026070324927,0.0,0.0,0.000999000999000999
HSP90AA1_FGFR3,0.8731959601046436,0.0,0.0004248094182808732,0.0,0.000999000999000999,0.0011802965517708826,0.0,0.0,0.000999000999000999
CALM1_SCTR,0.8730553608980163,0.0,0.0004248094182808732,0.0,0.000999000999000999,0.001095377871685592,0.0,0.0,0.000999000999000999
CALM2_AQP1,0.8702521162966117,0.0,0.0004248094182808732,0.0,0.000999000999000999,0.0011395193114336374,0.0,0.0,0.000999000999000999
SERPINA1_LRP1,0.8681250294108006,0.0,0.0004248094182808732,0.0,0.000999000999000999,0.0011279214820226913,0.0,0.0,0.000999000999000999
SPINT1_ST14,0.8629330145326078,0.0,0.0004248094182808732,0.0,0.000999000999000999,0.0011772801953768895,0.0,0.0,0.000999000999000999
VCAN_CD44,0.8620459239739294,0.0,0.0004248094182808732,0.0,0.000999000999000999,0.001164931626047837,0.0,0.0,0.000999000999000999
THBS1_LRP1,0.8614495923313079,0.0,0.0004248094182808732,0.0,0.000999000999000999,0.0010952966125235485,0.0,0.0,0.000999000999000999
CALM1_AQP1,0.8580344696854212,0.0,0.0004248094182808732,0.0,0.000999000999000999,0.0010920471659010029,0.0,0.0,0.000999000999000999
LRPAP1_LRP1,0.8565254524104846,0.0,0.0004248094182808732,0.0,0.000999000999000999,0.0011432513052172537,0.0,0.0,0.000999000999000999
MDK_TSPAN1,0.8559418062296428,0.0,0.0004248094182808732,0.0,0.000999000999000999,0.0010684912355806639,0.0,0.0,0.000999000999000999
AGRN_LRP1,0.8534793868691439,0.0,0.0004248094182808732,0.0,0.000999000999000999,0.0011584687766063003,0.0,0.0,0.000999000999000999
HSP90AA1_LRP1,0.8531899686857308,0.0,0.0004248094182808732,0.0,0.000999000999000999,0.001075108871229701,0.0,0.0,0.000999000999000999
VCL_ITGB5,0.8515273498142009,0.0,0.0004248094182808732,0.0,0.000999000999000999,0.0010293388355527575,0.0,0.0,0.000999000999000999
LAMC3_ITGA2,0.8512287413274956,0.0,0.0004248094182808732,0.0,0.000999000999000999,0.0010753347299622888,0.0,0.0,0.000999000999000999
GRN_TNFRSF1A,0.8506595941334757,0.0,0.0004248094182808732,0.0,0.000999000999000999,0.0010158342331368217,0.0,0.0,0.000999000999000999
APOE_LSR,0.8493255431690054,0.0,0.0004248094182808732,0.0,0.000999000999000999,0.0010465369109041727,0.0,0.0,0.000999000999000999
CD160_TNFRSF14,0.8492708772784283,0.0,0.0004248094182808732,0.0,0.000999000999000999,0.001022415081457236,0.0,0.0,0.000999000999000999
CD99_CD81,0.8481334405067203,0.0,0.0004248094182808732,0.0,0.000999000999000999,0.0010494445922616974,0.0,0.0,0.000999000999000999
MMP2_PECAM1,0.8480264357460948,0.0,0.0004248094182808732,0.0,0.000999000999000999,0.0010426717380216401,0.0,0.0,0.000999000999000999
GPC3_CD81,0.8476093285596608,0.0,0.0004248094182808732,0.0,0.000999000999000999,0.0010892303160489,0.0,0.0,0.000999000999000999
PDAP1_PDGFRB,0.847483656518112,0.0,0.0004248094182808732,0.0,0.000999000999000999,0.0011359133461623615,0.0,0.0,0.000999000999000999
CD55_ADGRE5,0.8463021441052431,0.0,0.0004248094182808732,0.0,0.000999000999000999,0.0011800471983497763,0.0,0.0,0.000999000999000999
LAMC2_ITGA3,0.846283452191407,0.0,0.0004248094182808732,0.0,0.000999000999000999,0.0010538973154411778,0.0,0.0,0.000999000999000999
MST1_MST1R,0.8452144235915887,0.0,0.0004248094182808732,0.0,0.000999000999000999,0.001127533248428782,0.0,0.0,0.000999000999000999
VWF_LRP1,0.8445335876320008,0.0,0.0004248094182808732,0.0,0.000999000999000999,0.0011072556634394608,0.0,0.0,0.000999000999000999
C1QB_LRP1,0.8442515227484367,0.0,0.0004248094182808732,0.0,0.000999000999000999,0.001082289645379737,0.0,0.0,0.000999000999000999
LRPAP1_LDLR,0.8425124042179941,0.0,0.0004248094182808732,0.0,0.000999000999000999,0.0010233811286801061,0.0,0.0,0.000999000999000999
MMP7_SDC1,0.8392288101970581,0.0,0.0004248094182808732,0.0,0.000999000999000999,0.0010490092843890109,0.0,0.0,0.000999000999000999
APOE_LDLR,0.8388311952115017,0.0,0.0004248094182808732,0.0,0.000999000999000999,0.0010421659550417586,0.0,0.0,0.000999000999000999
COL1A2_ITGA2,0.8361970230028779,0.0,0.0004248094182808732,0.0,0.000999000999000999,0.0010442557659939883,0.0,0.0,0.000999000999000999
TGFB1_ITGB1,0.8326219030270402,0.0,0.0004248094182808732,0.0,0.000999000999000999,0.001072271422097375,0.0,0.0,0.000999000999000999
TGFB1_CXCR4,0.8325877914400451,0.0,0.0004248094182808732,0.0,0.000999000999000999,0.0009607985174470218,0.0,0.0,0.000999000999000999
FGF19_FGFR4,0.8311255280312269,0.0,0.0004248094182808732,0.0,0.000999000999000999,0.001163888399955375,0.0,0.0,0.000999000999000999
CD14_ITGB1,0.8281236339555248,0.0,0.0004248094182808732,0.0,0.000999000999000999,0.001116212642462923,0.0,0.0,0.000999000999000999
LAMA5_ITGB4,0.8271959481583104,0.0,0.0004248094182808732,0.0,0.000999000999000999,0.0009890997251441672,0.0,0.0,0.000999000999000999
FGF23_FGFR3,0.8245628239324204,0.0,0.0004248094182808732,0.0,0.000999000999000999,0.0009950677612893762,0.0,0.0,0.000999000999000999
CALM2_INSR,0.8238844113301239,0.0,0.0004248094182808732,0.0,0.000999000999000999,0.0010178218449857423,0.0,0.0,0.000999000999000999
COL6A3_ITGB1,0.8226117782624849,0.0,0.0004248094182808732,0.0,0.000999000999000999,0.0010308772971569756,0.0,0.0,0.000999000999000999
HSP90AA1_ERBB2,0.8224555772908653,0.0,0.0004248094182808732,0.0,0.000999000999000999,0.0011074613298822484,0.0,0.0,0.000999000999000999
APP_TNFRSF21,0.8210944456576263,0.0,0.0004248094182808732,0.0,0.000999000999000999,0.0010637950450043678,0.0,0.0,0.000999000999000999
C3_ADRA2A,0.8204952948195269,0.0,0.0004248094182808732,0.0,0.000999000999000999,0.0011032644314851138,0.0,0.0,0.000999000999000999
SPP1_ITGAV,0.8176088636540579,0.0,0.0004248094182808732,0.0,0.000999000999000999,0.0009946764636443168,0.0,0.0,0.000999000999000999
THBS1_LRP5,0.817589503021685,0.0,0.0004248094182808732,0.0,0.000999000999000999,0.0010579666408356057,0.0,0.0,0.000999000999000999
C3_CD46,0.8172143343858601,0.0,0.0004248094182808732,0.0,0.000999000999000999,0.001081670215514667,0.0,0.0,0.000999000999000999
GNAI2_ADRA2A,0.8171232286072704,0.0,0.0004248094182808732,0.0,0.000999000999000999,0.0010063027884870135,0.0,0.0,0.000999000999000999
LGALS9_CD44,0.8156508926314561,0.0,0.0004248094182808732,0.0,0.000999000999000999,0.0009995727656047218,0.0,0.0,0.000999000999000999
LAMC2_ITGA2,0.8154889524269696,0.0,0.0004248094182808732,0.0,0.000999000999000999,0.001013243890425609,0.0,0.0,0.000999000999000999
LAMA5_SDC1,0.8150912623377927,0.0,0.0004248094182808732,0.0,0.000999000999000999,0.0010765595845273904,0.0,0.0,0.000999000999000999
HLA-A_ERBB2,0.8146599257214784,0.0,0.0004248094182808732,0.0,0.000999000999000999,0.0010940344433806937,0.0,0.0,0.000999000999000999
ANXA1_ADRA2A,0.8139923461877369,0.0,0.0004248094182808732,0.0,0.000999000999000999,0.000995529146242988,0.0,0.0,0.000999000999000999
ADAM10_GPNMB,0.8135450880571493,0.0,0.0004248094182808732,0.0,0.000999000999000999,0.0010252769137195767,0.0,0.0,0.000999000999000999
TNFSF12_TNFRSF12A,0.8130174560153035,0.0,0.0004248094182808732,0.0,0.000999000999000999,0.0011309766774927437,0.0,0.0,0.000999000999000999
SEMA4D_PLXNB2,0.812811953712773,0.0,0.0004248094182808732,0.0,0.000999000999000999,0.0009767927454261776,0.0,0.0,0.000999000999000999
SEMA7A_ITGB1,0.8126332761538013,0.0,0.0004248094182808732,0.0,0.000999000999000999,0.0009974614736728634,0.0,0.0,0.000999000999000999
APP_GPC1,0.8122023925248752,0.0,0.0004248094182808732,0.0,0.000999000999000999,0.001027857484886289,0.0,0.0,0.000999000999000999
CALM1_INSR,0.8106820958730808,0.0,0.0004248094182808732,0.0,0.000999000999000999,0.0009457077986794553,0.0,0.0,0.000999000999000999
FGF23_FGFR4,0.8098684915698711,0.0,0.0004248094182808732,0.0,0.000999000999000999,0.0009935654617092304,0.0,0.0,0.000999000999000999
HLA-A_APLP2,0.8097028945756336,0.0,0.0004248094182808732,0.0,0.000999000999000999,0.0010868815794103108,0.0,0.0,0.000999000999000999
TGFB1_ITGB5,0.8095557193126176,0.0,0.0004248094182808732,0.0,0.000999000999000999,0.001121328022450169,0.0,0.0,0.000999000999000999
LGALS1_ITGB1,0.8062130575361612,0.0,0.0004248094182808732,0.0,0.000999000999000999,0.0010762491868564845,0.0,0.0,0.000999000999000999
SPP1_ITGB1,0.8061805649153657,0.0,0.0004248094182808732,0.0,0.000999000999000999,0.001081073096092151,0.0,0.0,0.000999000999000999
LAMB2_ITGB4,0.8058390429834228,0.0,0.0004248094182808732,0.0,0.000999000999000999,0.000992219700757251,0.0,0.0,0.000999000999000999
TFF2_MUC6,0.8045260120924501,0.0,0.0004248094182808732,0.0,0.000999000999000999,0.0009360705718840131,0.0,0.0,0.000999000999000999
FGF19_FGFR1,0.8023555080786638,0.0,0.0004248094182808732,0.0,0.000999000999000999,0.001070578813387781,0.0,0.0,0.000999000999000999
SPP1_ITGB5,0.8015971699803898,0.0,0.0004248094182808732,0.0,0.000999000999000999,0.0010394982732330337,0.0,0.0,0.000999000999000999
ADAM12_SDC4,0.8009552195126796,0.0,0.0004248094182808732,0.0,0.000999000999000999,0.001065848264166031,0.0,0.0,0.000999000999000999
APP_LRP1,0.7998898648945563,0.0,0.0004248094182808732,0.0,0.000999000999000999,0.0010924429831461375,0.0,0.0,0.000999000999000999
SEMA4A_PLXNB2,0.7986615500221534,0.0,0.0004248094182808732,0.0,0.000999000999000999,0.0010274815747299188,0.0,0.0,0.000999000999000999
CXCL2_ADRA2A,0.7979585341232766,0.0,0.0004248094182808732,0.0,0.000999000999000999,0.0009962513663097456,0.0,0.0,0.000999000999000999
SEMA4G_PLXNB2,0.7976562147865028,0.0,0.0004248094182808732,0.0,0.000999000999000999,0.0010235347940525268,0.0,0.0,0.000999000999000999
FGB_ITGAV,0.7968966950580605,0.0,0.0004248094182808732,0.0,0.000999000999000999,0.0009786384891643412,0.0,0.0,0.000999000999000999
APP_APLP2,0.7952873431688541,0.0,0.0004248094182808732,0.0,0.000999000999000999,0.001034140663307514,0.0,0.0,0.000999000999000999
CXCL17_GPR35,0.7944858481450063,0.0,0.0004248094182808732,0.0,0.000999000999000999,0.0009193071658167458,0.0,0.0,0.000999000999000999
APOE_LRP1,0.7940705331779051,0.0,0.0004248094182808732,0.0,0.000999000999000999,0.0010246556786556841,0.0,0.0,0.000999000999000999
VWF_SIRPA,0.7940224509671472,0.0,0.0004248094182808732,0.0,0.000999000999000999,0.000931006997529466,0.0,0.0,0.000999000999000999
LGALS9_SLC1A5,0.7932816349302173,0.0,0.0004248094182808732,0.0,0.000999000999000999,0.0009464794595447409,0.0,0.0,0.000999000999000999
FGG_ITGB1,0.7929484910512682,0.0,0.0004248094182808732,0.0,0.000999000999000999,0.0010265463904638116,0.0,0.0,0.000999000999000999
IL16_KCNJ15,0.7925120251895049,0.0,0.0004248094182808732,0.0,0.000999000999000999,0.0009880374937267266,0.0,0.0,0.000999000999000999
CALM1_PTPRA,0.7923777492376202,0.0,0.0004248094182808732,0.0,0.000999000999000999,0.0009427597137258003,0.0,0.0,0.000999000999000999
TGFB1_ITGAV,0.7922340055039712,0.0,0.0004248094182808732,0.0,0.000999000999000999,0.0009874441236332207,0.0,0.0,0.000999000999000999
HBEGF_CD44,0.7916703392556266,0.0,0.0004248094182808732,0.0,0.000999000999000999,0.0009546888556843039,0.0,0.0,0.000999000999000999
INS_INSR,0.7915912096164008,0.0,0.0004248094182808732,0.0,0.000999000999000999,0.0009821853835993487,0.0,0.0,0.000999000999000999
VCAN_ITGB1,0.7913583671475385,0.0,0.0004248094182808732,0.0,0.000999000999000999,0.0010646167469386947,0.0,0.0,0.000999000999000999
APP_LRP10,0.7897100012602731,0.0,0.0004248094182808732,0.0,0.000999000999000999,0.001055047301404633,0.0,0.0,0.000999000999000999
TGM2_SDC4,0.7890576052371141,0.0,0.0004248094182808732,0.0,0.000999000999000999,0.0010410434637158094,0.0,0.0,0.000999000999000999
TIMP2_CD44,0.7886174397422181,0.0,0.0004248094182808732,0.0,0.000999000999000999,0.0009935608485448569,0.0,0.0,0.000999000999000999
CDH1_ERBB3,0.7881179522169808,0.0,0.0004248094182808732,0.0,0.000999000999000999,0.0009035181385998549,0.0,0.0,0.000999000999000999
SEMA4A_PLXNB1,0.7872272926033174,0.0,0.0004248094182808732,0.0,0.000999000999000999,0.001023693959748127,0.0,0.0,0.000999000999000999
MDK_LRP1,0.7871452177949626,0.0,0.0004248094182808732,0.0,0.000999000999000999,0.0010150354805379702,0.0,0.0,0.000999000999000999
FGB_ITGB1,0.7864901345818089,0.0,0.0004248094182808732,0.0,0.000999000999000999,0.0010426650530195674,0.0,0.0,0.000999000999000999
INHBA_ENG,0.784720342363635,0.0,0.0004248094182808732,0.0,0.000999000999000999,0.0009315597994542972,0.0,0.0,0.000999000999000999
COL1A2_CD44,0.7839631826235316,0.0,0.0004248094182808732,0.0,0.000999000999000999,0.0009681551329774149,0.0,0.0,0.000999000999000999
HSPG2_SDC1,0.7823047470821292,0.0,0.0004248094182808732,0.0,0.000999000999000999,0.001035868954825542,0.0,0.0,0.000999000999000999
SLPI_CD4,0.781708265498767,0.0,0.0004248094182808732,0.0,0.000999000999000999,0.0009308402633884584,0.0,0.0,0.000999000999000999
MMP7_CD151,0.7817032017587473,0.0,0.0004248094182808732,0.0,0.000999000999000999,0.0009506716906234813,0.0,0.0,0.000999000999000999
THBS1_ITGB1,0.7806109944304043,0.0,0.0004248094182808732,0.0,0.000999000999000999,0.0009322974259897041,0.0,0.0,0.000999000999000999
TGFB1_SMAD3,0.780213431312556,0.0,0.0004248094182808732,0.0,0.000999000999000999,0.001073006911808935,0.0,0.0,0.000999000999000999
LAMB1_ITGB4,0.7800029083048641,0.0,0.0004248094182808732,0.0,0.000999000999000999,0.0009253150764280322,0.0,0.0,0.000999000999000999
LAMA5_ITGB1,0.7781900940182372,0.0,0.0004248094182808732,0.0,0.000999000999000999,0.0010278600899992598,0.0,0.0,0.000999000999000999
C4B_CD46,0.778166947661955,0.0,0.0004248094182808732,0.0,0.000999000999000999,0.0009941566194392772,0.0,0.0,0.000999000999000999
COL1A2_ITGB1,0.77779018415717,0.0,0.0004248094182808732,0.0,0.000999000999000999,0.0009720642624795018,0.0,0.0,0.000999000999000999
COL1A1_DDR1,0.774851338763191,0.0,0.0004248094182808732,0.0,0.000999000999000999,0.0009699495711951637,0.0,0.0,0.000999000999000999
MMP2_FGFR1,0.7746720253970629,0.0,0.0004248094182808732,0.0,0.000999000999000999,0.0010153243581280098,0.0,0.0,0.000999000999000999
TGFB1_ACVRL1,0.7745807579311331,0.0,0.0004248094182808732,0.0,0.000999000999000999,0.001032213762421351,0.0,0.0,0.000999000999000999
GRN_TNFRSF1B,0.7734412761273635,0.0,0.0004248094182808732,0.0,0.000999000999000999,0.0009302736861384701,0.0,0.0,0.000999000999000999
FGG_ITGA5,0.7731129996008237,0.0,0.0004248094182808732,0.0,0.000999000999000999,0.0009058856953272818,0.0,0.0,0.000999000999000999
AGRN_ITGB1,0.7730737048486335,0.0,0.0004248094182808732,0.0,0.000999000999000999,0.0009880770165568524,0.0,0.0,0.000999000999000999
HRAS_INSR,0.7720668771375966,0.0,0.0004248094182808732,0.0,0.000999000999000999,0.0009504963056253111,0.0,0.0,0.000999000999000999
THBS1_CD47,0.771308639588371,0.0,0.0004248094182808732,0.0,0.000999000999000999,0.0009358122530614127,0.0,0.0,0.000999000999000999
COL1A2_ITGAV,0.7711821795847501,0.0,0.0004248094182808732,0.0,0.000999000999000999,0.0009749878917573851,0.0,0.0,0.000999000999000999
APP_NCSTN,0.7704737145644404,0.0,0.0004248094182808732,0.0,0.000999000999000999,0.000984752321952518,0.0,0.0,0.000999000999000999
CXCL16_ADRA2A,0.7699547702065899,0.0,0.0004248094182808732,0.0,0.000999000999000999,0.0009056485528624918,0.0,0.0,0.000999000999000999
APP_NOTCH2,0.7693414873031442,0.0,0.0004248094182808732,0.0,0.000999000999000999,0.0009591744140829135,0.0,0.0,0.000999000999000999
CSF1_CSF1R,0.7676272781395409,0.0,0.0004248094182808732,0.0,0.000999000999000999,0.0009052924633593231,0.0,0.0,0.000999000999000999
APP_ADRA2A,0.7673292500195108,0.0,0.0004248094182808732,0.0,0.000999000999000999,0.0009781056753860545,0.0,0.0,0.000999000999000999
ADAM10_AXL,0.7673174875527475,0.0,0.0004248094182808732,0.0,0.000999000999000999,0.0009026990690196951,0.0,0.0,0.000999000999000999
CALM2_KCNQ1,0.7668803654496675,0.0,0.0004248094182808732,0.0,0.000999000999000999,0.0010139807961377638,0.0,0.0,0.000999000999000999
MMP1_ITGA2,0.7667407690795368,0.0,0.0004248094182808732,0.0,0.000999000999000999,0.00102883555825552,0.0,0.0,0.000999000999000999
HSPA8_LDLR,0.766695428024263,0.0,0.0004248094182808732,0.0,0.000999000999000999,0.0009179618908816204,0.0,0.0,0.000999000999000999
C3_ITGB2,0.7663357226565988,0.0,0.0004248094182808732,0.0,0.000999000999000999,0.0010739513674694315,0.0,0.0,0.000999000999000999
FGB_ITGA5,0.7653545448731621,0.0,0.0004248094182808732,0.0,0.000999000999000999,0.000976176718876024,0.0,0.0,0.000999000999000999
LAMA5_ITGA3,0.7652104486752928,0.0,0.0004248094182808732,0.0,0.000999000999000999,0.001016479818194289,0.0,0.0,0.000999000999000999
MDK_ITGA6,0.765168468757307,0.0,0.0004248094182808732,0.0,0.000999000999000999,0.0009550529034908753,0.0,0.0,0.000999000999000999
SPP1_ITGA5,0.7646388906076076,0.0,0.0004248094182808732,0.0,0.000999000999000999,0.0010038453979056242,0.0,0.0,0.000999000999000999
LTBP1_ITGB5,0.7645418877974206,0.0,0.0004248094182808732,0.0,0.000999000999000999,0.000909472622546574,0.0,0.0,0.000999000999000999
FGG_ITGAV,0.7645338679871041,0.0,0.0004248094182808732,0.0,0.000999000999000999,0.0009251815080602225,0.0,0.0,0.000999000999000999
ADAM10_CD44,0.7635331304264378,0.0,0.0004248094182808732,0.0,0.000999000999000999,0.0009349574608525632,0.0,0.0,0.000999000999000999
THBS1_SCARB1,0.7624117262768424,0.0,0.0004248094182808732,0.0,0.000999000999000999,0.0009388742008471262,0.0,0.0,0.000999000999000999
COL6A2_ITGB1,0.7615858360505067,0.0,0.0004248094182808732,0.0,0.000999000999000999,0.0009893341439025432,0.0,0.0,0.000999000999000999
SCGB3A1_NOTCH3,0.7598054994043891,0.0,0.0004248094182808732,0.0,0.000999000999000999,0.0009562808047422939,0.0,0.0,0.000999000999000999
THBS1_ITGA6,0.7589791965761346,0.0,0.0004248094182808732,0.0,0.000999000999000999,0.0009136460875570566,0.0,0.0,0.000999000999000999
MELTF_TFRC,0.7588841992821673,0.0,0.0004248094182808732,0.0,0.000999000999000999,0.0008946026070419991,0.0,0.0,0.000999000999000999
LAMC2_ITGA6,0.7588102079029504,0.0,0.0004248094182808732,0.0,0.000999000999000999,0.0009633979500483439,0.0,0.0,0.000999000999000999
PLAU_LRP1,0.757596813073806,0.0,0.0004248094182808732,0.0,0.000999000999000999,0.0009385109872153065,0.0,0.0,0.000999000999000999
EFNA1_EPHB6,0.757223103136167,0.0,0.0004248094182808732,0.0,0.000999000999000999,0.0009499687087553305,0.0,0.0,0.000999000999000999
GRN_SORT1,0.7566810353416675,0.0,0.0004248094182808732,0.0,0.000999000999000999,0.0010099131200893047,0.0,0.0,0.000999000999000999
CALR_LRP1,0.7563142701400302,0.0,0.0004248094182808732,0.0,0.000999000999000999,0.0008945089935147101,0.0,0.0,0.000999000999000999
LRPAP1_LRP8,0.7562259959263816,0.0,0.0004248094182808732,0.0,0.000999000999000999,0.0009646826235188432,0.0,0.0,0.000999000999000999
LIPH_LPAR2,0.7560886731716344,0.0,0.0004248094182808732,0.0,0.000999000999000999,0.0007559391865676409,0.0,0.0,0.000999000999000999
AFDN_NECTIN2,0.7556047967425508,0.0,0.0004248094182808732,0.0,0.000999000999000999,0.0009185778030391379,0.0,0.0,0.000999000999000999
TIMP2_ITGB1,0.7554933937134719,0.0,0.0004248094182808732,0.0,0.000999000999000999,0.0008542947778662566,0.0,0.0,0.000999000999000999
FGF23_FGFR1,0.7545812991908551,0.0,0.0004248094182808732,0.0,0.000999000999000999,0.0009757354221820052,0.0,0.0,0.000999000999000999
COL6A3_ITGA2,0.7537057700469375,0.0,0.0004248094182808732,0.0,0.000999000999000999,0.0009653001603536132,0.0,0.0,0.000999000999000999
GNAI2_PTPRU,0.75294620254772,0.0,0.0004248094182808732,0.0,0.000999000999000999,0.0010438113370852477,0.0,0.0,0.000999000999000999
PLAU_MRC2,0.752831340359213,0.0,0.0004248094182808732,0.0,0.000999000999000999,0.0008875335645208025,0.0,0.0,0.000999000999000999
COL7A1_ITGA2,0.7523291242990299,0.0,0.0004248094182808732,0.0,0.000999000999000999,0.0009002891380789961,0.0,0.0,0.000999000999000999
ARPC5_LDLR,0.7522636709971667,0.0,0.0004248094182808732,0.0,0.000999000999000999,0.0009277351094826232,0.0,0.0,0.000999000999000999
MDK_ITGB1,0.75203788726599,0.0,0.0004248094182808732,0.0,0.000999000999000999,0.0009426643607680652,0.0,0.0,0.000999000999000999
HMGB1_CXCR4,0.7509347159935807,0.0,0.0004248094182808732,0.0,0.000999000999000999,0.0010007014439088106,0.0,0.0,0.000999000999000999
C3_ITGAX,0.7508379586711164,0.0,0.0004248094182808732,0.0,0.000999000999000999,0.000976752583965876,0.0,0.0,0.000999000999000999
S100A10_TRPV6,0.7506702163473388,0.0,0.0004248094182808732,0.0,0.000999000999000999,0.0009346499233589084,0.0,0.0,0.000999000999000999
LAMC3_ITGA6,0.7496531006750189,0.0,0.0004248094182808732,0.0,0.000999000999000999,0.0009102645956099486,0.0,0.0,0.000999000999000999
COL6A3_ITGA1,0.7483232024061209,0.0,0.0004248094182808732,0.0,0.000999000999000999,0.0009012451846504788,0.0,0.0,0.000999000999000999
CALM1_KCNQ1,0.7479806876766648,0.0,0.0004248094182808732,0.0,0.000999000999000999,0.0008730569305468632,0.0,0.0,0.000999000999000999
PSEN1_NOTCH4,0.7475702954770521,0.0,0.0004248094182808732,0.0,0.000999000999000999,0.0008883091687587552,0.0,0.0,0.000999000999000999
LAMA5_ITGA2,0.7475035548303524,0.0,0.0004248094182808732,0.0,0.000999000999000999,0.0009134589538721323,0.0,0.0,0.000999000999000999
TGFB3_ITGB1,0.7466994903466957,0.0,0.0004248094182808732,0.0,0.000999000999000999,0.000885206968687361,0.0,0.0,0.000999000999000999
SEMA4D_PLXNB1,0.7458872455720189,0.0,0.0004248094182808732,0.0,0.000999000999000999,0.0008718354087381085,0.0,0.0,0.000999000999000999
EFEMP2_AQP1,0.7456274456732532,0.0,0.0004248094182808732,0.0,0.000999000999000999,0.0009059540490699801,0.0,0.0,0.000999000999000999
TGFB3_ENG,0.7446224407717953,0.0,0.0004248094182808732,0.0,0.000999000999000999,0.0008559078534426351,0.0,0.0,0.000999000999000999
COL6A2_ITGA2,0.741627450941543,0.0,0.0004248094182808732,0.0,0.000999000999000999,0.0009489931363469937,0.0,0.0,0.000999000999000999
LAMC2_COL17A1,0.7404355989540637,0.0,0.0004248094182808732,0.0,0.000999000999000999,0.0008615159447328377,0.0,0.0,0.000999000999000999
VCAM1_ITGB1,0.7388803484695113,0.0,0.0004248094182808732,0.0,0.000999000999000999,0.0009526640586684633,0.0,0.0,0.000999000999000999
LAMC2_ITGB1,0.7386471385074495,0.0,0.0004248094182808732,0.0,0.000999000999000999,0.0008792126926757103,0.0,0.0,0.000999000999000999
THBS2_NOTCH4,0.7384569949403941,0.0,0.0004248094182808732,0.0,0.000999000999000999,0.0008507509625584053,0.0,0.0,0.000999000999000999
LAMB3_ITGB4,0.7374846787231828,0.0,0.0004248094182808732,0.0,0.000999000999000999,0.0008745032352773494,0.0,0.0,0.000999000999000999
TFF1_MUC5AC,0.736470448554931,0.0,0.0004248094182808732,0.0,0.000999000999000999,0.0008090388673697481,0.0,0.0,0.000999000999000999
CDH1_PTPRM,0.7362094474540886,0.0,0.0004248094182808732,0.0,0.000999000999000999,0.0008785286257706318,0.0,0.0,0.000999000999000999
JAG2_NOTCH4,0.7358246385730425,0.0,0.0004248094182808732,0.0,0.000999000999000999,0.0008518770927238092,0.0,0.0,0.000999000999000999
SEMA4A_PLXND1,0.7352952691002264,0.0,0.0004248094182808732,0.0,0.000999000999000999,0.0009688259770327994,0.0,0.0,0.000999000999000999
GNAI2_ADORA1,0.7345741094962368,0.0,0.0004248094182808732,0.0,0.000999000999000999,0.0009395473902904812,0.0,0.0,0.000999000999000999
THBS2_ITGB1,0.734332291855313,0.0,0.0004248094182808732,0.0,0.000999000999000999,0.0008880753975541892,0.0,0.0,0.000999000999000999
ADAM9_ITGA3,0.7329798333851276,0.0,0.0004248094182808732,0.0,0.000999000999000999,0.0009308831026297461,0.0,0.0,0.000999000999000999
COL1A1_ITGB1,0.7325209968269997,0.0,0.0004248094182808732,0.0,0.000999000999000999,0.0008933928342729392,0.0,0.0,0.000999000999000999
NID1_ITGA3,0.732475437153227,0.0,0.0004248094182808732,0.0,0.000999000999000999,0.0009827004052413554,0.0,0.0,0.000999000999000999
RTN4_GJB2,0.7320219164989895,0.0,0.0004248094182808732,0.0,0.000999000999000999,0.0008613619433570036,0.0,0.0,0.000999000999000999
GNAI2_IGF1R,0.7314187679031174,0.0,0.0004248094182808732,0.0,0.000999000999000999,0.0008892552261757235,0.0,0.0,0.000999000999000999
CALM1_KCNN4,0.731346219941413,0.0,0.0004248094182808732,0.0,0.000999000999000999,0.0008374673140139301,0.0,0.0,0.000999000999000999
PSEN1_NCSTN,0.7307498220895847,0.0,0.0004248094182808732,0.0,0.000999000999000999,0.000866860417267339,0.0,0.0,0.000999000999000999
MDK_SDC3,0.7303673899765502,0.0,0.0004248094182808732,0.0,0.000999000999000999,0.0009056490042315797,0.0,0.0,0.000999000999000999
FGA_PLAUR,0.7301481915757148,0.0,0.0004248094182808732,0.0,0.000999000999000999,0.0008646981721227446,0.0,0.0,0.000999000999000999
HSPG2_FGFR1,0.7300116988229713,0.0,0.0004248094182808732,0.0,0.000999000999000999,0.0008214459804870301,0.0,0.0,0.000999000999000999
LAMB3_ITGA2,0.7292254480958846,0.0,0.0004248094182808732,0.0,0.000999000999000999,0.0009222372920292451,0.0,0.0,0.000999000999000999
S100A10_CFTR,0.7277656967788255,0.0,0.0004248094182808732,0.0,0.000999000999000999,0.0008642495447364751,0.0,0.0,0.000999000999000999
CALR_HLA-F,0.7261849496440245,0.0,0.0004248094182808732,0.0,0.000999000999000999,0.0009132197020416611,0.0,0.0,0.000999000999000999
HBEGF_CD9,0.7261811289306065,0.0,0.0004248094182808732,0.0,0.000999000999000999,0.0008895948479967949,0.0,0.0,0.000999000999000999
PLAU_ITGB5,0.7260474060798211,0.0,0.0004248094182808732,0.0,0.000999000999000999,0.0008580560675074754,0.0,0.0,0.000999000999000999
COL7A1_ITGB1,0.7259481658776819,0.0,0.0004248094182808732,0.0,0.000999000999000999,0.000885738971608364,0.0,0.0,0.000999000999000999
ADAM10_TSPAN17,0.7257767442454521,0.0,0.0004248094182808732,0.0,0.000999000999000999,0.0008615483394824134,0.0,0.0,0.000999000999000999
ADAM12_ITGB1,0.7256368613264276,0.0,0.0004248094182808732,0.0,0.000999000999000999,0.000894497917656961,0.0,0.0,0.000999000999000999
COL3A1_ITGB1,0.7255877994519645,0.0,0.0004248094182808732,0.0,0.000999000999000999,0.0008873627006091393,0.0,0.0,0.000999000999000999
NID1_ITGB1,0.7255315084511267,0.0,0.0004248094182808732,0.0,0.000999000999000999,0.0008517340819247898,0.0,0.0,0.000999000999000999
LAMB3_CD151,0.7233938626765113,0.0,0.0004248094182808732,0.0,0.000999000999000999,0.0009468955159534194,0.0,0.0,0.000999000999000999
TGM2_ITGB1,0.722407790643062,0.0,0.0004248094182808732,0.0,0.000999000999000999,0.0008763916412970811,0.0,0.0,0.000999000999000999
PLAU_ITGB1,0.7218982633166878,0.0,0.0004248094182808732,0.0,0.000999000999000999,0.0009232701982290529,0.0,0.0,0.000999000999000999
LAMC3_ITGB1,0.7217139023429966,0.0,0.0004248094182808732,0.0,0.000999000999000999,0.0008850239287619141,0.0,0.0,0.000999000999000999
PLAT_LRP1,0.7212472574845821,0.0,0.0004248094182808732,0.0,0.000999000999000999,0.0008547004430812355,0.0,0.0,0.000999000999000999
INS_IGF1R,0.7181658704182609,0.0,0.0004248094182808732,0.0,0.000999000999000999,0.000949092565335334,0.0,0.0,0.000999000999000999
THBS2_NOTCH3,0.7178036302703292,0.0,0.0004248094182808732,0.0,0.000999000999000999,0.0008808780759550779,0.0,0.0,0.000999000999000999
PSAP_SORT1,0.7174101961373044,0.0,0.0004248094182808732,0.0,0.000999000999000999,0.0009639875319148247,0.0,0.0,0.000999000999000999
PLAU_ITGA5,0.7161277829667964,0.0,0.0004248094182808732,0.0,0.000999000999000999,0.0009614138231176662,0.0,0.0,0.000999000999000999
HLA-C_NOTCH4,0.7156711668859411,0.0,0.0004248094182808732,0.0,0.000999000999000999,0.0008930408379423627,0.0,0.0,0.000999000999000999
GPC3_LRP1,0.7155995964122032,0.0,0.0004248094182808732,0.0,0.000999000999000999,0.0008444113863113487,0.0,0.0,0.000999000999000999
PLAU_PLAUR,0.7144383639359821,0.0,0.0004248094182808732,0.0,0.000999000999000999,0.0009339297358046179,0.0,0.0,0.000999000999000999
GNAS_ADORA1,0.7136487488566223,0.0,0.0004248094182808732,0.0,0.000999000999000999,0.0008703397241118455,0.0,0.0,0.000999000999000999
SEMA4D_ERBB2,0.7133617549720127,0.0,0.0004248094182808732,0.0,0.000999000999000999,0.0008816435280244414,0.0,0.0,0.000999000999000999
TGFB1_ITGB6,0.7129209323042084,0.0,0.0004248094182808732,0.0,0.000999000999000999,0.0009088163463085965,0.0,0.0,0.000999000999000999
PLAU_ITGA3,0.7120507057322933,0.0,0.0004248094182808732,0.0,0.000999000999000999,0.0008934893438804689,0.0,0.0,0.000999000999000999
CDH1_IGF1R,0.7110755737442997,0.0,0.0004248094182808732,0.0,0.000999000999000999,0.0008471916254045145,0.0,0.0,0.000999000999000999
SEMA7A_ITGA1,0.7095821995150616,0.0,0.0004248094182808732,0.0,0.000999000999000999,0.0009015010339509012,0.0,0.0,0.000999000999000999
APOE_LRP5,0.7084166839883062,0.0,0.0004248094182808732,0.0,0.000999000999000999,0.0008653331011821214,0.0,0.0,0.000999000999000999
EFNA5_EPHA2,0.7079763937764423,0.0,0.0004248094182808732,0.0,0.000999000999000999,0.0009063986111341371,0.0,0.0,0.000999000999000999
DKK1_LRP5,0.707356686079138,0.0,0.0004248094182808732,0.0,0.000999000999000999,0.0008336066943017619,0.0,0.0,0.000999000999000999
LIF_IL6ST,0.7070964991869643,0.0,0.0004248094182808732,0.0,0.000999000999000999,0.0008702329959248281,0.0,0.0,0.000999000999000999
NLGN2_NRXN2,0.7068209964197992,0.0,0.0004248094182808732,0.0,0.000999000999000999,0.0007937698815682284,0.0,0.0,0.000999000999000999
CDH1_LRP5,0.7064332673067135,0.0,0.0004248094182808732,0.0,0.000999000999000999,0.0008369844156525596,0.0,0.0,0.000999000999000999
VEGFA_ITGB1,0.7047901901173268,0.0,0.0004248094182808732,0.0,0.000999000999000999,0.0009027801907155649,0.0,0.0,0.000999000999000999
ALOX5AP_ALOX5,0.7046375746833275,0.0,0.0004248094182808732,0.0,0.000999000999000999,0.0008564747141420121,0.0,0.0,0.000999000999000999
BMP2_ENG,0.7044234516397972,0.0,0.0004248094182808732,0.0,0.000999000999000999,0.0008138822105009004,0.0,0.0,0.000999000999000999
ADAM9_ITGB5,0.7036171131314999,0.0,0.0004248094182808732,0.0,0.000999000999000999,0.0008660686611848558,0.0,0.0,0.000999000999000999
LRPAP1_SORT1,0.7025915837955814,0.0,0.0004248094182808732,0.0,0.000999000999000999,0.0009187331471577312,0.0,0.0,0.000999000999000999
PLAU_IGF2R,0.7011663800418152,0.0,0.0004248094182808732,0.0,0.000999000999000999,0.0008242067893990002,0.0,0.0,0.000999000999000999
LTB_LTBR,0.7010507887018039,0.0,0.0004248094182808732,0.0,0.000999000999000999,0.0008923213821549919,0.0,0.0,0.000999000999000999
ICAM3_ITGB2,0.7001467348598593,0.0,0.0004248094182808732,0.0,0.000999000999000999,0.0007821078860474141,0.0,0.0,0.000999000999000999
LGALS9_CD47,0.7000362860490011,0.0,0.0004248094182808732,0.0,0.000999000999000999,0.0009260421981711369,0.0,0.0,0.000999000999000999
CALM3_AQP1,0.6999300801130588,0.0,0.0004248094182808732,0.0,0.000999000999000999,0.000828420187626147,0.0,0.0,0.000999000999000999
ICAM1_ITGAX,0.6995534539461679,0.0,0.0004248094182808732,0.0,0.000999000999000999,0.0008195125853879255,0.0,0.0,0.000999000999000999
COL3A1_ITGA2,0.6983302793941082,0.0,0.0004248094182808732,0.0,0.000999000999000999,0.0008312133948813274,0.0,0.0,0.000999000999000999
COL18A1_GPC1,0.6978678904180559,0.0,0.0004248094182808732,0.0,0.000999000999000999,0.0008591911978090511,0.0,0.0,0.000999000999000999
LAMB2_ITGA3,0.697652241010949,0.0,0.0004248094182808732,0.0,0.000999000999000999,0.0008887753697645929,0.0,0.0,0.000999000999000999
EFNB1_EPHB6,0.6976433402307944,0.0,0.0004248094182808732,0.0,0.000999000999000999,0.0008297538565255582,0.0,0.0,0.000999000999000999
ZG16B_CXCR4,0.6973397684533571,0.0,0.0004248094182808732,0.0,0.000999000999000999,0.000945895099129091,0.0,0.0,0.000999000999000999
LAMA5_BCAM,0.6971839492250448,0.0,0.0004248094182808732,0.0,0.000999000999000999,0.0008076570066571264,0.0,0.0,0.000999000999000999
SEMA3B_NRP2,0.6963375315212996,0.0,0.0004248094182808732,0.0,0.000999000999000999,0.0008199298487878227,0.0,0.0,0.000999000999000999
AFDN_F11R,0.6962533607547505,0.0,0.0004248094182808732,0.0,0.000999000999000999,0.0008456008173997444,0.0,0.0,0.000999000999000999
VCAM1_ITGB2,0.6954751008683189,0.0,0.0004248094182808732,0.0,0.000999000999000999,0.000867592332780987,0.0,0.0,0.000999000999000999
TIMP3_MET,0.6953180361089636,0.0,0.0004248094182808732,0.0,0.000999000999000999,0.0008089826761924373,0.0,0.0,0.000999000999000999
MMP7_CD44,0.6952473075979811,0.0,0.0004248094182808732,0.0,0.000999000999000999,0.0007965938156769683,0.0,0.0,0.000999000999000999
LAMB2_ITGB1,0.6946926696385257,0.0,0.0004248094182808732,0.0,0.000999000999000999,0.0008723899023491738,0.0,0.0,0.000999000999000999
COL5A1_ITGB1,0.6945766622979364,0.0,0.0004248094182808732,0.0,0.000999000999000999,0.0008527084404701132,0.0,0.0,0.000999000999000999
COL1A2_ITGA1,0.6939330362189121,0.0,0.0004248094182808732,0.0,0.000999000999000999,0.0008316743122566526,0.0,0.0,0.000999000999000999
MFGE8_PDGFRB,0.6935816763108565,0.0,0.0004248094182808732,0.0,0.000999000999000999,0.0007648042180568097,0.0,0.0,0.000999000999000999
LTF_TFRC,0.6929469538645977,0.0,0.0004248094182808732,0.0,0.000999000999000999,0.0008438324790080289,0.0,0.0,0.000999000999000999
SERPINE1_LRP1,0.6919785044501835,0.0,0.0004248094182808732,0.0,0.000999000999000999,0.0008525862135249845,0.0,0.0,0.000999000999000999
PLAU_ST14,0.691340656532305,0.0,0.0004248094182808732,0.0,0.000999000999000999,0.0008678269938936395,0.0,0.0,0.000999000999000999
FGB_ITGB2,0.6900141726411424,0.0,0.0004248094182808732,0.0,0.000999000999000999,0.0009499313739781084,0.0,0.0,0.000999000999000999
APOE_LRP8,0.689998136713408,0.0,0.0004248094182808732,0.0,0.000999000999000999,0.0009116302261369176,0.0,0.0,0.000999000999000999
FBN1_ITGA5,0.689927548034702,0.0,0.0004248094182808732,0.0,0.000999000999000999,0.0008391044623604914,0.0,0.0,0.000999000999000999
TGFB3_ACVRL1,0.6891529383318382,0.0,0.0004248094182808732,0.0,0.000999000999000999,0.0007995633246783613,0.0,0.0,0.000999000999000999
HSPG2_LRP1,0.6890174327338139,0.0,0.0004248094182808732,0.0,0.000999000999000999,0.0008334033270014002,0.0,0.0,0.000999000999000999
SEMA3F_PLXNA3,0.6884726452543781,0.0,0.0004248094182808732,0.0,0.000999000999000999,0.0007761255052987002,0.0,0.0,0.000999000999000999
PLAT_ITGB2,0.6875509340546246,0.0,0.0004248094182808732,0.0,0.000999000999000999,0.0007777696067102134,0.0,0.0,0.000999000999000999
COL6A2_ITGA1,0.6870840102317827,0.0,0.0004248094182808732,0.0,0.000999000999000999,0.0008061227372009317,0.0,0.0,0.000999000999000999
LAMA5_ITGA6,0.6866409942415477,0.0,0.0004248094182808732,0.0,0.000999000999000999,0.0008854608759752897,0.0,0.0,0.000999000999000999
ADAM9_ITGB1,0.6859592300793287,0.0,0.0004248094182808732,0.0,0.000999000999000999,0.0008685666036067954,0.0,0.0,0.000999000999000999
AFDN_EPHB6,0.6856181995875579,0.0,0.0004248094182808732,0.0,0.000999000999000999,0.0008069008379660068,0.0,0.0,0.000999000999000999
COL4A1_ITGA2,0.6854071600813836,0.0,0.0004248094182808732,0.0,0.000999000999000999,0.0008174710085469551,0.0,0.0,0.000999000999000999
S100A9_ALCAM,0.6849926662536054,0.0,0.0004248094182808732,0.0,0.000999000999000999,0.0007544322584876408,0.0,0.0,0.000999000999000999
SEMA4D_MET,0.6846652445854053,0.0,0.0004248094182808732,0.0,0.000999000999000999,0.0007870403301308054,0.0,0.0,0.000999000999000999
COL5A2_ITGB1,0.68428283727285,0.0,0.0004248094182808732,0.0,0.000999000999000999,0.0008556194313716463,0.0,0.0,0.000999000999000999
IL16_CD4,0.6839545121526429,0.0,0.0004248094182808732,0.0,0.000999000999000999,0.0009070412677986871,0.0,0.0,0.000999000999000999
TGFB3_ITGB6,0.6829498652183221,0.0,0.0004248094182808732,0.0,0.000999000999000999,0.0008605243872896815,0.0,0.0,0.000999000999000999
PSEN1_NOTCH3,0.682940480778471,0.0,0.0004248094182808732,0.0,0.000999000999000999,0.0008615532335284832,0.0,0.0,0.000999000999000999
JAG1_NOTCH4,0.682491662598523,0.0,0.0004248094182808732,0.0,0.000999000999000999,0.0007652797595589539,0.0,0.0,0.000999000999000999
FN1_ITGA3,0.6822804384033321,0.0,0.0004248094182808732,0.0,0.000999000999000999,0.0008877958414653601,0.0,0.0,0.000999000999000999
LAMC1_ITGA6,0.681785642852131,0.0,0.0004248094182808732,0.0,0.000999000999000999,0.0008158191043189415,0.0,0.0,0.000999000999000999
JAG2_NOTCH3,0.6816533956994266,0.0,0.0004248094182808732,0.0,0.000999000999000999,0.0008288323974457028,0.0,0.0,0.000999000999000999
FAM3C_LAMP1,0.6812096441727841,0.0,0.0004248094182808732,0.0,0.000999000999000999,0.0008831909800614905,0.0,0.0,0.000999000999000999
SAA1_SCARB1,0.6806661124094777,0.0,0.0004248094182808732,0.0,0.000999000999000999,0.0007995680788397769,0.0,0.0,0.000999000999000999
LAMC1_ITGB1,0.6798192225104199,0.0,0.0004248094182808732,0.0,0.000999000999000999,0.0009005451752545046,0.0,0.0,0.000999000999000999
AFDN_NRXN2,0.6797205834271222,0.0,0.0004248094182808732,0.0,0.000999000999000999,0.0008021690153689381,0.0,0.0,0.000999000999000999
LAMB1_ITGB1,0.6787483883958076,0.0,0.0004248094182808732,0.0,0.000999000999000999,0.0008690079122613075,0.0,0.0,0.000999000999000999
APP_TSPAN15,0.6782554656613256,0.0,0.0004248094182808732,0.0,0.000999000999000999,0.0008397505380322965,0.0,0.0,0.000999000999000999
COL6A1_ITGB1,0.6773411330094388,0.0,0.0004248094182808732,0.0,0.000999000999000999,0.0008573960401328207,0.0,0.0,0.000999000999000999
APP_PLD1,0.6771771654472452,0.0,0.0004248094182808732,0.0,0.000999000999000999,0.0009001638380756006,0.0,0.0,0.000999000999000999
LAMB1_ITGA7,0.6758779589635664,0.0,0.0004248094182808732,0.0,0.000999000999000999,0.0007466638253184684,0.0,0.0,0.000999000999000999
FN1_ITGA5,0.6754770008413732,0.0,0.0004248094182808732,0.0,0.000999000999000999,0.0008303173531343478,0.0,0.0,0.000999000999000999
PGF_NRP2,0.6753099584412977,0.0,0.0004248094182808732,0.0,0.000999000999000999,0.0008055497917133192,0.0,0.0,0.000999000999000999
B2M_HLA-F,0.6744520117222491,0.0,0.0004248094182808732,0.0,0.000999000999000999,0.000851544563127866,0.0,0.0,0.000999000999000999
PSEN1_NOTCH2,0.6742520576196395,0.0,0.0004248094182808732,0.0,0.000999000999000999,0.0007243582020067153,0.0,0.0,0.000999000999000999
PDGFB_LRP1,0.6741831379808766,0.0,0.0004248094182808732,0.0,0.000999000999000999,0.0008277348856852275,0.0,0.0,0.000999000999000999
FN1_ITGA2,0.6737470085846201,0.0,0.0004248094182808732,0.0,0.000999000999000999,0.0008590492401330849,0.0,0.0,0.000999000999000999
JAG1_NOTCH3,0.6733329240432311,0.0,0.0004248094182808732,0.0,0.000999000999000999,0.0008185651944433008,0.0,0.0,0.000999000999000999
CALR_ITGA3,0.6729800793535388,0.0,0.0004248094182808732,0.0,0.000999000999000999,0.0008867792027534429,0.0,0.0,0.000999000999000999
ADAM9_ITGA6,0.6721332485379939,0.0,0.0004248094182808732,0.0,0.000999000999000999,0.0008385785364920349,0.0,0.0,0.000999000999000999
PTGS2_ALOX5,0.6719288792588594,0.0,0.0004248094182808732,0.0,0.000999000999000999,0.0007439677826726544,0.0,0.0,0.000999000999000999
VEGFA_GPC1,0.671435927342573,0.0,0.0004248094182808732,0.0,0.000999000999000999,0.0008255364899413051,0.0,0.0,0.000999000999000999
FGG_ITGB2,0.6713273588060075,0.0,0.0004248094182808732,0.0,0.000999000999000999,0.000890455777955353,0.0,0.0,0.000999000999000999
GNAS_PTGIR,0.6707234495880461,0.0,0.0004248094182808732,0.0,0.000999000999000999,0.0007167532609710681,0.0,0.0,0.000999000999000999
SERPINE1_PLAUR,0.6686137273979339,0.0,0.0004248094182808732,0.0,0.000999000999000999,0.0007656422900880601,0.0,0.0,0.000999000999000999
COL5A2_ITGA1,0.6684747815571169,0.0,0.0004248094182808732,0.0,0.000999000999000999,0.0007443279003253495,0.0,0.0,0.000999000999000999
PLAU_ITGAV,0.6680914464969321,0.0,0.0004248094182808732,0.0,0.000999000999000999,0.0008237950059459072,0.0,0.0,0.000999000999000999
MFAP2_NOTCH1,0.6678054783888985,0.0,0.0004248094182808732,0.0,0.000999000999000999,0.0007682045185786276,0.0,0.0,0.000999000999000999
MFGE8_ITGAV,0.6673318524234096,0.0,0.0004248094182808732,0.0,0.000999000999000999,0.0007929275348005305,0.0,0.0,0.000999000999000999
LAMB1_ITGA3,0.6666198003642531,0.0,0.0004248094182808732,0.0,0.000999000999000999,0.0008478982950879967,0.0,0.0,0.000999000999000999
ADAM15_ITGA5,0.6660076711498562,0.0,0.0004248094182808732,0.0,0.000999000999000999,0.0008145857236560037,0.0,0.0,0.000999000999000999
VCAM1_MSN,0.6659918185563826,0.0,0.0004248094182808732,0.0,0.000999000999000999,0.0009267232699639334,0.0,0.0,0.000999000999000999
THBS2_CD47,0.6654757917828688,0.0,0.0004248094182808732,0.0,0.000999000999000999,0.000777367213271249,0.0,0.0,0.000999000999000999
FN1_PLAUR,0.66540873692677,0.0,0.0004248094182808732,0.0,0.000999000999000999,0.0008248377931486913,0.0,0.0,0.000999000999000999
COL6A1_ITGA2,0.6653424390218068,0.0,0.0004248094182808732,0.0,0.000999000999000999,0.0007963163736450647,0.0,0.0,0.000999000999000999
PSEN1_CD44,0.6638917142232096,0.0,0.0004248094182808732,0.0,0.000999000999000999,0.0007260455058485803,0.0,0.0,0.000999000999000999
COL4A1_CD47,0.663724411798903,0.0,0.0004248094182808732,0.0,0.000999000999000999,0.0007382094312070189,0.0,0.0,0.000999000999000999
COL4A1_ITGB1,0.6635028333437842,0.0,0.0004248094182808732,0.0,0.000999000999000999,0.0008140781875281801,0.0,0.0,0.000999000999000999
COL5A1_SDC3,0.6627681390268823,0.0,0.0004248094182808732,0.0,0.000999000999000999,0.0007922013034722918,0.0,0.0,0.000999000999000999
FN1_IL17RC,0.6626950314617641,0.0,0.0004248094182808732,0.0,0.000999000999000999,0.0007355466142608101,0.0,0.0,0.000999000999000999
TNFSF12_TNFRSF25,0.6626929449723468,0.0,0.0004248094182808732,0.0,0.000999000999000999,0.0007389766148604839,0.0,0.0,0.000999000999000999
HBEGF_CD82,0.6623247896287141,0.0,0.0004248094182808732,0.0,0.000999000999000999,0.0008089777678894207,0.0,0.0,0.000999000999000999
CDH1_PTPRF,0.6619874143780663,0.0,0.0004248094182808732,0.0,0.000999000999000999,0.0008343326240135435,0.0,0.0,0.000999000999000999
COL6A1_ITGA1,0.6615725245382327,0.0,0.0004248094182808732,0.0,0.000999000999000999,0.000755506439681741,0.0,0.0,0.000999000999000999
LAMC1_ITGA2,0.6611268151246003,0.0,0.0004248094182808732,0.0,0.000999000999000999,0.0008561655401603429,0.0,0.0,0.000999000999000999
AFDN_NECTIN1,0.6600664006066128,0.0,0.0004248094182808732,0.0,0.000999000999000999,0.0007784799148275238,0.0,0.0,0.000999000999000999
CD14_RIPK1,0.6598496589182908,0.0,0.0004248094182808732,0.0,0.000999000999000999,0.0008455893399470515,0.0,0.0,0.000999000999000999
HSPG2_ITGB1,0.6592584964834769,0.0,0.0004248094182808732,0.0,0.000999000999000999,0.0007700409055669368,0.0,0.0,0.000999000999000999
S100A4_ERBB2,0.6591194418212225,0.0,0.0004248094182808732,0.0,0.000999000999000999,0.0007797258401880333,0.0,0.0,0.000999000999000999
INHBA_SMAD3,0.6586851957579907,0.0,0.0004248094182808732,0.0,0.000999000999000999,0.0007606412091992446,0.0,0.0,0.000999000999000999
COL1A1_ITGA1,0.6583895262862378,0.0,0.0004248094182808732,0.0,0.000999000999000999,0.0008013216337830358,0.0,0.0,0.000999000999000999
CD14_ITGB2,0.6581455304707822,0.0,0.0004248094182808732,0.0,0.000999000999000999,0.000838380316951595,0.0,0.0,0.000999000999000999
HBEGF_ERBB2,0.6576050816968892,0.0,0.0004248094182808732,0.0,0.000999000999000999,0.0008671286852979447,0.0,0.0,0.000999000999000999
GNAI2_EDNRA,0.6575289085705921,0.0,0.0004248094182808732,0.0,0.000999000999000999,0.0008013613822827867,0.0,0.0,0.000999000999000999
NID1_PTPRF,0.6573751539425153,0.0,0.0004248094182808732,0.0,0.000999000999000999,0.0008233054992676369,0.0,0.0,0.000999000999000999
BMP2_GPC1,0.6566935442224355,0.0,0.0004248094182808732,0.0,0.000999000999000999,0.0007714520140851623,0.0,0.0,0.000999000999000999
PKM_CD44,0.6565851258521982,0.0,0.0004248094182808732,0.0,0.000999000999000999,0.0007087462348970882,0.0,0.0,0.000999000999000999
FGA_ITGB1,0.6562396083344508,0.0,0.0004248094182808732,0.0,0.000999000999000999,0.0007805210134138647,0.0,0.0,0.000999000999000999
COL1A1_ITGA5,0.6560089626683092,0.0,0.0004248094182808732,0.0,0.000999000999000999,0.0007861737326788702,0.0,0.0,0.000999000999000999
FN1_ROBO4,0.6559763196887786,0.0,0.0004248094182808732,0.0,0.000999000999000999,0.0008167030739982309,0.0,0.0,0.000999000999000999
EFNB1_ERBB2,0.6558068192829712,0.0,0.0004248094182808732,0.0,0.000999000999000999,0.0008638747623515623,0.0,0.0,0.000999000999000999
COL4A2_CD93,0.6551321185429432,0.0,0.0004248094182808732,0.0,0.000999000999000999,0.0008125051315161477,0.0,0.0,0.000999000999000999
JAG2_NOTCH2,0.6528312750280124,0.0,0.0004248094182808732,0.0,0.000999000999000999,0.0007366301806634085,0.0,0.0,0.000999000999000999
LAMC1_ITGA3,0.6510470153171459,0.0,0.0004248094182808732,0.0,0.000999000999000999,0.0008457738174606243,0.0,0.0,0.000999000999000999
COL1A1_ITGAV,0.6501987760854996,0.0,0.0004248094182808732,0.0,0.000999000999000999,0.0007468409804604762,0.0,0.0,0.000999000999000999
THBS2_ITGA6,0.6501337174317537,0.0,0.0004248094182808732,0.0,0.000999000999000999,0.0007699456089143086,0.0,0.0,0.000999000999000999
CALR_ITGAV,0.6497804056158433,0.0,0.0004248094182808732,0.0,0.000999000999000999,0.0007645038463650091,0.0,0.0,0.000999000999000999
COL1A1_ITGA2,0.6497403851479938,0.0,0.0004248094182808732,0.0,0.000999000999000999,0.0007864901927882086,0.0,0.0,0.000999000999000999
FN1_CD44,0.6476121891499034,0.0,0.0004248094182808732,0.0,0.000999000999000999,0.0007163841568164212,0.0,0.0,0.000999000999000999
C1QA_CSPG4,0.6469750907543432,0.0,0.0004248094182808732,0.0,0.000999000999000999,0.0007606982030565999,0.0,0.0,0.000999000999000999
COL5A1_ITGA1,0.6464114782668473,0.0,0.0004248094182808732,0.0,0.000999000999000999,0.0006981633980225008,0.0,0.0,0.000999000999000999
PLAU_ITGB2,0.6455192558589242,0.0,0.0004248094182808732,0.0,0.000999000999000999,0.0006976004166337402,0.0,0.0,0.000999000999000999
WNT7B_LRP5,0.6454683723482136,0.0,0.0004248094182808732,0.0,0.000999000999000999,0.0007851432522019104,0.0,0.0,0.000999000999000999
LAMB1_ITGAV,0.6452336170549738,0.0,0.0004248094182808732,0.0,0.000999000999000999,0.0007483222668202984,0.0,0.0,0.000999000999000999
CEL_CXCR4,0.6448703134873591,0.0,0.0004248094182808732,0.0,0.000999000999000999,0.0007969263286566517,0.0,0.0,0.000999000999000999
FN1_ITGA6,0.6444568034390572,0.0,0.0004248094182808732,0.0,0.000999000999000999,0.0007076398549027916,0.0,0.0,0.000999000999000999
CALM3_KCNQ1,0.6440339525372998,0.0,0.0004248094182808732,0.0,0.000999000999000999,0.0007310137165672366,0.0,0.0,0.000999000999000999
LAMB3_ITGB1,0.6433031650309281,0.0,0.0004248094182808732,0.0,0.000999000999000999,0.0007959371433085905,0.0,0.0,0.000999000999000999
AFDN_NECTIN4,0.6431630051490487,0.0,0.0004248094182808732,0.0,0.000999000999000999,0.0007191330872215416,0.0,0.0,0.000999000999000999
SPON2_ITGB2,0.6424779059176049,0.0,0.0004248094182808732,0.0,0.000999000999000999,0.0006400774347733878,0.0,0.0,0.000999000999000999
PSEN1_NOTCH1,0.6424751723949415,0.0,0.0004248094182808732,0.0,0.000999000999000999,0.0007353166214235104,0.0,0.0,0.000999000999000999
COL18A1_ITGB1,0.6402225626488847,0.0,0.0004248094182808732,0.0,0.000999000999000999,0.000827898247348086,0.0,0.0,0.000999000999000999
JAG1_NOTCH1,0.6398778451535695,0.0,0.0004248094182808732,0.0,0.000999000999000999,0.0007884926336153458,0.0,0.0,0.000999000999000999
VEGFA_ITGAV,0.6397536628795167,0.0,0.0004248094182808732,0.0,0.000999000999000999,0.0007861120734712258,0.0,0.0,0.000999000999000999
EFNB1_EPHB3,0.6393833371492834,0.0,0.0004248094182808732,0.0,0.000999000999000999,0.0007639941600932786,0.0,0.0,0.000999000999000999
LAMA4_ITGB1,0.6392438336399916,0.0,0.0004248094182808732,0.0,0.000999000999000999,0.0008010316276654891,0.0,0.0,0.000999000999000999
TGM2_ADGRG1,0.6391912410685723,0.0,0.0004248094182808732,0.0,0.000999000999000999,0.0007687250872698663,0.0,0.0,0.000999000999000999
A2M_LRP1,0.638631736106275,0.0,0.0004248094182808732,0.0,0.000999000999000999,0.0007430697071462563,0.0,0.0,0.000999000999000999
S100A9_ITGB2,0.6374177103070736,0.0,0.0004248094182808732,0.0,0.000999000999000999,0.0006841553636295405,0.0,0.0,0.000999000999000999
PDGFB_ITGAV,0.6371488377900731,0.0,0.0004248094182808732,0.0,0.000999000999000999,0.0006956379749224707,0.0,0.0,0.000999000999000999
COL16A1_ITGB1,0.6363362481507387,0.0,0.0004248094182808732,0.0,0.000999000999000999,0.0008079446050944574,0.0,0.0,0.000999000999000999
COL4A1_CD93,0.6358478308597557,0.0,0.0004248094182808732,0.0,0.000999000999000999,0.0008251326583713308,0.0,0.0,0.000999000999000999
SERPINE1_ITGAV,0.6358269705100522,0.0,0.0004248094182808732,0.0,0.000999000999000999,0.0007833261366658054,0.0,0.0,0.000999000999000999
C1QA_CD93,0.6346926249364557,0.0,0.0004248094182808732,0.0,0.000999000999000999,0.0007916343833258272,0.0,0.0,0.000999000999000999
LAMC1_ITGB4,0.6340907205023341,0.0,0.0004248094182808732,0.0,0.000999000999000999,0.0008266147965778174,0.0,0.0,0.000999000999000999
HAS2_CD44,0.6336864087586762,0.0,0.0004248094182808732,0.0,0.000999000999000999,0.0006691330867790738,0.0,0.0,0.000999000999000999
VEGFA_NRP2,0.6324591777383516,0.0,0.0004248094182808732,0.0,0.000999000999000999,0.0006734734171948009,0.0,0.0,0.000999000999000999
FBN1_ITGB1,0.6324483743477866,0.0,0.0004248094182808732,0.0,0.000999000999000999,0.000750246937643012,0.0,0.0,0.000999000999000999
ICAM1_ITGB2,0.632150092271874,0.0,0.0004248094182808732,0.0,0.000999000999000999,0.0007363809924704441,0.0,0.0,0.000999000999000999
ADAM10_NOTCH1,0.6304225746697635,0.0,0.0004248094182808732,0.0,0.000999000999000999,0.0007728234110403191,0.0,0.0,0.000999000999000999
APOE_SCARB1,0.628858091951689,0.0,0.0004248094182808732,0.0,0.000999000999000999,0.0007960673707787623,0.0,0.0,0.000999000999000999
HSP90B1_LRP1,0.628531712352591,0.0,0.0004248094182808732,0.0,0.000999000999000999,0.0007285162849179883,0.0,0.0,0.000999000999000999
ADAM10_TSPAN14,0.6278972397157241,0.0,0.0004248094182808732,0.0,0.000999000999000999,0.0007608640921595281,0.0,0.0,0.000999000999000999
LAMB1_ITGA1,0.6272881198517968,0.0,0.0004248094182808732,0.0,0.000999000999000999,0.0007460109280628797,0.0,0.0,0.000999000999000999
COL4A1_ITGA1,0.6267693240876312,0.0,0.0004248094182808732,0.0,0.000999000999000999,0.0007273233235912357,0.0,0.0,0.000999000999000999
COL3A1_DDR1,0.6262519607139462,0.0,0.0004248094182808732,0.0,0.000999000999000999,0.0007381864940944354,0.0,0.0,0.000999000999000999
LAMB1_ITGA2,0.6252151159190072,0.0,0.0004248094182808732,0.0,0.000999000999000999,0.0007442000369966203,0.0,0.0,0.000999000999000999
LAMB3_ITGA3,0.6251082479265485,0.0,0.0004248094182808732,0.0,0.000999000999000999,0.0007447041810586244,0.0,0.0,0.000999000999000999
CALM3_INSR,0.6245790081095973,0.0,0.0004248094182808732,0.0,0.000999000999000999,0.0007278291624015002,0.0,0.0,0.000999000999000999
FN1_ITGB1,0.624482838646769,0.0,0.0004248094182808732,0.0,0.000999000999000999,0.0007025546412694748,0.0,0.0,0.000999000999000999
EFNB1_EPHB4,0.6243243812448671,0.0,0.0004248094182808732,0.0,0.000999000999000999,0.000760454075814513,0.0,0.0,0.000999000999000999
S100A9_CD68,0.6238302146580628,0.0,0.0004248094182808732,0.0,0.000999000999000999,0.0007836879672036776,0.0,0.0,0.000999000999000999
COL18A1_ITGA5,0.6237302123367652,0.0,0.0004248094182808732,0.0,0.000999000999000999,0.0008176240588858406,0.0,0.0,0.000999000999000999
COL4A2_ITGB5,0.6237136518383035,0.0,0.0004248094182808732,0.0,0.000999000999000999,0.0006529680947089529,0.0,0.0,0.000999000999000999
FGA_ITGA5,0.623692483413913,0.0,0.0004248094182808732,0.0,0.000999000999000999,0.0008353105851771844,0.0,0.0,0.000999000999000999
COL5A2_DDR1,0.623144830769066,0.0,0.0004248094182808732,0.0,0.000999000999000999,0.0007567120734592278,0.0,0.0,0.000999000999000999
LGALS9_MRC2,0.6231397529595635,0.0,0.0004248094182808732,0.0,0.000999000999000999,0.0008028535134621126,0.0,0.0,0.000999000999000999
AFDN_EPHB3,0.6211968499698785,0.0,0.0004248094182808732,0.0,0.000999000999000999,0.0008072270540015671,0.0,0.0,0.000999000999000999
TGFB3_ITGB5,0.6202646026042591,0.0,0.0004248094182808732,0.0,0.000999000999000999,0.0008059212954844137,0.0,0.0,0.000999000999000999
ADAM15_ITGB1,0.618966235780309,0.0,0.0004248094182808732,0.0,0.000999000999000999,0.0007487050227373797,0.0,0.0,0.000999000999000999
ADAM10_NOTCH2,0.618221784022533,0.0,0.0004248094182808732,0.0,0.000999000999000999,0.0008376991019921533,0.0,0.0,0.000999000999000999
COL1A1_CD44,0.6176794396111236,0.0,0.0004248094182808732,0.0,0.000999000999000999,0.0006547946356577321,0.0,0.0,0.000999000999000999
CD6_ALCAM,0.6170084476914771,0.0,0.0004248094182808732,0.0,0.000999000999000999,0.0007719371539765118,0.0,0.0,0.000999000999000999
HSP90B1_ERBB2,0.6157454800313175,0.0,0.0004248094182808732,0.0,0.000999000999000999,0.0007278322997390603,0.0,0.0,0.000999000999000999
HLA-B_CANX,0.6150781083942428,0.0,0.0004248094182808732,0.0,0.000999000999000999,0.0007233479767068527,0.0,0.0,0.000999000999000999
B2M_TFRC,0.6145205443140732,0.0,0.0004248094182808732,0.0,0.000999000999000999,0.0007737523100699269,0.0,0.0,0.000999000999000999
ADAM10_CADM1,0.6129341856664929,0.0,0.0004248094182808732,0.0,0.000999000999000999,0.0007538533936408826,0.0,0.0,0.000999000999000999
EFNA1_EPHA2,0.61181682771082,0.0,0.0004248094182808732,0.0,0.000999000999000999,0.0007821113432488381,0.0,0.0,0.000999000999000999
PDGFB_PDGFRB,0.6115500542466252,0.0,0.0004248094182808732,0.0,0.000999000999000999,0.0007611027754089731,0.0,0.0,0.000999000999000999
COL1A1_CD93,0.6115209746971175,0.0,0.0004248094182808732,0.0,0.000999000999000999,0.0006879536241417448,0.0,0.0,0.000999000999000999
SEMA3F_PLXNA1,0.6099332471128814,0.0,0.0004248094182808732,0.0,0.000999000999000999,0.0007019916024179636,0.0,0.0,0.000999000999000999
LTB_TNFRSF1A,0.6085297547014673,0.0,0.0004248094182808732,0.0,0.000999000999000999,0.0007729763931969155,0.0,0.0,0.000999000999000999
FN1_ITGB6,0.6077772277209545,0.0,0.0004248094182808732,0.0,0.000999000999000999,0.0007329121070320269,0.0,0.0,0.000999000999000999
COL1A2_CD93,0.6065511428658213,0.0,0.0004248094182808732,0.0,0.000999000999000999,0.0007481971556161094,0.0,0.0,0.000999000999000999
LTBP3_ITGB5,0.6045232898368536,0.0,0.0004248094182808732,0.0,0.000999000999000999,0.0006211774060689477,0.0,0.0,0.000999000999000999
AZGP1_ITGAV,0.6038584458121249,0.0,0.0004248094182808732,0.0,0.000999000999000999,0.000767163902789358,0.0,0.0,0.000999000999000999
SERPINE1_ITGB5,0.6018156863631534,0.0,0.0004248094182808732,0.0,0.000999000999000999,0.00066320493722797,0.0,0.0,0.000999000999000999
IL1RN_IL1R1,0.6001078386904064,0.0,0.0004248094182808732,0.0,0.000999000999000999,0.0007074293149540018,0.0,0.0,0.000999000999000999
CGN_F11R,0.5999154000471846,0.0,0.0004248094182808732,0.0,0.000999000999000999,0.0006831088969518995,0.0,0.0,0.000999000999000999
SEMA4C_PLXNB2,0.5996369824787279,0.0,0.0004248094182808732,0.0,0.000999000999000999,0.0007224698414536847,0.0,0.0,0.000999000999000999
LAMB3_ITGA6,0.5991113759336667,0.0,0.0004248094182808732,0.0,0.000999000999000999,0.0007327164869739522,0.0,0.0,0.000999000999000999
LAMA4_ITGAV,0.5976662293391183,0.0,0.0004248094182808732,0.0,0.000999000999000999,0.000714592089343892,0.0,0.0,0.000999000999000999
CXCL1_ADRA2A,0.5968901941429753,0.0,0.0004248094182808732,0.0,0.000999000999000999,0.0006930778416260699,0.0,0.0,0.000999000999000999
JAG1_CD46,0.5956265456616764,0.0,0.0004248094182808732,0.0,0.000999000999000999,0.0006609571311691261,0.0,0.0,0.000999000999000999
FN1_ITGAV,0.5952173023204828,0.0,0.0004248094182808732,0.0,0.000999000999000999,0.0007697571267670853,0.0,0.0,0.000999000999000999
HSPG2_ITGA2,0.593387409779367,0.0,0.0004248094182808732,0.0,0.000999000999000999,0.0006805818330284563,0.0,0.0,0.000999000999000999
PPY_ADRA2A,0.593233264429461,0.0,0.0004248094182808732,0.0,0.000999000999000999,0.0006808942395878017,0.0,0.0,0.000999000999000999
LAMB3_COL17A1,0.5922757065498018,0.0,0.0004248094182808732,0.0,0.000999000999000999,0.0006983346754392518,0.0,0.0,0.000999000999000999
LAMA4_ITGA3,0.590789089793166,0.0,0.0004248094182808732,0.0,0.000999000999000999,0.0007492124494624372,0.0,0.0,0.000999000999000999
FBN1_ITGAV,0.5896548504622984,0.0,0.0004248094182808732,0.0,0.000999000999000999,0.0007493746319187381,0.0,0.0,0.000999000999000999
ADAM15_ITGAV,0.5876830535619763,0.0,0.0004248094182808732,0.0,0.000999000999000999,0.0007416745194076781,0.0,0.0,0.000999000999000999
SPTAN1_PTPRA,0.5866978749092281,0.0,0.0004248094182808732,0.0,0.000999000999000999,0.0007732299000140776,0.0,0.0,0.000999000999000999
LIPH_LPAR4,0.5866627709857118,0.0,0.0004248094182808732,0.0,0.000999000999000999,0.0006596413534162943,0.0,0.0,0.000999000999000999
FBN1_ITGB6,0.5859646668257963,0.0,0.0004248094182808732,0.0,0.000999000999000999,0.0006604057760243801,0.0,0.0,0.000999000999000999
COL1A1_ITGA11,0.5847241980965464,0.0,0.0004248094182808732,0.0,0.000999000999000999,0.0006468577192035006,0.0,0.0,0.000999000999000999
NID1_ITGAV,0.5833362339098663,0.0,0.0004248094182808732,0.0,0.000999000999000999,0.0007375497774138018,0.0,0.0,0.000999000999000999
LGALS8_ITGA3,0.5832312662487035,0.0,0.0004248094182808732,0.0,0.000999000999000999,0.0007202613710443455,0.0,0.0,0.000999000999000999
AGT_ADRA2A,0.5800192620102053,0.0,0.0004248094182808732,0.0,0.000999000999000999,0.0006617186970090055,0.0,0.0,0.000999000999000999
JAG1_NOTCH2,0.5800057304855153,0.0,0.0004248094182808732,0.0,0.000999000999000999,0.0007014551229106258,0.0,0.0,0.000999000999000999
COL4A1_ITGAV,0.5787785514841717,0.0,0.0004248094182808732,0.0,0.000999000999000999,0.0007411015892340879,0.0,0.0,0.000999000999000999
COL14A1_CD44,0.5772823770504947,0.0,0.0004248094182808732,0.0,0.000999000999000999,0.0007362942964739839,0.0,0.0,0.000999000999000999
EFNA2_EPHA2,0.5761264573240323,0.0,0.0004248094182808732,0.0,0.000999000999000999,0.0007754359722427978,0.0,0.0,0.000999000999000999
GPC3_IGF1R,0.5750956611941335,0.0,0.0004248094182808732,0.0,0.000999000999000999,0.0006806352046118001,0.0,0.0,0.000999000999000999
ARF1_INSR,0.5740891581460584,0.0,0.0004248094182808732,0.0,0.000999000999000999,0.0006749596127698217,0.0,0.0,0.000999000999000999
GAS6_AXL,0.5726051496605059,0.0,0.0004248094182808732,0.0,0.000999000999000999,0.0006671323282561966,0.0,0.0,0.000999000999000999
ADAM10_TSPAN15,0.5713827206360218,0.0,0.0004248094182808732,0.0,0.000999000999000999,0.0006631496622560077,0.0,0.0,0.000999000999000999
TNFSF10_TNFRSF10B,0.5711429705058451,0.0,0.0004248094182808732,0.0,0.000999000999000999,0.0006693436379945037,0.0,0.0,0.000999000999000999
GSTP1_TRAF2,0.5699585855322676,0.0,0.0004248094182808732,0.0,0.000999000999000999,0.0006787877452621591,0.0,0.0,0.000999000999000999
VEGFA_SIRPA,0.5687879667349695,0.0,0.0004248094182808732,0.0,0.000999000999000999,0.000604838404693321,0.0,0.0,0.000999000999000999
COMP_ITGB1,0.566578825306681,0.0,0.0004248094182808732,0.0,0.000999000999000999,0.0006973315218368634,0.0,0.0,0.000999000999000999
COL18A1_ITGB5,0.5632233816190721,0.0,0.0004248094182808732,0.0,0.000999000999000999,0.0006754669550076965,0.0,0.0,0.000999000999000999
CXCL14_CXCR4,0.5621363920138949,0.0,0.0004248094182808732,0.0,0.000999000999000999,0.00074470996403484,0.0,0.0,0.000999000999000999
LUM_ITGB1,0.5599540890754163,0.0,0.0004248094182808732,0.0,0.000999000999000999,0.0006883159449179339,0.0,0.0,0.000999000999000999
ADAM10_MET,0.559533437631211,0.0,0.0004248094182808732,0.0,0.000999000999000999,0.0006239702711562532,0.0,0.0,0.000999000999000999
LAMC1_ITGAV,0.5566027686815522,0.0,0.0004248094182808732,0.0,0.000999000999000999,0.0007038340679343367,0.0,0.0,0.000999000999000999
LAMC1_ITGA1,0.5563282613394924,0.0,0.0004248094182808732,0.0,0.000999000999000999,0.0006973531802192984,0.0,0.0,0.000999000999000999
JAG2_NOTCH1,0.5560161381065472,0.0,0.0004248094182808732,0.0,0.000999000999000999,0.0006468531110215561,0.0,0.0,0.000999000999000999
EFNA5_EPHB6,0.5545415639025378,0.0,0.0004248094182808732,0.0,0.000999000999000999,0.0006388854764599958,0.0,0.0,0.000999000999000999
FBLN1_ITGB1,0.5523777307801208,0.0,0.0004248094182808732,0.0,0.000999000999000999,0.0006649017902940576,0.0,0.0,0.000999000999000999
PDGFB_PDGFRA,0.5520352879649514,0.0,0.0004248094182808732,0.0,0.000999000999000999,0.0007315982216229384,0.0,0.0,0.000999000999000999
CCL21_ADRA2A,0.5519502163681836,0.0,0.0004248094182808732,0.0,0.000999000999000999,0.0006420932784204208,0.0,0.0,0.000999000999000999
TNFSF10_RIPK1,0.5492705776452719,0.0,0.0004248094182808732,0.0,0.000999000999000999,0.0006624229507590086,0.0,0.0,0.000999000999000999
COL6A1_ITGA6,0.547705691854758,0.0,0.0004248094182808732,0.0,0.000999000999000999,0.0006654208440475171,0.0,0.0,0.000999000999000999
LGALS3BP_ITGB1,0.5411952493276786,0.0,0.0004248094182808732,0.0,0.000999000999000999,0.0006892746372752039,0.0,0.0,0.000999000999000999
COL18A1_ITGA3,0.539716742177998,0.0,0.0004248094182808732,0.0,0.000999000999000999,0.0006794320832861257,0.0,0.0,0.000999000999000999
SAA1_ADRA2A,0.5383117296091936,0.0,0.0004248094182808732,0.0,0.000999000999000999,0.0006373143418627837,0.0,0.0,0.000999000999000999
LAMB1_ITGA6,0.537172312025659,0.0,0.0004248094182808732,0.0,0.000999000999000999,0.0006418171908811939,0.0,0.0,0.000999000999000999
ICAM2_ITGB2,0.5324284224017626,0.0,0.0004248094182808732,0.0,0.000999000999000999,0.0006181719813015092,0.0,0.0,0.000999000999000999
LAMC1_ITGA7,0.5252056740937682,0.0,0.0004248094182808732,0.0,0.000999000999000999,0.0006703898478578152,0.0,0.0,0.000999000999000999
LAMA4_ITGA6,0.5199448767603806,0.0,0.0004248094182808732,0.0,0.000999000999000999,0.0005875955973727408,0.0,0.0,0.000999000999000999
FGA_ITGAX,0.5193859903264255,0.0,0.0004248094182808732,0.0,0.000999000999000999,0.0006714085074879804,0.0,0.0,0.000999000999000999
SPTBN2_PTPRA,0.5190395559321178,0.0,0.0004248094182808732,0.0,0.000999000999000999,0.0006801509421625677,0.0,0.0,0.000999000999000999
TLN1_ITGB5,0.5100831160726325,0.0,0.0004248094182808732,0.0,0.000999000999000999,0.0005830764156374422,0.0,0.0,0.000999000999000999
DCN_MET,0.5081927379685526,0.0,0.0004248094182808732,0.0,0.000999000999000999,0.0006262801058196551,0.0,0.0,0.000999000999000999
CSF1_SIRPA,0.49162592528013577,0.0,0.0004248094182808732,0.0,0.000999000999000999,0.0005779268271958731,0.0,0.0,0.000999000999000999
ADAM9_ITGAV,0.4834391193618146,0.0,0.0004248094182808732,0.0,0.000999000999000999,0.0006246310693363813,0.0,0.0,0.000999000999000999
FGA_ITGAV,0.47797790748582586,0.0,0.0004248094182808732,0.0,0.000999000999000999,0.0006681689104323514,0.0,0.0,0.000999000999000999
FGA_ITGB2,0.47244093334079074,0.0,0.0004248094182808732,0.0,0.000999000999000999,0.0005940819098595994,0.0,0.0,0.000999000999000999
CD59_CD2,0.46690061236133523,0.0,0.0004248094182808732,0.0,0.000999000999000999,0.0006171648040260514,0.0,0.0,0.000999000999000999
SEMA3F_NRP2,0.45361064987495126,0.0,0.0004248094182808732,0.0,0.000999000999000999,0.000537597054483365,0.0,0.0,0.000999000999000999
