,0,1,2,3,4
0,0.2113121430008361,0.05892876052920367,-0.006198690785629588,-0.10265333837898737,0.04511312143249573
1,0.26694747858334994,0.01650163018832582,0.046471682923521496,-0.14823426302317133,0.18876945127115533
2,0.2963322215713611,0.01804598559876863,0.05590750062098762,-0.14595392974566526,0.14381065825195283
3,0.14996318092604805,0.02419547254031521,0.014781154558694963,-0.08817832643700964,0.15507782660844485
4,0.24127152375696445,0.0047125035947012915,0.04985873455600646,-0.15657254925487193,0.17539697971825036
5,0.3754208071078405,0.017175688652371218,0.08032961677873422,-0.20806478670913678,0.17518334957374226
6,0.22667242115271957,0.021761548135566265,0.039918970721532825,-0.18473520450840009,0.16963816783400343
7,0.3139713512034731,0.009734197704233337,0.08041800558310297,-0.2226030452228165,0.14891216270962052
8,0.2533519083133423,0.06785058634893558,0.013986686803044207,-0.20995572000823434,0.15371528895420716
9,0.2897739949568017,0.040659231782907014,0.0635491972789144,-0.23692928279666328,0.14364290131882956
10,0.19676696522677956,0.05423737594785878,-0.00020509612824473665,-0.16485526545577975,0.1533045217051482
11,0.21959739049784066,0.05730086950952485,0.025600208597672987,-0.17869286954419103,0.09218326983487324
12,0.21938419641443868,0.08708766543017234,-0.015170114205192955,-0.1716090829800577,0.1021709900516963
13,0.13752612771760903,0.17779402096191804,-0.014489243927052014,-0.08475704467233312,0.010375736413470244
14,0.16586584585868658,0.2006095710908619,-0.013468453511455982,-0.10135061355180958,0.008922590147957193
15,-0.02134527678070827,0.1058773854032074,-0.022942775500925553,0.01930338418892923,0.07197316616728
16,-0.0014514950771774586,0.0968044202946387,-0.004596813287762146,0.004134724153820438,0.09204755190916145
17,-0.04124567884486422,0.11743533266035512,-0.05780230465997242,0.07242431428193037,0.07089808244668282
18,-0.05603027999707657,0.10472575907862378,-0.035388833163886094,0.04442333364169955,0.08523741038384426
19,-0.0651312727633578,0.08301247528858148,-0.06666299999217909,0.10337333857636018,0.0782353725976737
20,-0.08375876328689236,0.05850483282908397,-0.06023662763730419,0.07813486430593589,0.07460440588452147
21,-0.02556203531006364,0.12009473928917772,-0.06632019460147469,0.094277571271789,0.05857047294352942
22,-0.10193863373523054,-0.012293465175596307,-0.03788282243695307,0.06073204851896877,0.07665869199922408
23,-0.11782846540425451,-0.015926817813626558,-0.047623259280907916,0.06195171269998492,0.08079129659306966
24,-0.048922547897117065,0.07028734076473546,-0.05010370548384044,0.09105249853119726,0.0642326154617282
25,-0.13916839887790172,-0.09794209304307158,-0.03318231987719009,0.07853841668731619,0.09292707667048508
26,-0.1538637303363431,-0.09151508397186058,-0.03537391777961552,0.05166261776589903,0.08057035250876848
27,-0.17923806860173813,-0.15012934477592066,-0.0199497034589218,0.17569259960617833,0.15056939939986994
28,-0.18091066792851887,-0.14414282260629235,-0.03181989163896771,0.09789209861845574,0.09351612478675331
29,-0.12819066084522374,-0.1062376327697354,-0.023720309163559224,0.13568615495454225,0.12336926787672303
30,-0.1939426746401327,-0.16305301000207564,-0.0029587172199470814,0.16797004032133417,0.18270272910799715
31,-0.19948702103414198,-0.17144834314794666,-0.007741917964268981,0.14761478246491722,0.13577307801531185
32,-0.16701513908739277,-0.13564017241787352,-0.012340017693341572,0.21040511228813588,0.18192932737153392
33,-0.16812349015745331,-0.15787980865748538,-0.014431743309955912,0.017335280897346244,0.1637615390785696
34,-0.1966930988755377,-0.17916426662946747,-0.005601828522701751,0.04633813460980476,0.1536188321051982
35,-0.15924091930735979,-0.12936757918338707,-0.009899428094434438,0.1253939657321025,0.18721661286264693
36,-0.10294740003068122,-0.12359731642005664,-0.022860983378525056,-0.02391757058388591,0.1178327840547446
37,-0.15069078385839998,-0.15901094249080616,-0.026874435366319713,-0.015297006169329599,0.14594438540002314
38,-0.10415236008657766,-0.1212657227249896,-0.017146833406697332,-0.017715304218201996,0.12053829382765664
39,-0.06452344013067418,-0.0874904071126775,-0.028199852029858107,0.02246921064088288,0.11693552081992913
40,-0.05243049458387141,-0.07654336874131197,-0.009671483125967429,-0.028406142470455243,0.06995408106487067
41,0.44763434849197137,0.03373863264272111,0.0968774817387573,-0.21522414085781869,0.12312325734383377
42,0.40710426761748075,0.03688830675479682,0.08616670725037463,-0.17425465535731754,0.06397949895779502
43,0.42040849572261973,0.027765243420287484,0.10835301680257074,-0.25265067917969797,0.08644830566447631
44,0.5120415306967213,0.05586936635389916,0.12203325233245624,-0.25702464690133897,0.036969340551082815
45,0.3552957642692957,0.035631784903244146,0.10540569618523789,-0.2604065457553955,0.07873940322307797
46,0.44036314245504415,0.05685647972359891,0.1277772515855281,-0.27269914884400515,0.0006340348808695635
47,0.3015198984613937,0.0647290777056134,0.07022001849863004,-0.2345713579930433,0.08046245047000519
48,0.3923056249972474,0.08902173240541501,0.10637042445778187,-0.26355169160266145,0.025215869432569562
49,0.26697395567823995,0.0828999651652013,0.0589219118538551,-0.18043316328960884,0.0223482010155659
50,0.19504977798684187,0.20358995441133979,0.004142164624142027,-0.11676089105347195,-0.009484168545382933
51,0.14313014165268728,0.09992604410319383,0.05427597646429108,-0.07840314843770886,0.030432554666541475
52,0.18499767391199867,0.13470884832274949,0.053121410728882705,-0.103703227798852,0.028056312131116635
53,0.09783820307653558,0.07687765165808196,0.04955946369400408,-0.06669397009273124,0.05519604969320459
54,0.14540464728924343,0.0977645949502225,0.06561800610805382,-0.10264381454280053,0.05983073017221336
55,0.03773626482288882,0.07100328687084698,0.019451950748891157,-0.02122944311542708,0.0968180018419068
56,0.05854217423012462,0.051289098343990834,0.04131246046670605,-0.059315112784127585,0.08809817404606345
57,-0.04914227204882365,0.07348641058593704,-0.009249496505066736,0.030544837188895776,0.10667280848532634
58,-0.024847661760663445,0.031054793463939478,0.010247672854265652,0.019830584622368728,0.12216800503371088
59,-0.10021830431417367,0.020064283724888887,-0.030886031619732662,0.038297394470810917,0.06764509189214057
60,-0.10344212965291168,-0.012360802817643485,0.001186452203638518,0.02305561027073827,0.07949391951965823
61,-0.12855419744820598,-0.047173065247812423,-0.042357667359336625,0.03643638944184804,0.07001147431458213
62,-0.1343269715199293,-0.08942469880549869,-0.014238659671421686,-0.005649634042018798,0.054735649792545644
63,-0.1609837002183688,-0.10123523678560405,-0.03164456073749391,0.0400401859251085,0.07819375434513501
64,-0.15776190081846064,-0.1288432736018237,-0.02222256181005607,0.010691275161945398,0.07096173784956677
65,-0.18378981197150382,-0.13955918678133267,-0.03356277403195116,0.057256934752404016,0.061263288260357145
66,-0.1847218825281312,-0.14777123415938945,-0.026159608447406557,0.038235630278081814,0.058920218302856375
67,-0.1985015219095266,-0.16713339504253635,-0.02382855779828113,0.09299399507837813,0.07694921985131167
68,-0.19858620094004623,-0.1633528099058982,-0.03564592686323586,0.05778892677036714,0.04430161343990345
69,-0.20275631225558846,-0.1836454822375274,-0.005361009325383792,0.05920912436475918,0.122082752049487
70,-0.20604258615636226,-0.17929911404114274,-0.019353052183223248,0.05483104515031603,0.08750745776758848
71,-0.17670420093615186,-0.17845305441934872,-0.020067610553210765,-0.006736973675627427,0.13549386539074398
72,-0.19058589011730304,-0.18494197081820066,-0.014228154105626377,0.008957708625572982,0.12678829105698608
73,-0.10609894403749989,-0.1298311129170782,-0.03877667159679774,0.03232067971007431,0.1404993720947774
74,-0.14179387514140115,-0.1610503653928005,-0.036132007549362015,0.02622574513890464,0.12463288306442283
75,-0.011061916195610264,-0.041610607657067984,-0.034679518570964595,0.055041704096183135,0.09632717204865915
76,-0.045556238552186955,-0.0880226808744726,-0.0475359225071173,0.07856379036489029,0.12099947794955168
77,0.022310936270671905,-0.01956324055535532,-0.03354595636604098,0.05786488874112825,0.06430742466227546
78,0.5483232424001807,0.07129968749451575,0.11666923508590932,-0.23561078042725012,0.02417292630525843
79,0.46199656067504147,0.0728886319965433,0.08860047959504261,-0.17987118195352758,0.018585074322351073
80,0.53691709917103,0.08840403063741667,0.13619515625937537,-0.26932951712361053,-0.03238897472115178
81,0.612957140610487,0.12195554303363104,0.1325031246094413,-0.2557115595936355,-0.021808506674756277
82,0.4844660189005341,0.12034996703414103,0.12918063986952041,-0.2692595221891463,-0.030916515553175376
83,0.5763771444926236,0.1538493080620727,0.14421576849609058,-0.26294826788512765,-0.05733031662194743
84,0.4186861779776353,0.14262068201031147,0.09854440843464796,-0.23372079170251245,-0.010400221031952652
85,0.5398877503417168,0.19753808539330656,0.13050453368389878,-0.2542321964824529,-0.041534280822231706
86,0.3829446719227586,0.1594109870775454,0.0919788216653827,-0.17854253070762366,-0.02950370270864758
87,0.24008716367384964,0.221933305262258,0.029036026749006957,-0.1521996393854749,-0.00789427062182081
88,0.2366177927900785,0.18597384296017908,0.03771187634656082,-0.14897609536348075,-0.011412471738887906
89,0.20905373336151895,0.1646444178704057,0.04542225430372006,-0.13125669014859548,0.02313694980815924
90,0.24279302874926953,0.18658628246057923,0.04998778926608023,-0.16796447416939692,0.016473722298035915
91,0.17377279694128017,0.10422726386869155,0.05706513799501115,-0.12491238584384089,0.06325570057189524
92,0.17666710545579287,0.09856604970740253,0.04485201159418268,-0.14056740547594487,0.06509897504958251
93,0.06463541162380813,0.03205000720253669,0.04827165823379013,-0.1022920821895113,0.08721282518525146
94,0.07531597808483541,0.011922661770437538,0.03885273376042323,-0.13070286294091976,0.0994367514807016
95,-0.02094441446096032,-0.009710272803903944,0.023405762044309514,-0.01864491099770923,0.11564446779041548
96,-0.03141897520683602,-0.046943697900722864,0.028552580010536607,-0.08071686656020513,0.11575743515426118
97,-0.09770820344999061,-0.03557992299105145,0.01609059981749444,0.029746219674083134,0.10971104084264464
98,-0.10413814562734641,-0.06711934845542573,0.022878387355506798,0.008289073642904104,0.12845643669080128
99,-0.13611006035368714,-0.10624717227208384,0.015241634938192377,-0.021280441255393686,0.05732620452391132
100,-0.14724171369408287,-0.10012996545224717,0.025077748211139596,-0.005597364290774553,0.09490422763971043
101,-0.1451795246625855,-0.16109083478954975,-0.001736447738098059,-0.027560271918563063,0.05689155334822674
102,-0.14171626695882558,-0.1675841040931387,0.014359301528420547,-0.03907330026686142,0.05386815528204348
103,-0.1736916855870192,-0.16703099637750765,-0.017178324838837786,0.010054393914295067,0.06383277836172722
104,-0.15157895961978723,-0.18717053335193912,-0.004970112121827847,-0.018876830460942927,0.05921735160352564
105,-0.19815437012937093,-0.16843282633074935,-0.03596632797785216,0.03635484539988665,0.05073188463765503
106,-0.18934138482421697,-0.18090865698548045,-0.030984021313548788,0.014790169273416484,0.06871539223710839
107,-0.20851683488539388,-0.17706054165434984,-0.0390258348402507,0.04411573810126097,0.0675417697277489
108,-0.20707962251118914,-0.18093474004299362,-0.049839516106087396,0.03278157066257715,0.0784010894821209
109,-0.205492320108308,-0.18339203017227096,-0.018641860857677748,0.026866605534599707,0.11856734255462067
110,-0.2128124273026162,-0.18285537674394262,-0.035609955466880984,0.03672173265567507,0.09904534660415572
111,-0.1700700245173596,-0.17639241313603968,-0.028244524543388553,0.0242456570384149,0.117271669121455
112,-0.19910934867553887,-0.17799119298477847,-0.023329952428185214,0.03843263235801793,0.11540218909346127
113,-0.09629295862498116,-0.13713999568291207,-0.04732852884926351,0.07737365971919462,0.10847513241206336
114,-0.14430243546902902,-0.16345649282481325,-0.040990124204547056,0.06522175620473142,0.09124615803134105
115,0.005444487562156029,-0.06562870844552009,-0.0486646679908928,0.09746374875842172,0.08733815471797289
116,-0.04606869728083811,-0.1191983108018095,-0.05235689184972009,0.11122592849011449,0.07668460296871368
117,0.01800777597308468,-0.0588429370429086,-0.03872348070832212,0.0881892521981812,0.05131399057081703
118,0.6122191257624917,0.15285137663261614,0.11648114369127084,-0.22771073876461115,-0.017216169888178756
119,0.4941790159740804,0.15489900279118235,0.0850838163781746,-0.17133772117742546,-0.03074657668837671
120,0.647143641535244,0.1953884702453348,0.14580675778888955,-0.2517161104122156,-0.057495221114322516
121,0.6798006708860076,0.24056273728678237,0.13421758081572804,-0.239658535622812,-0.06152287439036494
122,0.6195636253944148,0.23926981422144977,0.1517786995983895,-0.2541891195412978,-0.06566579458692642
123,0.666548055212041,0.27960844816009106,0.15594413918316896,-0.2454356887548532,-0.08096558119616402
124,0.5569273331320499,0.24987537953281624,0.140155581970634,-0.2330885136276082,-0.053417339556551306
125,0.6458127810775198,0.310724046201545,0.16234398166435063,-0.2501965615301812,-0.07366583285365073
126,0.5309856353460224,0.25658294394496517,0.15020553795427796,-0.2114761257128065,-0.06158156405322234
127,0.2653167570659664,0.16535801128524388,0.06785568180691197,-0.18491042259740412,0.0017274160048308714
128,0.2962198975828229,0.12811805267649037,0.1091829290956788,-0.18250451411039798,-0.018075959141443807
129,0.17702167590628526,0.0912463813690844,0.047649939479600105,-0.16070355824553667,0.05713276280566998
130,0.19375735488643656,0.07931731795224117,0.06816906217988233,-0.17880073294532575,0.03132352302256836
131,0.0750735860931667,-0.010127567327229721,0.03014530102372487,-0.14636121294359195,0.10764063268514186
132,0.06537239847523155,-0.023910300461787708,0.03145160496572356,-0.15796709991516653,0.094535519146073
133,-0.029875119729871034,-0.07316566931701017,0.02504182137946626,-0.12572418371449054,0.13191950441031802
134,-0.03456706925335244,-0.09576312399790092,0.022010365463776355,-0.14798728888562418,0.1385864929601314
135,-0.11370806081036913,-0.10371347034830614,0.02780993433685531,-0.051779605766054754,0.13983249246827087
136,-0.1131610774094317,-0.1279939448756024,0.027256800325650636,-0.10321307100471325,0.148886742085883
137,-0.16748534341913704,-0.11003700305109483,0.025412625445848897,-0.003958049428661658,0.12963264993326706
138,-0.17321522244413168,-0.13408356839295343,0.024177307990242373,-0.03607725356245045,0.14495699583810084
139,-0.1632034810662405,-0.15215325504868268,0.016440371869071976,-0.022956839337565302,0.08806546110090226
140,-0.193188629246614,-0.14627903985054413,0.013226109817035772,-0.013999530072009934,0.11607915699770376
141,-0.14592564043233086,-0.19140581919781408,0.0005195496718707625,-0.025987369935713663,0.05007294544167075
142,-0.16800945079820695,-0.18205245489291857,-0.004895756507046687,-0.014969354200351153,0.06836294667731041
143,-0.17203962592158115,-0.19380596781470696,-0.023182514883588714,-0.001928054527773498,0.06932629398278378
144,-0.16436290320899224,-0.19801930054689035,-0.019685079662614624,-0.003829281260462648,0.04800386445696374
145,-0.20079307706087254,-0.187973429493672,-0.05005963485489213,0.023264911533900107,0.09382407164350351
146,-0.1907090842664803,-0.19590558606768846,-0.0438237278924237,0.01654111711438555,0.08710710397797557
147,-0.20963553124212755,-0.18633202400963028,-0.05362089483680083,0.045098024600347876,0.08898757940184948
148,-0.20262046800553232,-0.1894473988862563,-0.06341131725277294,0.05357582770729272,0.08563366601082385
149,-0.21231259117576148,-0.1756535176035574,-0.030966770425605934,0.05721497816663618,0.08609907589702943
150,-0.208289873067694,-0.17758122880503996,-0.0502618993347329,0.07929882881466452,0.05243585595502049
151,-0.18785831553908675,-0.16361645166565117,-0.03521296577229678,0.07255833267135821,0.07990893279260462
152,-0.20891913346181926,-0.15288127374210506,-0.03995484257037342,0.09394735611023738,0.05015361284374012
153,-0.11082039067691206,-0.1470713912914587,-0.0489271838834327,0.10143417180457372,0.05376049612357855
154,-0.16823142457846746,-0.14275428092478237,-0.047850485735080175,0.11085493847849769,0.046923618966730606
155,-0.021515168048856326,-0.10581334616674375,-0.0509954043996571,0.12191966117727869,0.031708857986539885
156,-0.08593075788486981,-0.12829863178689058,-0.053644508466189525,0.126087362820307,-0.0025783140656045517
157,-0.021739873893158842,-0.07981456781135646,-0.04222771296004547,0.10794936941420903,-0.008456910854611543
158,0.6499826113197781,0.2634159724851138,0.11132847553831615,-0.2163610193483432,-0.07895915051228815
159,0.5119281543544251,0.22539310100681767,0.07834120085327978,-0.16585719398644386,-0.07937950178774478
160,0.6928254144975275,0.3186749187474635,0.14316879730019857,-0.23722642246119327,-0.09253005261562748
161,0.7050723719395142,0.34258343915056383,0.12233549748370987,-0.2310140116627266,-0.10998186026758858
162,0.6778523732334204,0.3501821878576263,0.1591015476871954,-0.24436833917936868,-0.09037169523472637
163,0.6942559467740018,0.37640027386312186,0.14269228082998073,-0.2360565901560303,-0.10331913810755829
164,0.6563648501375227,0.34088379683412867,0.17349316840150403,-0.2489999471853916,-0.08062633313381783
165,0.6962144456447054,0.38337497554505034,0.15878610631189433,-0.24958432615196263,-0.09188612316934396
166,0.5274529055054253,0.24412179558743524,0.17121176495848084,-0.21557643129603743,-0.06162215435640666
167,0.6606503179448289,0.32592288731283175,0.18537883233395464,-0.25384360014248436,-0.07790993858416015
168,0.3924118498191864,0.1463941778407328,0.16245436341354602,-0.20007595166065614,-0.035688570035152106
169,0.5278173564325737,0.21109483733962056,0.20128274082027894,-0.23736592565700743,-0.0501438046396955
170,0.2463380742839378,0.07255989594055767,0.11584648454139812,-0.19368378328190064,-0.0023967718540168705
171,0.34026531700674956,0.09527954946019901,0.17200658371894414,-0.2145808680779831,-0.022235917640896326
172,0.07002504343882765,-0.02239795692193908,0.0436599909299277,-0.16324006916240721,0.0531233324663246
173,0.11282867650793858,-0.01178676918806737,0.08165564693473713,-0.1703528727515844,0.009011358061442447
174,-0.04862039324395347,-0.10950829563056007,0.020430618540654834,-0.15390512725461522,0.11802025902390534
175,-0.0488776799476007,-0.10575466821130486,0.023845755866987995,-0.14603100630524699,0.06509188130083873
176,-0.12308649021621343,-0.1465205998403683,0.02593049589645075,-0.13156016712529967,0.14330364555639724
177,-0.14170113021707437,-0.15949542040718281,0.020573466496946934,-0.1371520315343813,0.11945291678434411
178,-0.1663168901764171,-0.15436974050667343,0.0209856145622711,-0.07272066501723502,0.13914141307602534
179,-0.17221764577598253,-0.1713909118025205,0.02077463869262702,-0.0998275445415132,0.11495184917428186
180,-0.20182139147243577,-0.15371936748724013,0.007224034972762972,-0.025695402393867868,0.12052304001634696
181,-0.19311953198131476,-0.1670078374410949,0.002243863181312243,-0.04468725108702206,0.10537706534904442
182,-0.19669455400368435,-0.1742541675438424,-0.009653655380401902,-0.011604195829691417,0.08449893791845975
183,-0.20911435064123673,-0.17219743531564863,-0.013372591612891796,-0.01880097899382298,0.08419317531084221
184,-0.17688890481936664,-0.19475680097527576,-0.02586680315773423,0.002133380019144589,0.04141632332596562
185,-0.1963875432980446,-0.18983142530512792,-0.028871041606532984,-0.0037727384435965947,0.04758080311121636
186,-0.18311122418456377,-0.19993605926452665,-0.03430649886805256,0.017013819836314444,0.04896938384638055
187,-0.1879681164777373,-0.19989874927369872,-0.027299338668675628,0.018683917406297833,0.008584127180635883
188,-0.19477096057640933,-0.1922179834548964,-0.06063933897253665,0.051186229229446746,0.07499772354376044
189,-0.1895283956519271,-0.19369527037941595,-0.03973120729986568,0.043393752011492065,0.03475624914498422
190,-0.19952315805767995,-0.17819296693595446,-0.07021342286536689,0.10049094771100545,0.03368320814449599
191,-0.1846541407576211,-0.17077408618666554,-0.07111979606848787,0.09381580101887842,0.027312111062652588
192,-0.20671306052387078,-0.1488159192026393,-0.05859427002954147,0.12130424875626267,0.016927616757792318
193,-0.19624915671501283,-0.14547015415039932,-0.08076825319492273,0.1458731733102422,-0.006047956798702907
194,-0.19881604985041107,-0.11754121272041194,-0.05818359400626008,0.14413614846841338,0.035441108240321144
195,-0.2027693191500628,-0.09669128449628105,-0.07870600039945465,0.18170568555534589,0.018368692070289905
196,-0.14627109360150217,-0.11733764116312415,-0.05758441105756676,0.14597230379261592,0.004163489442058258
197,-0.1826279622307058,-0.07125009989092695,-0.07503480100599377,0.20264601504986154,0.01991997363145381
198,-0.07253795383312535,-0.10192837854687757,-0.05612384312184123,0.13625870177740998,-0.05143265882215721
199,-0.12537499862667692,-0.08542830444013248,-0.06830810246346852,0.1666137722410854,-0.03885166113519864
200,-0.057554081706531396,-0.05861543107798811,-0.05072979464621653,0.11774633936115561,-0.06422553753186025
201,0.6608560090662049,0.32189723289151256,0.10037069637089092,-0.21349407570653783,-0.11533640298979217
202,0.5059546720595216,0.24122794671990386,0.07330948699058386,-0.16397872205772057,-0.09110864572069349
203,0.7078514397868213,0.38545615719744414,0.12350442473819545,-0.2323251619655255,-0.11785604036670715
204,0.7043842886110611,0.3691424096250347,0.1094131318438957,-0.22950867947718695,-0.12687923283871128
205,0.712386876668721,0.4005867119216901,0.13737241719490914,-0.24276274428280753,-0.10307739046327669
206,0.7136389308450637,0.39873231917776797,0.12365593953264838,-0.23782656443432218,-0.11655815326901335
207,0.715698136785392,0.367053374919071,0.16129178851282627,-0.2586610275591605,-0.08865010665570344
208,0.7381491906438784,0.3820907999507245,0.13824039165246327,-0.2550929535820072,-0.09999085032833471
209,0.6363781678547193,0.2699853386187065,0.20191963672122185,-0.2606206143243322,-0.06236371688222634
210,0.7023810212345271,0.3087755981202007,0.17644993054910854,-0.26570406458732804,-0.0793277635771137
211,0.44363294481685533,0.13730553141640672,0.21209369701071032,-0.2381230061410346,-0.02531085229970999
212,0.545438772179613,0.1832527056712307,0.22290824290753153,-0.2555182518134775,-0.033954905308044916
213,0.1977093780422405,0.011926536177774684,0.14205629935610536,-0.18962786829979572,-0.008169901343674065
214,0.29816344093188163,0.04418916442846872,0.20599775071658197,-0.21284615284636568,0.0019230519366309304
215,-0.012866761065654151,-0.09422878217345679,0.05032972817302324,-0.14389730451069718,0.013086213385962012
216,0.06009753167150839,-0.07337743961562919,0.10927560431272693,-0.1595966313319861,-0.006244023390121202
217,-0.14353549910941463,-0.16181643551168082,0.019327187040057033,-0.12789120433736034,0.06996750658450569
218,-0.11621223394408133,-0.157989299917929,0.039009792317910456,-0.1299540055938939,0.021597868367954125
219,-0.18889269746633106,-0.18441706610541594,0.01734993185994485,-0.11056765922122314,0.09080801910682208
220,-0.19566922680284615,-0.19056045060469703,0.01862828375179237,-0.10867389901835216,0.056161895623713466
221,-0.1895820076466621,-0.1825443071829564,0.005154844764424329,-0.06549278763221235,0.074226559104049
222,-0.19676428759641248,-0.19474515028645262,0.008122873680627554,-0.07779975270145799,0.04857484520061811
223,-0.20583883945700063,-0.1778604660113515,-0.015774858228498907,-0.028392872817708338,0.07691699460179906
224,-0.1982718915233194,-0.1895995134507025,-0.007619634808496962,-0.04215682663357259,0.0560134824117077
225,-0.20616870427701087,-0.18578247333890982,-0.02530092529385254,-0.015148940899501563,0.056704442484411435
226,-0.20593147041318058,-0.1875449405267745,-0.020941168409330198,-0.023921035928559823,0.07052512638632151
227,-0.19943197550489267,-0.19643761158427933,-0.020646705734261413,0.005945226859763847,-0.0019047907563720732
228,-0.2023157500282463,-0.19050553669344075,-0.013087474852937661,-0.012171631295649629,0.021460610191755533
229,-0.19438551891538813,-0.19460685932812843,-0.009810213001601023,0.032527835822196906,-0.02274609404601843
230,-0.19672636346035885,-0.18687894470863625,0.00858973992882561,0.010824129089871308,-0.04296331847224447
231,-0.16880367815982203,-0.1602735060311807,-0.03841231222751813,0.06419406173665508,0.00789397155124049
232,-0.1741022685206718,-0.16227527440799008,0.009892838146159447,0.035035316952568195,-0.032851359757807605
233,-0.16771337110331658,-0.12587101556573546,-0.0789657847174502,0.13057897033084953,-0.015052269941559048
234,-0.1966017484763553,-0.0873599465006974,-0.09909852817842361,0.20902178982122308,0.0009745257203283421
235,-0.17131217174167804,-0.07523893383713565,-0.0962914238949888,0.19091365865462184,-0.015429479043855155
236,-0.1929657110383178,-0.02057305687797906,-0.09910816461870393,0.25666017901592525,0.0210022419024487
237,-0.19443569008621478,-0.0006967133865489494,-0.11878650308441681,0.285374946116726,0.013852763238729346
238,-0.160925587228199,-0.017498244130807115,-0.09040566763367468,0.23404811581902654,-0.006083072859726094
239,-0.17183554559121308,0.06330138074317831,-0.11552839519846193,0.29488993961227333,0.00475385224360377
240,-0.10311230588078686,-0.037839954793279354,-0.07598906715617758,0.1659162373289951,-0.058633358304951186
241,-0.1346848721265875,0.04567322985843828,-0.1036710152527373,0.2345980985707528,-0.03244615950748009
242,-0.08014222323505986,0.008525679732579472,-0.06909105526600433,0.13258118242883077,-0.05013631266799876
243,0.6389996236806187,0.31808998981428077,0.09810134852432033,-0.2088481611083756,-0.1162650128606851
244,0.4780078232596246,0.2268620204082532,0.08123851619308073,-0.15785135009704082,-0.08428753193676282
245,0.7012898028321911,0.38283836053225995,0.11774859957243282,-0.2353402205861082,-0.12700010824505137
246,0.6722696221297189,0.3516915313311693,0.11961506833496574,-0.22868667210933583,-0.12481663407819521
247,0.7303359481388852,0.383434473254605,0.13343237553260867,-0.25013537951476483,-0.11275505623484737
248,0.6983821091933025,0.37997076553355247,0.1379356599525745,-0.24521517614483865,-0.1264758906544544
249,0.7302391801137674,0.3302445540397679,0.15685274355302614,-0.26297930566236527,-0.09485389455564538
250,0.7190930870036089,0.34580850258653945,0.15858924308643943,-0.2583218785114194,-0.10924347398886862
251,0.6206451112344974,0.2278601973701761,0.21011501710662764,-0.26152957907780705,-0.05851018502934822
252,0.6483218808647221,0.25937137836442165,0.19574801447542933,-0.25662462862097535,-0.08109310182078554
253,0.4010569351016456,0.08069958797629635,0.24735979258326424,-0.22681212928238514,0.007071270638122689
254,0.4733706911065119,0.12455898502805693,0.25514294804759097,-0.22918200843117437,-0.015112839019858404
255,0.1453287499807403,-0.0462849570399281,0.18852245662621586,-0.17348409320459726,0.013228301053901097
256,0.22733124651278433,-0.02182501911820764,0.25505060039808314,-0.17025489639411942,0.042680725546415194
257,-0.060923372790255434,-0.14433790425620946,0.08609967566306158,-0.14770372594764777,-0.001807156228344916
258,-0.0006403662757288398,-0.12494375728164736,0.15542372320764059,-0.14955529576719104,0.012660067853591455
259,-0.18631175327586938,-0.19170794059374444,0.04049222963496042,-0.1209923619136702,0.028810983333776494
260,-0.15430982613788485,-0.1863385815551635,0.07831731493765831,-0.14709389184454796,0.01779258593978984
261,-0.2070581610884396,-0.20042037743718819,0.01488970266338838,-0.0764898453692958,0.021343154942816623
262,-0.2127407197594399,-0.20193806192750732,0.038866690046872335,-0.09047618443130606,0.013043375761768176
263,-0.19562652530713134,-0.19878826083212087,0.006264537781103969,-0.04463372928254271,0.019296781675112576
264,-0.20374857653563777,-0.20230861199630054,0.02131409297239894,-0.024061180969289612,-0.032426091985686675
265,-0.20126587219774736,-0.19506280715385274,-0.006920396814331981,-0.0317276574010372,0.0638069492742
266,-0.19850824044841714,-0.20032083727447753,0.016662456931153133,-0.015648090237430846,0.0076320474928580125
267,-0.20034422547569156,-0.19034713297020994,-0.008219064979449403,-0.026481943515145292,0.059181087067955565
268,-0.20182312653359682,-0.19664795079096753,0.0033230714083389173,-0.03152466115227545,0.06955394623179302
269,-0.1816344054062462,-0.16777928362001726,0.007705206148767543,-0.010498814377880665,-0.010346464203995237
270,-0.1774136604895228,-0.16506668117511436,0.0015555939396131673,-0.02783808229238424,0.03674598379942904
271,-0.17220223769674164,-0.15566776531301416,0.035885243603548216,0.008859123239212003,-0.04913333751044649
272,-0.1504449715220113,-0.13084610768016777,0.03757708701584162,0.016926032864051758,-0.034648095834551904
273,-0.1891152061817765,-0.014307727495049483,-0.12094668183588073,0.26668642298844936,-0.001256759571682142
274,-0.17471619130360924,-0.05029043274043935,-0.09673023792967371,0.18543083436129312,-0.012466171709243124
275,-0.17385584756488856,0.1008198636641203,-0.13349316167180644,0.32049366004831636,8.218392880829774e-05
276,-0.17917135899791814,0.07699775962007388,-0.13850980103717112,0.30347940959616004,-0.00974581239859065
277,-0.13890944393926055,0.14310834211671364,-0.12768575441736657,0.2855278573916442,-0.024327657778587645
278,-0.1317929963135805,0.19479666024929587,-0.14261144410815244,0.30475755205865274,-0.031202130211456097
279,-0.11122547255598328,0.09947862755783919,-0.10704467669223447,0.20167357420856616,-0.047900183548158504
280,-0.10763905039410356,0.201328129789329,-0.13420166915557288,0.23930627324266956,-0.05000339092373585
281,-0.08029268954168359,0.1103429988742803,-0.08831251270898274,0.13368797575020314,-0.03796181110070007
282,0.5946612534741643,0.2908748155544836,0.12509085251887578,-0.2082513346898724,-0.10592403349186381
283,0.43326795007762,0.19333040335861087,0.11194196738061114,-0.16270633022148884,-0.07295438768674074
284,0.6589790733267905,0.36154560961034143,0.14944742851439166,-0.2400779107404608,-0.13144629462768687
285,0.6091967211977081,0.31331671959328794,0.17131505854790888,-0.23490407829322246,-0.12085772482515328
286,0.6727066156514797,0.358432210097111,0.1670807428300547,-0.2521830759153482,-0.128258344081265
287,0.6094482940865728,0.34399437903538255,0.177037345343473,-0.2428782317175708,-0.13855392442432077
288,0.6311737101264051,0.28173560853302126,0.1910064537707075,-0.24938728400813934,-0.10041935248137135
289,0.5660287219697245,0.2919422622430265,0.18059397150905004,-0.23528276617874663,-0.1197727143248366
290,0.4947237120307712,0.15979832488465545,0.24182755946710935,-0.2230977364933357,-0.0438768994790142
291,0.4642857255358768,0.1761048407999851,0.21522543285241202,-0.2153154402086771,-0.06868031547329732
292,0.28022877303928684,0.005973275728804722,0.2875103690135466,-0.16460527633994568,0.03650262413478218
293,0.2925068268845087,0.034343947153066406,0.2792930342462964,-0.16143522721319925,0.007844327959863935
294,0.047335634519172325,-0.1115460390474864,0.22368018010245913,-0.13168481681185742,0.05161970059635426
295,0.08200548088238353,-0.0984330047716441,0.27060306917105675,-0.12547596794009472,0.055156992980872024
296,-0.11523381146410776,-0.1774932815014746,0.12435555341713903,-0.15583892569782104,0.021797335332952538
297,-0.09251212328802744,-0.1727693234298381,0.16832967805808838,-0.14863779268531147,0.04541897224795992
298,-0.20277710968372442,-0.20091112385297627,0.07091110299631946,-0.12291671569823974,0.0216261381464116
299,-0.18501687920967336,-0.19879109174800505,0.09676462163007638,-0.14515752064269655,0.029468166401867793
300,-0.21513750343308666,-0.20295853814765488,0.040805321383877366,-0.021892296882299957,-0.05217997816448174
301,-0.21520961622701174,-0.20284093707917744,0.06062989903420166,-0.05600267697802225,-0.03559364314826878
302,-0.20544320135488447,-0.2021191790723302,0.03968403939953885,0.032797270994834316,-0.08952784070462637
303,-0.2159815926239717,-0.20208343772995352,0.052626521459720375,0.05563549013225362,-0.14490701463692657
304,-0.20703841213723692,-0.20055072627541873,0.02301397287481293,-0.0045765059485103595,0.016402001532148203
305,-0.21419337744007944,-0.2015626526758258,0.04115768062693521,0.05082331342126237,-0.09087529604517708
306,-0.19637885351540538,-0.18327660348154126,0.0038815019101298915,-0.031419509756542195,0.05755353795522343
307,-0.21469630410299675,-0.19725862806032612,0.011166513980310044,-0.0008812933255564553,0.02709898699991209
308,-0.16189262291456247,-0.14408033490125205,-0.0013187806716726824,-0.01861404433558101,0.026570502759727693
309,-0.16558822859980335,-0.13651760955496453,0.009858042403074675,0.04156523130726233,-0.025100553278798832
310,-0.1536051542393687,-0.13245723001533852,0.01761007140603985,0.027670577987850126,-0.01938482209585626
311,-0.17835345746753384,-0.0974738022969836,-0.06412749744617997,0.10859272522561558,-0.021058659719455666
312,-0.19762240437983378,-0.13769710912262662,-0.03881635990137898,0.07907140392186394,-0.0305971689593341
313,-0.18713461201811782,0.012744669608267182,-0.1263880346509888,0.24039070328220358,-0.01736155325982447
314,-0.19705739397309502,-0.04941150747516876,-0.10630549635778144,0.1688161539764085,-0.02934984023403101
315,-0.1337663852439457,0.18222772499668502,-0.14738425890023868,0.30137765011837603,-0.039896228512793355
316,-0.1497867145059083,0.12158060421343048,-0.1419791955491071,0.2765036652422792,-0.04107462741983502
317,-0.08530931997288782,0.2583561399014325,-0.14714587326789944,0.2544951049312693,-0.05800431977349275
318,-0.07535182224876305,0.25796152797271377,-0.15100800506177825,0.26835503982192643,-0.06865514397274335
319,-0.07775618906101302,0.21439139650789737,-0.12668868807626274,0.1762234753015269,-0.04888511701462946
320,-0.0449744066368332,0.27715702310288076,-0.14487498105383076,0.20126834617525433,-0.06087829464651225
321,-0.04134723938431751,0.17330954975740623,-0.09847190286216938,0.11862795201004923,-0.03356108237277539
322,0.5180858070670274,0.23307724179340247,0.1813114045019394,-0.21927217536523094,-0.09798984118913355
323,0.36524061211579234,0.1352752168017219,0.15608962897864642,-0.17316700177171251,-0.06361399190354973
324,0.5492276402941895,0.2903584617411187,0.19948227839300497,-0.23775597680525293,-0.13126930815234386
325,0.4916625970388758,0.2109932411984072,0.22409620568390295,-0.23837334679962338,-0.11410626899469035
326,0.4720221629445289,0.26395621427964266,0.16501281688985275,-0.2094595509588942,-0.12209894841744051
327,0.4079848849545169,0.20304802012704637,0.17624441469873955,-0.20170854923346918,-0.11424166805116691
328,0.3726356705620129,0.16718109762687441,0.1679187930176611,-0.1899641679988153,-0.08378578670660668
329,0.25900478131003546,0.04460513400495269,0.2326902609389295,-0.16310743725282587,-0.02127948245320273
330,0.17359006460720444,0.02620575710771274,0.1633447194593188,-0.15324874836331845,-0.04073087280165247
331,0.09010576328490133,-0.0814754025011312,0.27876994122653,-0.12491374561537177,0.03047943682003624
332,0.06888250829198525,-0.0740569821712039,0.23776307410057543,-0.13277013047490188,0.001688801329688291
333,-0.0748708824296458,-0.16813350435489047,0.2005727762682063,-0.1447473174170157,0.04700272988969945
334,-0.06882934787586728,-0.1601569527667705,0.22056951216187215,-0.1403328351429537,0.025676214341796528
335,-0.17658846483118942,-0.19813312343172565,0.11329092041230923,-0.15310822158525048,0.04291699573414558
336,-0.1734288431099935,-0.19746151125393338,0.124808953001691,-0.14866252866051327,0.038326699801237235
337,-0.2080940220800747,-0.20273464881154377,0.07246986316330305,-0.09493981198463225,-0.010431372110955833
338,-0.20500827170473984,-0.20288401522740018,0.07610080942258586,-0.12003607185349957,0.014169457981091914
339,-0.21654836332597374,-0.2013733004555342,0.052228025726892495,0.022625971508465726,-0.12693129295719494
340,-0.21093213887474682,-0.20183685107197558,0.045175382540820506,-0.030557167895591823,-0.07214854354457378
341,-0.21851157961959639,-0.19984884347879275,0.04576329668905285,0.08149797270058845,-0.16281960615173044
342,-0.21679244632272035,-0.19660075156643614,0.030768019726761357,0.0593190641162916,-0.15091068006832783
343,-0.2207040932016444,-0.20065615634961226,0.01604702598713087,0.05001732438214471,-0.051652007334816105
344,-0.21926740901522576,-0.1967306531057463,0.014966046703022156,0.08412453653242526,-0.11462530129110642
345,-0.2066933160604246,-0.18410929565440917,-0.005353138563561834,0.01115733332275605,0.010130355986164323
346,-0.22135083754702997,-0.19872411483061295,-0.011087297211957316,0.056583349224257375,-0.039186637930265826
347,-0.18926514454667123,-0.16608494388891026,-0.019672881114409346,0.040465562030294604,-0.03310718012541977
348,-0.19861271593764682,-0.152414820397475,-0.02524994669610203,0.06575237237403599,-0.028432963194242173
349,-0.18533115997046368,-0.14624605481393227,-0.029932222873108982,0.0580277077742842,-0.02852282398409863
350,-0.2068303579415229,-0.09097552396583385,-0.09136860520954643,0.1267869420385176,-0.04444973229094754
351,-0.2132686199603318,-0.11817588815508655,-0.08501321693564608,0.12040244311463483,-0.049070983199583765
352,-0.16952904343902125,0.04945087617159161,-0.13268268164934385,0.2291048942793824,-0.04867356480290149
353,-0.1880224848146025,-0.011539471741053907,-0.1275903543314508,0.18179081645942471,-0.06727214558303045
354,-0.08910320515904845,0.21307285276550758,-0.14938286508770465,0.2771608742499297,-0.0714001382645957
355,-0.11475680347093281,0.14201061506736215,-0.14701986351509155,0.26034357344784653,-0.07606669104834927
356,-0.01933036720643458,0.28376728236890214,-0.1491429588770756,0.22464483643933636,-0.0760053713812216
357,-0.023737968539882692,0.24900132357859892,-0.14893003632651566,0.25124411884531567,-0.08166564513203613
358,-0.011306897810838509,0.24575509513656674,-0.1307009801278959,0.1590461234800989,-0.053178732256974
359,0.020789587535676224,0.263837077970075,-0.14194641193138258,0.18464300099951853,-0.07454950760352187
360,0.009721258964578282,0.16763760606195474,-0.09710008652588702,0.11043536543449764,-0.046176469137185774
361,0.4101069810106132,0.12262269011604499,0.22319422796567406,-0.222715057763536,-0.08382976898112521
362,0.268760771046638,0.04635682236333228,0.1662242758593305,-0.16059656752269752,-0.044916950213086046
363,0.38287488490248406,0.1291288847205245,0.21435217572638388,-0.22039406123791863,-0.10785245032017456
364,0.3467924518353276,0.05390338449138924,0.23637091110886113,-0.2269609595676921,-0.0867568550954464
365,0.22851398729977596,0.017638625164892015,0.19354336200697694,-0.18385392270384804,-0.07323418807366994
366,0.024496783411432764,-0.08775906534912914,0.1775255603282326,-0.1503649235705744,-0.02642089292693985
367,-0.023509748432462726,-0.10947969779563858,0.1437916896473243,-0.14415748063715284,-0.035794026161244406
368,-0.07459083261411674,-0.15431329068299166,0.2096241231257086,-0.14570201515833328,0.00026184524453678765
369,-0.08847202467406293,-0.15950561622546272,0.18179898911384432,-0.16673021583200417,-0.026845776887843054
370,-0.17312633845113973,-0.19493965730993162,0.14002874972650142,-0.13923851035974538,0.019487907453282747
371,-0.1721943100378138,-0.19203045601133076,0.149097182025084,-0.14439528267322232,0.0019418057929295718
372,-0.20833786854641803,-0.2028892865167036,0.07918488745324932,-0.1217043125306689,0.011310147965518423
373,-0.21421199096015997,-0.2020137006369152,0.08586829262738524,-0.11186776836310153,-0.004875520845852201
374,-0.2088410585279669,-0.20282064051093052,0.040968822162903096,-0.07223524120340534,-0.017062771237379926
375,-0.21213942006506828,-0.2030284375349039,0.041871488154109064,-0.08550533868513588,-0.004143603466316594
376,-0.2140620051362165,-0.19753034453731552,0.010687284137579613,0.011279372494283195,-0.08599019074711188
377,-0.21402829723890168,-0.20123191968468082,1.4694683698111886e-06,-0.03032486217197467,-0.01156885698803711
378,-0.217315796244646,-0.18960677939425324,0.004153430666754399,0.07806762979609277,-0.1220498554125408
379,-0.21785623884004188,-0.19023383715028583,-0.01016496835420518,0.03952333240476207,-0.07953795699393654
380,-0.2200645165420753,-0.1953342700926538,-0.010969394775461197,0.09087234815565372,-0.08672663649837219
381,-0.22025010089863611,-0.18657423258889852,-0.0052950968871064265,0.09598978780576413,-0.11362808866928692
382,-0.21948981570170123,-0.1954909954272975,-0.029925536646922293,0.07914095927085395,-0.0685521007369499
383,-0.22106246155806833,-0.19682659860847143,-0.026850784861929176,0.10443357885992219,-0.09625278206717708
384,-0.19188189003202633,-0.16196097198383205,-0.03561035106692159,0.08154448517000194,-0.09144537792948856
385,-0.2203939664967112,-0.18925732396882725,-0.04278100774084396,0.11038323114182082,-0.12591074337059238
386,-0.19009572715140016,-0.14907338686754198,-0.04558652736971067,0.08140550188998584,-0.06874928817001723
387,-0.21247893043482657,-0.16640782530914952,-0.056337012083288285,0.1146283994739988,-0.13001490252872222
388,-0.21492955644499714,-0.13362746961238256,-0.08611516821187896,0.12338499837327786,-0.05119075602631626
389,-0.2167562123773812,-0.1418426960645513,-0.08873613134467603,0.13190068878413438,-0.0774445729037507
390,-0.20449665475814993,-0.05172424670987387,-0.12639224584794123,0.17774045471690084,-0.07860733521660239
391,-0.21141272294485208,-0.07290309177581676,-0.12618118200738634,0.18479089344305563,-0.08003230765492853
392,-0.14576259818215218,0.06487791977703984,-0.14740400672928824,0.23035369444163095,-0.09029602524329182
393,-0.17678010220337645,0.01762122891372611,-0.14761691808825025,0.23206309776337655,-0.09802311398428509
394,-0.05151488185425691,0.18749591143113645,-0.15053089157041513,0.2614823496236276,-0.08051939202718471
395,-0.09148489302880317,0.11935495180571837,-0.15507121204171817,0.2556696886825075,-0.088336685281664
396,0.027327052987509367,0.2368580499121796,-0.14327780124301084,0.21256722421685864,-0.08123063951045585
397,0.003937978621915108,0.18951252603016935,-0.14766275651385893,0.23493781812013576,-0.07233730569076116
398,0.03668570573594486,0.2054892030642766,-0.12295585318998635,0.14384916201519476,-0.07566634241899994
399,0.04832606985294703,0.19435364325720125,-0.132407827343862,0.1707418582724665,-0.08445733378760044
400,0.029298572152990466,0.12538423404373167,-0.08213093685084098,0.09659387305652395,-0.06282609464614791
401,0.2444727050156797,0.0011838019664166814,0.19415980707293887,-0.1790888659975499,-0.052367080157956
402,0.2223207980668741,-0.03783807783098091,0.24137527464964248,-0.21018942123481635,-0.06687826269663516
403,0.14601351733061532,-0.0713215468115147,0.2226940820478944,-0.17614674994597324,-0.049840037295026944
404,0.07496335663072233,-0.08439996006198648,0.20606038465416426,-0.1575739642897661,-0.03713905281671976
405,0.07107774813468856,-0.11809839747771306,0.26208488035008415,-0.1859699163489546,-0.0369556833439752
406,-0.04298456510907744,-0.1311791848180221,0.17021500432678044,-0.1325542321421811,-0.03802532421219385
407,-0.045828510815605294,-0.15313368882682546,0.23262167457520921,-0.1383119485865757,-0.03828825515337
408,-0.11279784905665668,-0.16981252164722443,0.17769700809207276,-0.17105175793529548,-0.044626264851848875
409,-0.12957070070275903,-0.1760769283236623,0.21276808559279112,-0.14598261176200739,-0.05920297769833838
410,-0.1737299727059319,-0.19276338154278708,0.15663883478377652,-0.1655084582438219,-0.017916261700104782
411,-0.18401123138756378,-0.19518453418973145,0.1886931963360957,-0.17405326433792642,-0.04442719648273932
412,-0.21608066942549534,-0.20062838558363463,0.09211501417038766,-0.11684728881102643,-0.009402463247283999
413,-0.21541035938978892,-0.19995343973185048,0.10414721901244593,-0.1389743042878509,-0.0073991794842492185
414,-0.21864001623262644,-0.20155995564981438,0.044149466148356006,-0.07898889986193874,-0.016390040332170588
415,-0.22350702292636118,-0.19867717500256404,0.04266055399088695,-0.08090227853126619,-0.01481559289091664
416,-0.21321986816181102,-0.20139338498221987,-0.0007739436121820582,-0.047148805833550196,0.013194292623503587
417,-0.21350295409822911,-0.19654148987152442,0.0009431285555299592,-0.04391389332528339,0.002418072449884247
418,-0.21795553797043568,-0.19636314849122136,-0.024149327320659414,-0.0020843658109921405,-0.002805182966145411
419,-0.2049408534616186,-0.18921034128285902,-0.029013800327294243,-0.021806160193419095,0.03090657119297443
420,-0.22233707600263614,-0.18619947658591657,-0.00443629293056249,0.06455895558552685,-0.0988478400675647
421,-0.21886590807751682,-0.1905130609509245,-0.01950328154641147,0.019947831319589996,-0.02473502604918522
422,-0.22233788429846044,-0.19107515106206943,-0.010161699134290126,0.10855967123983883,-0.12268543461853045
423,-0.2247654814661221,-0.19036923544703843,0.003200278921832954,0.08426763560328607,-0.1272905508321516
424,-0.22215786243023197,-0.19593166013643157,-0.037451907620010744,0.11960942149905715,-0.13656740112258228
425,-0.22277014212591384,-0.19660836468638176,-0.02302262069928517,0.11672354637668998,-0.14716129933920344
426,-0.2239367130208607,-0.17796185460387662,-0.05441334769893456,0.11727405068620766,-0.16466998457603793
427,-0.2240422371538349,-0.1857828151280833,-0.04686339327636492,0.0996839952163615,-0.16759637775754715
428,-0.2213441057270604,-0.15055911179979678,-0.08510413694049081,0.12919942268943582,-0.11396069607325712
429,-0.22384040184491255,-0.15875229996374549,-0.0738985738591988,0.0957869344962474,-0.12994167266407863
430,-0.21258939246628936,-0.08650450062751511,-0.12187062950130295,0.17457283245963418,-0.08217255422835115
431,-0.2145779093429308,-0.10180200045657774,-0.11179007636179106,0.14123908174229854,-0.08160328788319694
432,-0.1912966179188167,0.0005324118387796608,-0.14588815706370392,0.2345937090439998,-0.09600234356218525
433,-0.193983307531519,-0.01369662895957201,-0.13924723609229814,0.21419063424704324,-0.08570813688260642
434,-0.13377985945421011,0.07754893429989525,-0.15764741967129323,0.2620463218654143,-0.09647385956397656
435,-0.15823735635364256,0.06448921564167885,-0.15597056811254564,0.2642347013563234,-0.10127431749129674
436,-0.041374574239131844,0.14503733854764153,-0.15613388139746956,0.24534317332705202,-0.07324106844832914
437,-0.08732584286668549,0.11651559716285662,-0.16152833623522797,0.25454430795658556,-0.08250523835752598
438,0.03305161948321269,0.16427025463019848,-0.14168324474469515,0.19384775074823155,-0.07411251938714504
439,-0.007608361371992748,0.14426353361932368,-0.1548356898861132,0.2123160066473963,-0.072606375707893
440,0.03754216807104504,0.13198660675822838,-0.09998980214954949,0.12307073220654632,-0.07287585479211255
441,0.024503404928383734,0.12375976396283986,-0.11807935456311908,0.14684294030958966,-0.073037775439766
442,0.020751436930871132,-0.13506269832273374,0.26009347543083533,-0.16832565529793922,-0.042058893676066446
443,-0.029827654495190915,-0.10936883471289635,0.18573580508460477,-0.10820353069622271,-0.04415705064346577
444,-0.06559111964561054,-0.1663354305710279,0.2668990695121371,-0.15055419302272016,-0.025171209656322552
445,-0.10064032384726876,-0.16855669536451087,0.25569994759027426,-0.1481746107765004,-0.020467936474407634
446,-0.14032980366865971,-0.18103081306452146,0.25923706084238884,-0.12172219527451592,-0.05535796956883471
447,-0.16283799966893048,-0.18540493716735637,0.26849411015172403,-0.12952136121271338,-0.014991684420019462
448,-0.1916220431775096,-0.1933928718953064,0.24829675529260373,-0.1501578352175724,-0.0678747244939332
449,-0.19396612869225752,-0.19115100701557758,0.29843327557593885,-0.12949175177403383,-0.04486132378852032
450,-0.2167830364324544,-0.19913601735659753,0.14994123223833078,-0.1528756272954712,-0.025708059656708068
451,-0.21499180684160374,-0.19756301832722922,0.23147870607699175,-0.14687393155068573,-0.050307647457210156
452,-0.2248145785613519,-0.1949498358105264,0.04001319568108701,-0.10074025895704426,0.012063854346779106
453,-0.22415035089366947,-0.1906403861630563,0.06659557802940952,-0.11965676755215038,0.026943274203116506
454,-0.218564566586487,-0.1907184045674858,-0.0020227149180978552,-0.0470236547579391,0.0038021021009219664
455,-0.2240951607447574,-0.18396815839096017,-0.01343835502008059,-0.07040596383752004,0.0474686741096657
456,-0.18516403337734005,-0.16803027608568463,-0.023843474169207988,-0.02102602667249855,0.0206675947719964
457,-0.1891739313363077,-0.15902773847853682,-0.021290293685741733,-0.027796237417549243,0.02142941032880565
458,-0.18763025217167884,-0.16893070797233728,-0.02989405630680325,-0.004780763882235988,0.01865300451125556
459,-0.2211467352283689,-0.19151184758706993,-0.005056217014353821,0.0445149120646829,-0.07533874954336339
460,-0.19056541348140318,-0.16879931038680535,-0.01520311502827542,0.019031100523242122,-0.036459325870896626
461,-0.22414782062331892,-0.19729671008035587,-0.008770377702362917,0.10186961332164786,-0.15941128394116486
462,-0.22326547533721205,-0.19840860890567116,-0.006377514226215618,0.0740184090475023,-0.14301409750721095
463,-0.22369542195992645,-0.19007141967691846,-0.04211655018778477,0.08829510630511683,-0.16085115545851808
464,-0.22331382746996906,-0.19293017952615998,-0.039164523800604034,0.08882803026347538,-0.16269364485446564
465,-0.22411975290580474,-0.1658808114421517,-0.06424477879519591,0.05729162690175449,-0.1268101787061818
466,-0.22420565563244796,-0.1701088503423415,-0.06486335105830202,0.04185763415434488,-0.11696968321937917
467,-0.2158216984440799,-0.11667869894829802,-0.09868767158913798,0.09263665018665625,-0.06872554419600019
468,-0.21557973669979835,-0.12624312275651245,-0.08843349834349958,0.06249128676478773,-0.05860858939517113
469,-0.19703805412474182,-0.034861709582153316,-0.12887200994843204,0.17638643914168262,-0.0674806718306029
470,-0.19782598036088617,-0.05221505412765105,-0.11971935363674249,0.13542070382615787,-0.04154913235232511
471,-0.1651702716805932,0.0565858297445762,-0.14883158510119465,0.253807292884744,-0.0978279991298433
472,-0.16947645421914512,0.037522647765135815,-0.1392549051179001,0.2326978976984832,-0.08209516129036971
473,-0.11586990481250198,0.1096977672173218,-0.16119170240448563,0.26710809423170023,-0.09883953767461522
474,-0.12851267396187185,0.1149316035002589,-0.15598905572797334,0.28758134204923935,-0.11196077377866145
475,-0.04953848837821309,0.13400010867271828,-0.16314062996382742,0.22301253828989112,-0.07745680698806262
476,-0.07502075463912815,0.13888195709797246,-0.16466311546055154,0.2442735574226936,-0.09590928592807024
477,-0.008287928266179414,0.12910936748281607,-0.14229310389089436,0.1704296684675589,-0.08246631341784587
478,-0.041151985570451986,0.14220955397158164,-0.15747569916033416,0.18316233682739058,-0.0857588946104721
479,-0.025901162456923248,0.09183262310149892,-0.09958712641007403,0.10908957891546835,-0.07218874213446463
480,-0.10359271746726004,-0.13676465586550143,0.18639670327898644,-0.11084956463066317,-0.02491843328979283
481,-0.18182103397779398,-0.18413126331709845,0.2349053435133391,-0.14479078174570986,0.023994172879088043
482,-0.1506640977625888,-0.14671744603446005,0.161400334666344,-0.12183491803913264,0.03071649493024639
483,-0.2036717345722367,-0.19423127058098408,0.297095297681161,-0.147003265639674,0.020343361137939588
484,-0.2067367282390894,-0.19297385208919957,0.24722535407332466,-0.17302881181860594,0.07617795127144747
485,-0.20800014835248568,-0.19689104412622344,0.2935634938012581,-0.14932614502396566,-0.01563791828660409
486,-0.20642677583337388,-0.1994318129201536,0.2987997223511746,-0.17608279191671372,0.049415584045192903
487,-0.21945556815891182,-0.1904409406633827,0.13638365021070906,-0.13130192075977926,0.017103358888021614
488,-0.21030760280437294,-0.194233361801785,0.2009321393176067,-0.15165933195743897,0.03637411524857409
489,-0.22527257925918878,-0.17535413755328336,-0.013422743587045254,-0.09556207767176882,0.09934805577636437
490,-0.22198571730487315,-0.17452187554129045,0.022864915041501923,-0.11136374232748081,0.10862377405602247
491,-0.21218223313052909,-0.16258729910713118,-0.03009969279735308,-0.05667518677246729,0.07177919435080908
492,-0.22418853586387041,-0.15822312884427275,-0.041401714581308306,-0.08624661762549791,0.14328377782873405
493,-0.18877917087355128,-0.14003704227785702,-0.020271499447934643,-0.04012101356225377,0.06701213582447357
494,-0.21079750613678228,-0.18898146625931214,-0.008341885758455412,0.05280900256119782,-0.12194936469639525
495,-0.18696863052906773,-0.16819537024001696,-0.005274887773917237,0.04773579354652164,-0.11123396663174032
496,-0.222481582260065,-0.19639805986104025,-0.033618054236176975,0.08064098243337037,-0.1629686540638402
497,-0.21924987795263037,-0.1945030316822075,-0.027493787913762346,0.07372761692985103,-0.15804646092240004
498,-0.2232733504396913,-0.17320458061952795,-0.0699080266999828,0.05502631402612136,-0.11819399997189492
499,-0.22117445769283858,-0.1747113616220047,-0.06775824980048427,0.0659116468648948,-0.12697120691380723
500,-0.21579621105332675,-0.13181839132915613,-0.08676384305470863,0.058002237517869586,-0.06204786065418682
501,-0.2142307498841171,-0.13084664287655118,-0.09024326556190866,0.07231924331857867,-0.07839256203240055
502,-0.1930562881957521,-0.05701263871186403,-0.11404800850954973,0.1164774805737592,-0.027653778336881235
503,-0.1890597109608572,-0.053000207587785474,-0.11320055904684337,0.11686969371116382,-0.03846059083070968
504,-0.17021945533928043,0.02061573780758082,-0.13389071094594185,0.20705029657071675,-0.06018810244128306
505,-0.1593169350187994,0.026073164015341443,-0.13422215654178266,0.1881426957722949,-0.050276560556137884
506,-0.132610174448381,0.10964831785174609,-0.14975339059226891,0.292821506838587,-0.10715996596233097
507,-0.12860102033652132,0.10153502053225677,-0.14769482539656692,0.2783393958754287,-0.09439313529311363
508,-0.08831391626866764,0.15952822984652976,-0.16153422305739454,0.2890810010844338,-0.1216256933855205
509,-0.08772096763424664,0.17431484573082487,-0.15792514177504738,0.31171749453298986,-0.12993624505928159
510,-0.05545660900273713,0.16845411896236162,-0.16280601262185684,0.2143840622793693,-0.10069353746012713
511,-0.05719290904573212,0.20974061114532433,-0.16281460711991114,0.2704577837886014,-0.13215883584395907
512,-0.046505807011158515,0.12292902130881621,-0.12081646164040342,0.1300751734889255,-0.08085502838289645
513,-0.04755695421796561,0.17751310872638112,-0.1351811447614406,0.18157408442380554,-0.10040088768051163
514,-0.16226039391617952,-0.15104608294909708,0.1628068623640378,-0.151830186589009,0.08237943345934404
515,-0.20212459332794788,-0.19628330799502366,0.25396692845755153,-0.2012642484312866,0.09458301863384473
516,-0.15737755544523424,-0.15219976754902684,0.167990414001926,-0.1745228929537826,0.09419679615109636
517,-0.2053708741402864,-0.19858425736255592,0.22797090364904593,-0.18035992264769002,0.06198546016558406
518,-0.19976926413417628,-0.19589203860899612,0.21387149423714483,-0.19726468773552705,0.0724422801295729
519,-0.216042983534776,-0.18344428349013273,0.07894369278843948,-0.12985291245439087,0.09147401400780501
520,-0.2127813347005474,-0.1936107423492849,0.1236636010931048,-0.14689062685692553,0.05621283949339845
521,-0.224350071267715,-0.15525476865599885,-0.03402492614886866,-0.1007990190669794,0.16582757568577405
522,-0.22239699605581043,-0.16782231617248894,0.002187665190758756,-0.1078204872555892,0.12108341059744467
523,-0.21786856018710576,-0.1477436111963622,-0.03692876806589074,-0.07028409191371925,0.14173237549358156
524,-0.22244998371689143,-0.1427329680479507,-0.049771024423867355,-0.08721732934942351,0.17934337301959366
525,-0.1810404945595217,-0.14406173325328347,-0.010712013811893762,-0.004221389844046832,0.014625361978927484
526,-0.2076933273498893,-0.1509527068807367,-0.03233351066270454,-0.03526905674721152,0.07957831000666693
527,-0.17980595395503243,-0.15966761245131028,-0.003068020654057259,0.05132967132311543,-0.09560359072825213
528,-0.19129112479100405,-0.16197457095070084,-0.011318703317135742,0.04008786620761788,-0.06086773499744873
529,-0.21213509702684963,-0.1843656293194258,-0.02473793244486847,0.07797907229998695,-0.14189788822791458
530,-0.2028473279094179,-0.1698498513855477,-0.026757417616432952,0.08655861664243844,-0.10830280893996382
531,-0.21724884550521578,-0.1702463081497777,-0.06278321954307216,0.07590675232468737,-0.129755496119628
532,-0.21080263494026943,-0.157834642294143,-0.06096945586318169,0.09736589285495444,-0.10879050639576135
533,-0.21185970065230664,-0.125022702099953,-0.09207939016396532,0.08541431960548053,-0.09257855610773692
534,-0.20721273537455465,-0.11883722518709064,-0.0945066737970125,0.09642447544102056,-0.08693193947817103
535,-0.18702143445328473,-0.04408851999360699,-0.1150983423152574,0.12331196303165796,-0.060749705436506485
536,-0.1872007189064319,-0.03907172410226726,-0.11691049506848715,0.12659734461404468,-0.07293051082151497
537,-0.1452880412612325,0.04965489493697441,-0.13793988159527537,0.1733421222748595,-0.06135477780407417
538,-0.1421483837717843,0.06704381429561604,-0.14127389682105568,0.16480895341508953,-0.07783762798654192
539,-0.11243326605383026,0.11202559431779219,-0.15007280561036615,0.25213158984525963,-0.09132767966373861
540,-0.0909701449185631,0.13977577962268814,-0.15461138527043133,0.21326366638567693,-0.10023755774665646
541,-0.07261784267699574,0.18087922098566425,-0.1574554379501174,0.3011146591353371,-0.12607755357889514
542,-0.052662197567458775,0.18813115375056233,-0.1586974524003826,0.2688787978101504,-0.12548244036836712
543,-0.044347254927368046,0.24059502239090258,-0.16023299220117773,0.2929743996017696,-0.14786297765359913
544,-0.01672397670735385,0.25028527568891784,-0.15866643392764954,0.2793707592889906,-0.1451508757908465
545,-0.036542723100014406,0.2538894525109887,-0.14967643230205643,0.25394050696675824,-0.14107257787939426
546,-0.010100357485285085,0.30332234036006467,-0.15616004031823758,0.2770354144196543,-0.16231155389130147
547,-0.015005373221465003,0.23071069943069428,-0.11138697461075606,0.202703350309742,-0.12337928211993501
548,-0.1584044845093889,-0.15395928103695983,0.15042926225023245,-0.16406651108471876,0.06336440038207145
549,-0.20918938299717157,-0.19582020112666695,0.1393479826977931,-0.14661363722194307,0.02303738047452601
550,-0.17781716075276854,-0.164847359465227,0.11106102276775598,-0.10943283099678398,-0.0021645311757350887
551,-0.22166743583189355,-0.18592944466724126,0.046533920381113286,-0.1034696686582818,0.041012317380311365
552,-0.2215937559984042,-0.19541783008033575,0.07532114915309043,-0.08081705069690047,-0.02430378461735446
553,-0.22363632769390016,-0.1542177770239737,-0.03285994971449241,-0.08877184417326366,0.13526001031864254
554,-0.2247432915603559,-0.1750755239769952,0.005743163592386106,-0.06756438042933165,0.04002101215682346
555,-0.21266644907994656,-0.14036462990842705,-0.053263798509245674,-0.06078689115282834,0.12884392696568076
556,-0.21724345243518686,-0.14152515345004738,-0.047072524132002705,-0.0664434965129355,0.114593411595373
557,-0.19623497451330102,-0.1516451713826715,-0.032657734208479006,0.007426090876336066,-0.006009827345426132
558,-0.1960159709464464,-0.13123235100131175,-0.052375199251008635,-0.018299273956255597,0.04610775720518518
559,-0.19142925708910732,-0.14723183237104992,-0.037647161059596625,0.0808285213711337,-0.06852193911642966
560,-0.18011053759125614,-0.11304905371657098,-0.057466497577701156,0.06719068570661232,-0.029343072877850034
561,-0.19665073080441856,-0.1333322244694602,-0.06481466136449152,0.12468466028672721,-0.062445202188444876
562,-0.17323740258844786,-0.08878575896417447,-0.0792363822138226,0.1384688119567713,-0.02650987188661409
563,-0.19772987842452927,-0.10689063872200051,-0.09695363087486787,0.12811100932673572,-0.05215846139031336
564,-0.17732357937353604,-0.07228732421327567,-0.10067449596528258,0.1820464595171676,-0.009162285179844338
565,-0.1842641162615778,-0.040320587690796966,-0.11996838305056698,0.12615839943666685,-0.05663269449591204
566,-0.1737792804714371,-0.03172119558619281,-0.12354030726824787,0.15432154873345505,-0.015172389119445457
567,-0.1483935276395822,0.06380764066058853,-0.14114396312838134,0.16100687118154214,-0.08497155796878743
568,-0.15260855927853545,0.052061859381818815,-0.14027914420616808,0.15608272827487105,-0.07055760818516041
569,-0.08343825722896069,0.1566412829282248,-0.15872571224617063,0.18824410743931475,-0.10626489492519725
570,-0.09182635134675579,0.14532660007060094,-0.15823906414337555,0.18605675266355032,-0.1038884422916737
571,-0.035086928684284785,0.19844178897236686,-0.16108138424419716,0.21910657614628617,-0.1274392794497398
572,-0.027089842314587415,0.2051407394077096,-0.16539541968273888,0.1921816668921806,-0.12525275934346386
573,0.006610956618402796,0.24321157928001508,-0.1583241129702756,0.2503587677364952,-0.14031962507095305
574,0.017566121788589524,0.23077182246949293,-0.1595384667849158,0.2119698031134223,-0.1358010219409135
575,0.027265708532872832,0.3080873932820875,-0.15568069954602148,0.258701850791706,-0.15618914371881581
576,0.05329846871830078,0.2874225468340967,-0.15504126528225887,0.23455692940137732,-0.14338142488285832
577,0.016281702476690436,0.31222965233253236,-0.13763535807610192,0.24732589524728876,-0.16226154043722446
578,0.056160261804464644,0.3293766068172308,-0.14477425260781746,0.23854936973606425,-0.16417495333270143
579,0.02612719184429211,0.2273040734923418,-0.09302456600924207,0.16712048698533857,-0.12217174997316425
580,-0.20687936206568916,-0.18169691928043566,0.07396815817592858,-0.044207541703288056,-0.06389969460583463
581,-0.14738347064017332,-0.12695254523602756,0.04474076551402219,-0.004902836304141651,-0.07202505820836692
582,-0.2263673318542377,-0.18752465391096138,0.03584309724582932,-0.028110729551952388,-0.036338467574120785
583,-0.22109107018257307,-0.18291754657643072,0.04045460006706324,0.002753402633403336,-0.06901588989766522
584,-0.22176093009467493,-0.154378166722563,-0.017662679980001993,-0.036290245792046746,0.04237520131094836
585,-0.22503331548368946,-0.16492571156328706,0.006513602398384169,0.010950745065611936,-0.021911827273320306
586,-0.20184222917600034,-0.1176639802645548,-0.05174995974965043,-0.024278268870414395,0.06295452285068472
587,-0.2102812626171303,-0.11594160438316609,-0.03442281195304994,0.004587533949766482,0.03449969609819623
588,-0.1734845745512114,-0.07859715285705846,-0.07266351288193733,0.07316729681930854,0.005297360429227982
589,-0.17476196230308036,-0.05520734133362139,-0.0724308751984303,0.08443070859733227,0.026690097975443344
590,-0.15275658080474055,-0.025974309975477422,-0.09911278606766699,0.159278852673625,-0.01680837936216633
591,-0.14107994522649636,0.03311905130874336,-0.11148994566868176,0.20417004536311315,-0.013396082665017446
592,-0.1442380010102919,-0.01193180252884,-0.11207605816695101,0.21344087138170265,0.0010189097692358143
593,-0.11628744530028827,0.06928349461817253,-0.12637938467106422,0.23640882050127057,-0.021915235150813964
594,-0.15249325025809113,0.005562452536811417,-0.12615944014979805,0.2197095883729187,0.0142257844650335
595,-0.11632918593260647,0.057123856520981564,-0.12559159377039156,0.24720885250673122,0.003876995008926052
596,-0.1473092270790824,0.0556150483688299,-0.14142335988020716,0.17844039494446062,-0.03230627014228381
597,-0.1297666658666586,0.08768707183027329,-0.14113472837417781,0.23770868865717232,-0.005554722211832284
598,-0.10487297442155649,0.1251368271933919,-0.1555969933574995,0.19060011704301752,-0.09092444128871455
599,-0.10932736449609799,0.12614821904987664,-0.1550856664745037,0.21366953055856094,-0.062232196965483336
600,-0.0307684242229095,0.19772952895886126,-0.16638703105354036,0.20190653738683745,-0.11886156907917833
601,-0.040633757347984134,0.18195772750909578,-0.16352346894594583,0.2213674078090958,-0.10911772706259386
602,0.020821237247994274,0.22699129682164765,-0.16283743393025454,0.19796280780439218,-0.1317640469632531
603,0.018154884667044686,0.22750153268357862,-0.16250078131620918,0.21621220735683766,-0.131546931792579
604,0.05992475291953981,0.25944222482872925,-0.1540384428256479,0.21350417596327934,-0.13138838095691818
605,0.05345204308699157,0.23102208748015582,-0.14693826361520346,0.203695903411114,-0.11965452857954718
606,0.08122384697377247,0.30866471354418895,-0.14457167590078226,0.21506003202464938,-0.14928958360612957
607,0.08090362561616318,0.26558512453157546,-0.1361703921010714,0.19176442866968302,-0.1276210685039347
608,0.056359495851333506,0.2610858161805688,-0.10637619228936745,0.17633664573268895,-0.13550269361380274
609,0.0737597984795809,0.24887840285861046,-0.10647273162525278,0.15745591403464596,-0.1250577649294032
610,-0.173209463322347,-0.14104534082170148,0.024272006138189285,0.0180083436757561,-0.06177684795259413
611,-0.22323747726521093,-0.16277015308757095,0.006670633564853351,0.03255289533569452,-0.035258143526987536
612,-0.18908243938803215,-0.1312253117668777,-0.006809137006643059,0.034426905112854046,-0.014045812302068418
613,-0.2164482056038783,-0.12197584004659534,-0.018322045598733103,0.0476056073284947,-0.003693805214878625
614,-0.21923322551836874,-0.12369547846719091,-0.019327673505605002,0.06194256970868395,-0.009635673308417358
615,-0.182254869981816,-0.04527600865627704,-0.059833838824570884,0.10402093326295248,0.025299926101935516
616,-0.19017611506161966,-0.047661896012324845,-0.04671830059715051,0.13043747782696974,0.00858719273192328
617,-0.13532556507968935,0.0675384301798955,-0.11182131212914077,0.23320581897145137,-0.0030838187896732863
618,-0.1365446424186988,0.07651343726862847,-0.10111773187071099,0.24414594104706513,0.00614988916497252
619,-0.1030030713944712,0.151806695930637,-0.13708115224306014,0.27832941218312096,-0.046490989949580196
620,-0.09697972994753418,0.20018672513730018,-0.14181655473682128,0.30628710437589324,-0.04875176117098117
621,-0.08187600822216999,0.11941040460166132,-0.12035781352427793,0.23512250281156521,-0.0305571075149336
622,-0.06833628587677298,0.20163431940301152,-0.12568610561667448,0.2515362965719816,-0.06788442195201645
623,-0.094324600378162,0.11118301060663592,-0.12433815141009787,0.24257374269146476,-0.012598544960475007
624,-0.10040525911554862,0.1581020727217084,-0.1534920108433799,0.2606744761570521,-0.04073296980863241
625,-0.07839972160290938,0.16916547244100594,-0.1321485810554532,0.25193333483948743,-0.041618568939712566
626,-0.05061429863799521,0.1787307993829969,-0.1608307541355023,0.2467998287762493,-0.09371000604641352
627,-0.05987541214558996,0.20141584137912424,-0.15833203847586552,0.2794707139598007,-0.08181510063619798
628,0.013312239694716486,0.22008548043637507,-0.1570751613255547,0.2364215770047359,-0.13390389186119106
629,0.0019613892351599033,0.2035801045985888,-0.1465373823478659,0.24515946338671,-0.12655451274856108
630,0.04063212975308441,0.20634966403386676,-0.13235989603987153,0.20131097321667007,-0.11490566361158364
631,0.030623350894493286,0.18696400789990975,-0.11847704574738699,0.19674954669168793,-0.11882960508156132
632,0.05934558592018897,0.1936812566539689,-0.10885102971702525,0.16031379089340544,-0.09487271926344655
633,0.06689921568649321,0.2007878402442592,-0.09276238042168328,0.12655375261111607,-0.09997890345733727
634,-0.20653659566840418,-0.1039140509662554,-0.03148532224667278,0.06167866072690748,0.008090907264176363
635,-0.1476734039549427,-0.060960793518583405,-0.03137671949743143,0.046590959516583375,0.017010597943519872
636,-0.19771625195953085,-0.05084967376162403,-0.04713083976012671,0.139629686752147,0.00028507396137430655
637,-0.20180376934588262,-0.03944628871945759,-0.056643519930140475,0.1300384982318502,0.001609036921175297
638,-0.1457712561604981,0.07115485136511904,-0.08770599089938635,0.2529195897942176,0.005408310695572339
639,-0.1601094168823754,0.06594912022123998,-0.08523867487102248,0.25283716734665634,-0.0008255407880602574
640,-0.09373185661097487,0.20856182190021663,-0.13691969664151796,0.31326519493983684,-0.038365179228635415
641,-0.10266474864790419,0.19727944889130103,-0.1264252897416293,0.3158259900401714,-0.03109361269674874
642,-0.06939665324476788,0.27392401178152287,-0.14314522202796368,0.2891296498854334,-0.08739015293402078
643,-0.06949838287530684,0.29667231803524574,-0.1530138515230052,0.3126277251884295,-0.08725699956514797
644,-0.050107185841918304,0.24127933064338405,-0.11294415100944144,0.2221846904433066,-0.09013738231037412
645,-0.06825390217335092,0.21541864998132276,-0.1450861560240225,0.2721996038828,-0.08290401629384536
646,-0.06000648059469076,0.16198357313423545,-0.1017031972311776,0.18794035077147006,-0.07091684344717691
647,-0.02153976418095903,0.19130596044328724,-0.13256256540579742,0.24477094996086185,-0.10715750685705457
648,-0.05004684485487329,0.1894867589596812,-0.120050779538465,0.22877530450454484,-0.09760810042687289
649,0.019062098784705984,0.15702965659885068,-0.09982079452480566,0.1753592883228585,-0.10811806472298183
650,-0.16197245779896702,-0.018271113021401397,-0.049823862384631365,0.08881923322779291,0.0012774861028137735
651,-0.17269391055265298,0.06459278620517313,-0.08789007579749049,0.22181223393177427,-0.010866703601386465
652,-0.1458627217909941,0.04965090973951737,-0.06944675803608989,0.14053866395338613,-0.018396366718289855
653,-0.1213209873637981,0.1811547388889529,-0.12085260649426935,0.3089857658057331,-0.026529975778018033
654,-0.13541064823984703,0.15725280653377302,-0.11661700877864409,0.2604692591222186,-0.02395408004548556
655,-0.07561650989413064,0.2789060515179207,-0.15110829117661556,0.32219033653017926,-0.08084580428814518
656,-0.08938114361588391,0.2453548303043002,-0.14670390985400122,0.31442436861102985,-0.06742031987600763
657,-0.05912950425580571,0.295068994499754,-0.14520497323523004,0.2821136393094901,-0.11279363680907345
658,-0.06306754130520871,0.27882061695410265,-0.15663942461991698,0.3063223748748081,-0.11400357663600542
659,-0.045142919077706845,0.1940574218006202,-0.10325665403616299,0.19821361053210446,-0.09415414301500614
660,-0.05599219751731712,0.1492610679221089,-0.08965948640057034,0.1661202602451581,-0.08015537416765656
661,-0.11694295574003313,0.10497493531023702,-0.08917695413988427,0.15624171725277072,-0.020999094752095285
662,-0.09949570009991263,0.1990003012092867,-0.1375999741127472,0.25742678028574106,-0.04277003304768981
663,-0.08613695693033181,0.1269129750024706,-0.10235113969765679,0.1464139779737004,-0.019590779522019822
664,-0.06843920952025881,0.22951617992177129,-0.15456224191500817,0.29769756970709504,-0.09669345563786345
665,-0.07135031317392036,0.17294851733346361,-0.13804651474520477,0.23817599615296955,-0.06106346901914455
666,-0.048416683969846074,0.1887426191678439,-0.12186002880491982,0.22970202790969144,-0.103728594041789
667,-0.047938479866985934,0.14451028568201296,-0.12067250116363089,0.22033013305223825,-0.08931399047390128
668,-0.011632453274911176,-0.06992392542959419,0.0028505800956322496,-0.12576858634363516,0.10841558545347674
669,-0.040218158056917926,-0.09943774501197522,0.033559625550209415,-0.14571272619506967,0.11042280637508134
670,0.017874003002231395,-0.04114790786498557,-0.011743857778829653,-0.1016547740817291,0.13365645726071837
671,-0.005963998044655659,-0.08833070240433678,0.0029401024062378598,-0.15085295228507456,0.14653766295056478
672,0.0849608906908274,0.04970990568806983,-0.0035978719563250655,-0.05655014853079473,0.11704914052389294
673,0.06827749767896503,-0.0033904552793377245,-0.008355362409082717,-0.0966966877577148,0.1592655012458048
674,0.1176416604067389,0.12127420104082044,0.0032157089009469935,-0.023705604563404852,0.062122670465766416
675,0.14662696484472604,0.12219455498071657,0.001286941537589051,-0.04836071802112919,0.1209738633034792
676,0.11959760432732555,0.12784903884580207,0.0038611602972315495,-0.017768015387662362,0.04034826448178192
677,-0.05843192002355621,0.10391209091846147,-0.09410239109678928,0.13053950218977994,-0.02432255806473011
678,-0.0443116678725256,0.0986123441768322,-0.09993808909687679,0.1675595553806993,-0.05841714254440966
679,-0.07125455556587051,-0.12431371596354329,0.06358910006116072,-0.1479512403945879,0.10110840134830851
680,-0.06161092228252186,-0.12004206871208258,0.06252506304371469,-0.13554562048812283,0.07721508236333247
681,-0.051518706170809246,-0.1284334110958893,0.041642291262185736,-0.17090421035337405,0.1334957574717689
682,-0.09020159898983983,-0.1623154751436262,0.07613807798068759,-0.1789958678420458,0.11723067811106416
683,0.017371213882351338,-0.07094044522402543,0.004192983845567222,-0.12660135296839242,0.1624376748883802
684,-0.05365198632323284,-0.1283818088651856,0.03806659928244775,-0.14366252875455782,0.14674216221133002
685,0.1171732658583977,0.04987568387658945,-0.0011293637944328968,-0.07703993258921923,0.172282181607098
686,0.052447253251099085,-0.03749665786652926,0.007396120748531199,-0.09936124332114098,0.19665074372707445
687,0.14020101136103583,0.13058171204193664,0.0031396589791973313,-0.0339797975916394,0.08876854461745726
688,0.11214682435038302,0.06178017723878412,0.003877821330678966,-0.06022272061840588,0.1539266138248932
689,0.37645424390664245,0.028615915695710502,-0.011058208100309965,-0.1452042960148341,0.03437750254884653
690,0.3995263283623516,0.1015810532841709,-0.003290862102504986,-0.15236000165824837,0.024503504955216866
691,0.5153301718385693,0.08530922452017126,-0.0045981545322563684,-0.19760207317736334,0.03804913613182829
692,0.3779964805438803,0.01244706750173835,-0.0024328351203144164,-0.14876487855024195,0.025830270278718592
693,-0.07725288895460175,-0.1698608848815055,0.08330318817825014,-0.18228870692117818,0.089621948083056
694,-0.03512634977952024,-0.13284274812535,0.07092654311870529,-0.15213580620456651,0.045187210609166265
695,-0.09933932533807695,-0.16810044262814075,0.06998909989236277,-0.16054981448409236,0.12071138940515998
696,-0.08494941954608501,-0.1833929365227737,0.08681127796093871,-0.18233990652948173,0.08977705661202713
697,-0.035025775198393456,-0.10956068392375255,0.03374902626357504,-0.11079494692455981,0.1958298303166798
698,-0.09270685428925964,-0.1558729769555703,0.06387015513202766,-0.12090405654461883,0.16503133158475278
699,0.06387808554140567,-0.017529771389600882,0.0127752414040883,-0.08486071513658966,0.20826785501780853
700,-0.008026962137667687,-0.07869164574137316,0.035126259630630284,-0.08826432869166574,0.22808977925303847
701,0.0387554406545566,-0.01584687235129354,0.013209042531894779,-0.06272356404584106,0.15922112775472239
702,0.35110275773734934,0.140108728570166,0.01591489835375491,-0.1258953519555134,-0.01580306058733297
703,0.31890651047691737,0.1382486152236537,0.018737246664036738,-0.11278418527077094,-0.02597551062433102
704,0.49755727208871775,0.17161754369530857,0.019067938145491365,-0.18191532629119764,-0.0062003594691351464
705,0.5050514829488598,0.04943628763020721,0.0005670160597991211,-0.1991335902559448,0.045657043496972666
706,0.5350314002039981,0.14111356395471886,0.015894666582268447,-0.20231560083751368,0.013307143456474668
707,0.5092995124899738,0.09459320831429756,0.006199330998521489,-0.20472329306634834,0.04010708751792532
708,0.3684805853551666,0.025095343581854702,0.002479574124112631,-0.15306277793831435,0.05439146007940618
709,-0.04048516542717709,-0.16327808804425764,0.0896649101083498,-0.1841270571513366,0.0493174824415924
710,0.0030898565172079464,-0.10924607374578567,0.0659280644253509,-0.1390253337255728,0.0310028187420444
711,-0.08843789420491667,-0.17311932424051343,0.08352823999748706,-0.13821691661902802,0.12976567133737538
712,-0.04758676931488085,-0.1572614320397775,0.08542714156955673,-0.15832974329955615,0.09609923326608812
713,-0.06565030184813113,-0.12208641623065121,0.06272045401315132,-0.0780377718157764,0.21588074132888052
714,-0.07433140044452219,-0.13834368017316095,0.0772954038556928,-0.07557780448583419,0.19050299001886584
715,-0.0004795415740011658,-0.04693975001794943,0.029736760477734693,-0.06282022948555223,0.1881769601413247
716,-0.04061746794318272,-0.07377792917851815,0.049349925372913286,-0.04699053341282436,0.18918591465346912
717,0.41742932480790196,0.1623615931782271,0.026737178992919056,-0.14882257157917883,-0.025472166422003825
718,0.42210910924951306,0.13400278148836003,0.02178077293983707,-0.1578693840150529,-0.008288812513663483
719,0.4353981458159406,0.060517275543612144,-0.006927530822665688,-0.18650658018841082,0.07453064537834575
720,0.39846139477396536,0.0995900618380366,0.003133177232749317,-0.1632611764683336,0.022629332940192703
721,0.38246528957230574,0.07612399230679542,-0.020415632431121492,-0.17110106043069068,0.07356829946631277
722,0.31558973282696334,0.04174356907102968,-0.017913031677944783,-0.1432394242822893,0.08991957330953677
723,0.004041777823641331,-0.10930398316144255,0.06131514824662738,-0.14770551779892388,0.09913661892834864
724,0.037801686628843326,-0.05211874933248925,0.027332237800906593,-0.09494694675160247,0.1317200076891562
725,-0.04725589765450275,-0.11724307190566098,0.06517288818287043,-0.09576050912165189,0.1559141569105169
726,-0.0012446301191682693,-0.0705224015703812,0.034824314234912605,-0.11649950983452956,0.16666698168253782
727,-0.04975660987896118,-0.0832456742428832,0.05509225031647048,-0.03603453009092781,0.16960075826728715
728,0.1326130087809575,0.25852195513792825,-0.05218864319070508,0.02259099012191936,-0.03793116251517029
729,0.11248702175949048,0.23274628820186655,-0.05168001008519698,0.022722679843338898,-0.018441337538658148
730,0.12271484403780578,0.2393909144787059,-0.0395419665944747,0.021104257624564325,-0.042452814853535074
731,0.16210111135240768,0.3218596315851182,-0.05932829994916739,0.02335925450658778,-0.04103746604005986
732,0.10834364975353708,0.2010750587007269,-0.03037466819257861,0.015744769012478527,-0.03154635470163325
733,0.37030878465690387,0.06732006443587973,-0.039822906399379986,-0.17517704815621946,0.11925264056884204
734,0.31049143007623925,0.06783393586015732,-0.042063111166614854,-0.14964040622894756,0.104534536950102
735,0.3066996461767677,0.059408964507899516,-0.039655642096007276,-0.14659958644252824,0.11242497974470902
736,0.03960868533695546,-0.024259326751561724,0.008629743946648364,-0.10539383258672148,0.2155296498794119
737,0.05301499480134897,0.0015844217157174238,-0.0043193904134006126,-0.07709914823321977,0.1996443362405576
738,0.032259873860215726,0.0028598821585454764,-0.005399074095646084,-0.07690737683105976,0.19465774904622787
739,0.1236963835167119,0.2705628913240251,-0.0578645712196675,0.01786234288916315,-0.009137444754548597
740,0.04166378780388053,0.14092373791399318,-0.037549200075945824,0.01907120220843002,0.03160378103579382
741,0.1312580315998175,0.24562443391174982,-0.043092313076767745,0.006643257839256856,-0.019264710857077264
742,0.09071655348583385,0.1862647463565925,-0.04155082333110466,-0.010003564711429824,0.01022022181726188
743,0.07861433125141602,0.11054874725062648,-0.021452676180054607,-0.010617547804743431,0.010017684182932498
744,0.3677017190422841,0.08224105603579714,-0.045316384463846116,-0.17401918600875063,0.1190112839953459
745,0.30344144570463466,0.07160209348553144,-0.02592181094634655,-0.14506371030972542,0.0875659590939786
746,0.29383004485567343,0.06955535554638233,-0.02946889235123691,-0.1348593824961577,0.08026168636502297
747,0.05999114363276622,0.017972078038442786,-0.01103255885222091,-0.07562441168656281,0.2084914034546424
748,0.07978950305223433,0.026832976924929017,-0.006930683980909825,-0.0627436454230589,0.16737874855531648
749,0.016582679254961475,0.08425320092397856,-0.029707460448631175,0.0023767591308726586,0.05330972920362553
750,-0.05831197974476561,-0.009880830736132001,-0.01963745607090947,0.06540395456006978,0.10959358932425342
751,0.05452153367246405,0.06165213595873221,-0.02163113943493897,-0.03352799687072392,0.03136178006449294
752,-0.005883655687345351,-0.012231629799811109,-0.01731506155150828,-0.02210874017720755,0.06656188837220227
753,0.01336265533474812,-0.021525674469949095,-0.007784180329338944,-0.03689711390010637,0.0390203387213377
754,0.30373321883376275,0.0737712225297273,-0.018804204722451204,-0.14404631407214818,0.07627789367805425
755,0.17867041962346558,0.07198180287685907,-0.01967498559993912,-0.14051862569605514,0.10572683914481942
756,0.15331870631115438,0.0731852397333808,-0.01778807427558295,-0.11150085485601223,0.030262225788340015
757,-0.01709462359967834,0.09494735241080579,-0.052227530198515754,0.08224170122987517,0.04116520357457143
758,-0.10992229006733113,-0.09087493604517743,-0.01545528124669015,0.15164899585111274,0.12725986790224736
759,-0.12477702161152208,-0.08588809620188467,-0.013807597652695333,0.15633864193091157,0.16336252158400116
760,-0.0860569549385135,-0.0757088253485307,-0.015174442125842593,0.045173305416287945,0.13067704910419004
761,-0.034109103692277015,-0.07479661643408207,-0.01152689671430678,-0.04271321009672852,0.06903730120008562
