gene,time,kappa,nu,U_tilde,e_tilde,I_tilde,pval,padj
SEMA3F_PLXNA3,0.0372617244720459,30.824649914942434,16.788721965749616,1038.7829255110344,517.5064771135361,31903.91197147984,0.008399492059333435,0.009950477403622822
SEMA3F_PLXNA1,0.0277099609375,18.434903344638006,16.788721965724196,670.5940103892775,309.4984667181265,11411.14863852465,0.0037113489782319986,0.004595003496858665
SEMA3F_NRP2,0.02779078483581543,10.771864764587836,16.7887219657255,584.3489956462874,180.84584258506035,3896.0939191284197,7.904841366923598e-06,1.468041968142954e-05
DCN_MET,0.022681713104248047,7.736193963628469,16.788721965767223,242.18048678143518,129.88080952860508,2009.5662693327472,0.016892400916651118,0.019361591769897105
GRN_TNFRSF1A,0.027517080307006836,96.74735266046436,16.788721965725493,13051.193210586465,1624.2644047365286,314286.5623577683,0.0,0.0
GRN_SORT1,0.02505016326904297,8.385150909460041,16.788721965701317,255.04219299879,140.77596725937215,2360.855459790083,0.021707729720476854,0.024708798345427573
GRN_TNFRSF1B,0.0282900333404541,9.334011138538413,16.78872196569364,423.4416388021142,156.70611782960896,2925.393298597366,0.00019108347943119774,0.0002913433297500361
ICAM3_ITGB2,0.027278900146484375,13.922232986768574,16.788721965755208,549.6881096099106,233.7364987573233,6508.267986421996,0.0013796357370708945,0.0018126065268963347
EFNB1_EPHB6,0.0265810489654541,18.47624936682186,16.78872196572047,791.2197496228499,310.1926135888911,11462.392160829135,0.00045573415034450004,0.0006582826616087223
EFNB1_EPHB4,0.02793288230895996,26.331083614290286,16.788721965711538,606.3868256352989,442.0652418562225,23280.113692575305,0.14033822203516566,0.14383211967919468
EFNB1_ERBB2,0.024590253829956055,72.87404315542942,16.78872196575476,2084.846609218921,1223.4620490569182,178317.25232400792,0.03558531485847194,0.03923916415197575
EFNB1_EPHB3,0.026473522186279297,12.180741297845763,16.788721965762313,264.2411766940816,204.49907898641132,4981.900753562406,0.18713212606519913,0.19060468098187291
SEMA4G_PLXNB2,0.024777650833129883,66.19816511811301,16.78872196572212,5326.846244605227,1111.3825888089639,147142.97624674338,2.659878983735098e-10,9.805822522127899e-10
VCL_ITGB5,0.06638312339782715,34.42750982048794,16.788721965742937,2480.8509198331762,577.9938903490566,39797.78067234836,8.071885382321398e-09,2.3735186778968874e-08
EFNA2_EPHA2,0.023286819458007812,24.722951630113055,16.78872196573138,1656.5918600271257,415.0667610901935,20523.35091540109,6.008331809859158e-08,1.5221107251643197e-07
LGALS1_ITGB1,0.02351975440979004,19.90238483747735,16.78872196578228,2568.9191096275945,334.1356054924082,13300.190816826838,0.0,0.0
TIMP1_CD63,0.028226852416992188,370.3527584686722,16.788721965964424,35938.30032785375,6217.7494912585125,4605521.351109547,2.5857094243519896e-13,1.373484360892347e-12
MMP2_PECAM1,0.023749351501464844,23.905996859325967,16.788721965744976,2140.4791767183997,401.35113458519623,19189.39792576123,6.1558536046391055e-12,2.815733037677517e-11
MMP2_FGFR1,0.023777484893798828,29.75342932069681,16.78872196575098,2131.7281667360044,499.52205239280187,29724.98815999728,9.526006206073134e-09,2.744250083964851e-08
PLAT_LRP1,0.02465987205505371,55.78669303055079,16.788721965796835,4493.154359418299,936.5872786811733,104498.21402421109,2.580773372784506e-10,9.585729670342452e-10
PLAT_ITGB2,0.025387048721313477,13.821625819698617,16.788721965725692,941.5985669877066,232.04743300121555,6414.5455827287715,3.864931430452856e-08,1.0210032762800593e-07
TGFB1_ENG,0.025353431701660156,53.18996083956613,16.788721965741125,3649.5910434233388,892.9914639041341,94996.36199025545,3.1848854331606447e-08,8.692449745753362e-08
TGFB1_SMAD3,0.02617049217224121,21.14633867541344,16.788721965743083,952.1466437879448,355.0200006149561,15014.746339098696,0.0002148247173421325,0.00032453642314071387
TGFB1_ACVRL1,0.02690911293029785,30.12629387618206,16.78872196570638,893.3168965938282,505.7819717443834,30474.67263609221,0.02681968213882857,0.029839916613921876
TGFB1_ITGB6,0.024981021881103516,18.612203876458754,16.78872196571883,447.84856576203396,312.4751160511402,11631.701132527862,0.11103466548072183,0.11547605209995071
TGFB1_ITGAV,0.026929378509521484,20.9054954138667,16.78872196573918,1141.2923810089064,350.97655005944364,14674.677315284911,6.956456294893165e-06,1.303743034300528e-05
TGFB1_ITGB1,0.0254061222076416,14.615649643167664,16.788721965763624,955.6737780083172,245.37807820815428,7172.720042408355,1.133964757649153e-07,2.7325784891643e-07
TGFB1_CXCR4,0.025145292282104492,6.582518753325075,16.78872196576863,148.24268429428344,110.51207718403263,1454.8956410656058,0.15691450320642042,0.1601565383966357
TGFB1_ITGB5,0.024057865142822266,29.578671558664503,16.78872196571698,1409.5773434839184,496.5880929136789,29376.83220047456,8.581833876364353e-05,0.00013854333120666635
COMP_ITGB1,0.02384185791015625,19.408948148956668,16.788721965791233,1318.4628530739828,325.8514341212919,12648.867178246648,4.173363898907212e-08,1.0850746137158752e-07
LAMB1_ITGA7,0.02503061294555664,10.02225989189866,16.78872196572526,616.840379233073,168.2609347933263,3372.7096363050596,5.027450707961734e-07,1.1288912044241348e-06
LAMB1_ITGAV,0.02349376678466797,26.594940997656433,16.78872196582632,1393.3389372726183,446.49507010720953,23749.02009049142,1.564393961206445e-05,2.800038466797043e-05
LAMB1_ITGB1,0.022915363311767578,19.326605613528276,16.788721965832487,1616.300794645133,324.4690081888236,12541.76911015614,7.218559083810305e-11,2.87578079629217e-10
LAMB1_ITGA6,0.023123979568481445,12.972624771814923,16.788721965901534,966.4582476560329,217.79379046196755,5650.714242588778,3.0251369187439536e-09,9.282097129562192e-09
LAMB1_ITGA1,0.02363419532775879,19.82692537828481,16.788721965784884,469.7694716077442,332.8687376123879,13199.527242809363,0.12085120238866442,0.12437602912500045
LAMB1_ITGA2,0.023783206939697266,24.02866667367336,16.78872196583987,1391.3717275361719,403.41060399414437,19386.837872001077,2.014823612173089e-06,4.038020569701112e-06
PDAP1_PDGFRB,0.029394149780273438,51.814570082091805,16.788721965812222,3016.8976781980705,869.9004108863315,90147.03160862057,1.785155816502737e-06,3.6744457223014666e-06
SERPINE1_PLAUR,0.026057004928588867,80.24207889241553,16.78872196582742,2740.479125569632,1347.1619524847533,216198.15134428424,0.007333881721392377,0.008764852339738918
SERPINE1_ITGAV,0.025324106216430664,27.56770944869855,16.78872196580052,1853.3685351981048,462.82660916817184,25518.138973349043,5.502353506159352e-08,1.4231217968810053e-07
SERPINE1_LRP1,0.08143115043640137,57.36242059876251,16.788721965822273,2715.45087604487,963.0417307191802,110484.80962334761,9.595478367796506e-05,0.00015390150369128163
SERPINE1_ITGB5,0.02318286895751953,33.61758260938763,16.788721965763692,1765.22276184043,564.3962475901016,37947.27495557727,1.498453653470122e-05,2.691767653869965e-05
COL1A1_ITGA5,0.022428035736083984,55.68894254175504,16.788721965785356,6615.511469662037,934.9461729021214,104132.32740476001,0.0,0.0
COL1A1_CD93,0.028599023818969727,34.13346793887947,16.788721965771607,1471.443458890917,573.0573029534266,39120.86615500305,0.0004138741580367311,0.0006066879349262467
COL1A1_ITGA1,0.026239395141601562,18.702812725195994,16.788721965777253,516.2295992591581,313.9963228213163,11745.228844254527,0.046420204893510286,0.050178514698892965
COL1A1_CD44,0.025046348571777344,27.68847269191442,16.788721965817892,560.1747750507127,464.8540696826925,25742.19842826903,0.25101824962492225,0.25255196601774255
COL1A1_ITGAV,0.02356123924255371,25.15276415979418,16.78872196581812,691.6331769463388,422.28276415057934,21243.15755085102,0.04769704469894742,0.051446157382707476
COL1A1_ITGB1,0.0257871150970459,17.57346282901446,16.78872196581306,1021.5082441283868,295.0359814128744,10369.607705161898,1.8518560255254002e-06,3.7492494943014254e-06
COL1A1_ITGA11,0.024723052978515625,26.230959447093316,16.78872196572385,3533.8485808835694,440.384285051427,23103.40464464233,0.0,0.0
COL1A1_ITGA2,0.0272979736328125,23.11286750564816,16.788721965813036,1761.6823656861134,388.0355063850016,17937.226493127266,1.507037716841353e-09,4.897872579734397e-09
COL1A1_DDR1,0.02476191520690918,35.25991898471217,16.78872196575673,844.3015825863878,591.9689763694399,41745.55629649889,0.11407669433652878,0.11839051891227988
LAMA4_ITGA6,0.02507781982421875,10.916320841189076,16.78872196578484,345.3563898138359,183.27107549202591,4001.2917219614783,0.01536375131356893,0.017691592421685436
LAMA4_ITGAV,0.024789094924926758,22.324294152742674,16.78872196572127,1218.882932285434,374.7963676113738,16734.12871587157,6.940980121883378e-06,1.303743034300528e-05
LAMA4_ITGB1,0.026753664016723633,16.259938669165475,16.7887219657472,1261.2737062396698,272.9835894967207,8877.392845810646,8.708117560374262e-10,2.9873681075172813e-09
HBEGF_CD44,0.025321483612060547,28.342340307391897,16.788721965789353,550.4458115392633,475.83167128058733,26972.366312938884,0.29236892704181605,0.29296196746177916
HBEGF_CD9,0.02796149253845215,7.85857944901535,16.788721965782376,360.0194535886074,131.93550541552997,2073.6513029078747,0.00016365361276060586,0.0002518532233761349
HBEGF_ERBB2,0.025560617446899414,78.6249392677739,16.788721965794124,2348.940616134799,1320.0122449441046,207571.76518289623,0.025224104258519287,0.028384299552866806
LTF_LRP1,0.02741861343383789,35.49340524129609,16.78872196574846,5219.277607502827,595.8889122137592,42300.253279996134,0.0,0.0
LTF_TFRC,0.024751901626586914,14.325245200424003,16.788721965759603,721.1561730647421,240.50255876125078,6890.516251168599,3.2914757287727525e-05,5.5448278879314256e-05
CD160_TNFRSF14,0.12619304656982422,23.761666827059457,16.788721965659043,3164.1982956254806,398.9280178001249,18958.389293891625,0.0,0.0
FGF23_FGFR4,0.02668309211730957,19.2340685504654,16.788721965730932,3341.496737500921,322.9154291635729,12421.95500107023,0.0,0.0
FGF23_FGFR1,0.02456212043762207,21.260353555608948,16.788721965721685,3560.206925895177,356.9341647380611,15177.093076814295,0.0,0.0
FGF23_FGFR3,0.02499556541442871,29.51086197285253,16.78872196571896,6577.498337682523,495.44965663092967,29242.292862665094,0.0,0.0
TGFB3_ENG,0.024529218673706055,31.294007766443986,16.78872196572538,3357.073953646308,525.3863955840787,32882.891887584345,3.219646771412954e-15,2.1787746644904102e-14
TGFB3_ITGB1,0.027728557586669922,11.618032041291455,16.788721965739583,1355.8611294789375,195.05190973029613,4532.238673923338,0.0,0.0
TGFB3_ACVRL1,0.025847673416137695,20.677091608634843,16.78872196572497,1754.5823848581836,347.1419420771952,14355.771475059151,4.3430703478009036e-11,1.7878972931780385e-10
TGFB3_ITGB6,0.02601313591003418,12.73731993506855,16.78872196576287,883.8621766790106,213.84332297883464,5447.581641519226,2.3402542126405024e-08,6.494862814856226e-08
TGFB3_ITGB5,0.027691125869750977,17.659437488590946,16.788721965722367,1265.360122040496,296.4793860670078,10471.31836981229,9.499327213724484e-09,2.744250083964851e-08
TNFSF10_RIPK1,0.01677989959716797,12.206308905478194,16.788721965721358,416.6860952581659,204.928326441782,5002.836912062132,0.007368583321604616,0.008771277496078748
TNFSF10_TNFRSF10B,0.023102521896362305,17.289598918055745,16.7887219657865,559.1377185889778,290.270269135201,10037.31306236744,0.012540728164534665,0.014542534538216256
INHBA_ENG,0.05816984176635742,76.09449349921508,16.78872196579507,4628.453848250017,1277.5292944863222,194425.88918869253,6.63288799662709e-07,1.4562874090372367e-06
INHBA_SMAD3,0.0245363712310791,27.36023720247949,16.788721965744777,1178.3244598176875,459.34341530925485,25135.48960051652,0.0004197284462832407,0.0006116396827844274
C3_CD46,0.02357649803161621,12.605577849796266,16.788721965777402,487.5984572173704,211.63154173819163,5335.475749706365,0.0017880530459198907,0.002306261631029833
C3_ITGAX,0.024689674377441406,17.344214339123948,16.78872196574018,592.3993995699334,291.18719225375605,10100.826150513674,0.007327700437878892,0.008764852339738918
C3_ADRA2A,0.024567365646362305,12.916798471184467,16.788721965724967,546.1678028956526,216.8565382200173,5602.184402693351,0.000546627450808912,0.0007781958521602379
C3_ITGB2,0.026333093643188477,11.884374636825257,16.78872196570448,796.6951694007948,199.52346151392936,4742.4231309354445,5.935560509762183e-08,1.5114262328982053e-07
C3_CD81,0.06474590301513672,322.82245151054275,16.788721965858436,73166.92004015375,5419.776382747318,3499250.9970348617,0.0,0.0
LIF_IL6ST,0.025289297103881836,12.402344032974293,16.78872196572844,1039.8470339354303,208.21950569291653,5164.8198879588,6.61211085883906e-11,2.655595743306094e-10
APOE_LDLR,0.027754783630371094,72.91757925224009,16.78872196571128,7080.098800410697,1224.1929644785762,178530.37501480264,2.5213164889237305e-13,1.353837332096003e-12
APOE_LRP5,0.025321006774902344,19.784597022302048,16.78872196570205,692.1584191679234,332.15809861088576,13143.22825742088,0.00570019866260385,0.006868044242259273
APOE_LSR,0.02729177474975586,22.96314150864961,16.788721965689593,1340.1433002053004,385.52179824750414,17705.583215653005,1.6957849707788242e-06,3.519822586406467e-06
APOE_SCARB1,0.024104833602905273,18.338940939330815,16.788721965677546,736.6126202474352,307.88738057540644,11292.656976675296,0.0011035722955530236,0.001481425853269548
APOE_LRP8,0.02606201171875,8.046612991839227,16.788721965666934,540.6574016756647,135.09234828531214,2174.071689621325,5.587536566764584e-08,1.4312960525582802e-07
LAMA5_SDC1,0.026981592178344727,98.93761704588366,16.788721965741722,18799.103172391726,1661.0361445363694,328677.9159350207,0.0,0.0
LAMA5_ITGA6,0.030931949615478516,10.784129156432012,16.78872196576322,962.3252928366988,181.0517460502177,3904.9708268061545,6.98707758317596e-12,3.166620482650389e-11
LAMA5_BCAM,0.023486614227294922,25.422463877459517,16.78872196573878,885.2918065049646,426.8106777227053,21701.158073838982,0.005987584104506949,0.0071967555903319535
LAMA5_ITGB1,0.027215957641601562,13.435877370434817,16.78872196578658,642.9262389175148,225.5712095386338,6061.49421932348,8.0070002480781e-05,0.00013011375403126912
LAMA5_ITGA2,0.03018784523010254,18.283094941043192,16.788721965745157,1456.5916612331393,306.949797638496,11223.984584717236,3.6923830659674195e-10,1.321766112020221e-09
JAG1_CD46,0.025621891021728516,13.554686370509742,16.788721965792305,804.8064191344027,227.5658608080025,6169.167743775097,1.1540373799912018e-06,2.4467573635864967e-06
JAG1_NOTCH4,0.02521824836730957,14.168697288328504,16.788721965766232,401.80349182552527,237.8743193908532,6740.7384482323405,0.038041549684912024,0.04166857105176617
JAG1_NOTCH1,0.025892257690429688,11.030414803508007,16.78872196573762,530.4604165687675,185.18656730285227,4085.369306776427,7.356963756488533e-05,0.00011994521768004407
JAG1_NOTCH2,0.0248410701751709,20.011656075802772,16.788721965799695,731.2835069075081,335.97012993185893,13446.637383878264,0.0035233844701986206,0.004373246050950046
JAG1_NOTCH3,0.024611949920654297,94.22031236504665,16.78872196579739,13033.417548800604,1581.8386278273501,298082.6592499794,0.0,0.0
LAMC1_ITGA6,0.01877903938293457,12.986213552889096,16.78872196585076,609.6878296628818,218.02192872861798,5662.558651365199,0.00011003927630048871,0.00017478907553839684
LAMC1_ITGA1,0.023337602615356445,17.684155908891658,16.788721965723933,503.550528864985,296.89437675289605,10500.652893942864,0.03688380944692127,0.04049022637062023
LAMC1_ITGA7,0.019680500030517578,8.669469474545318,16.788721965684754,440.5758243493273,145.54931259813245,2523.670645221127,2.7702615520763807e-05,4.702780779126227e-05
LAMC1_ITGAV,0.023911476135253906,25.35681161679513,16.788721965759073,1661.5325741161514,425.70846017250324,21589.218456540195,1.0739374400881019e-07,2.613424115288287e-07
LAMC1_ITGB1,0.023158788681030273,17.857502819895046,16.78872196578665,1246.661179392096,299.804649846469,10707.524760101933,1.9805001416628443e-08,5.527497570516638e-08
LAMC1_ITGA2,0.024507522583007812,23.396193792920375,16.78872196579859,982.3767305392018,392.7921926472829,18379.684519043887,0.0006034058143730148,0.0008516642065721981
IL1RN_IL1R1,0.02286529541015625,8.771131675726156,16.788721965758267,437.5923040413219,147.25609102882186,2583.2051289330275,3.8720526239321984e-05,6.440383825665003e-05
CCL21_ADRA2A,0.027884960174560547,12.187018706490175,16.788721965751304,467.292988279903,204.60446865467364,4987.03697385198,0.0019928384756211504,0.0025242620691201235
MMP7_CD44,0.025937557220458984,26.612540688438227,16.78872196579544,1823.301658141256,446.79054642160776,23780.46319170917,3.315331020825596e-08,8.949582099933575e-08
MMP7_SDC1,0.027859926223754883,118.46920555256118,16.788721965795,17777.719059327585,1988.9465535305667,471257.8361665417,0.0,0.0
MMP7_CD151,0.024532556533813477,119.84028870908506,16.788721965812744,15648.26776889358,2011.9652874395574,482229.00183882774,0.0,0.0
THBS1_CD47,0.02640986442565918,15.202094587646684,16.788721965766307,884.4272507715862,255.22373932928096,7759.870852593221,1.8171059648075527e-06,3.699860422798466e-06
THBS1_SDC1,0.022943496704101562,142.79892045556713,16.788721965836707,5587.3127224545315,2397.411372550149,684695.5117761214,0.0015483428329711169,0.002028863022513877
THBS1_ITGB1,0.027853965759277344,18.1096397593651,16.78872196579695,1146.2179343936045,304.0377068207226,11012.026687573492,2.5620327648301355e-07,5.886717143377149e-07
THBS1_LRP5,0.023499011993408203,29.19073137606054,16.78872196577738,1355.497165579336,490.0750730503746,28611.299623033465,0.00013169163113002647,0.0002065259231055018
THBS1_SDC4,0.02503371238708496,138.94914117584705,16.788721965814396,5343.6507112506,2332.778498589989,648275.1378651217,0.0019212456533310718,0.0024461220431586323
THBS1_SCARB1,0.026546955108642578,26.395974232540816,16.788721965758885,731.827105516654,443.1546724054635,23394.99862768936,0.044952303114487946,0.048698328374028606
THBS1_ITGA6,0.026596784591674805,12.283365302170008,16.788721965806626,472.6902356805249,206.22200486256855,5066.200438145618,0.0019061715891958153,0.002433200943314555
ADAM10_GPNMB,0.02692580223083496,8.474840563528756,16.788721965773263,436.72960588756723,142.2817419253415,2411.6301558368286,2.1391520559688182e-05,3.747308920739703e-05
ADAM10_TSPAN15,0.029793977737426758,14.106527153551035,16.788721965766257,777.9415351099736,236.8305622835004,6681.7135152859155,5.6619111664657495e-06,1.0841023706333646e-05
ADAM10_CD44,0.02899026870727539,29.216723518760283,16.7887219658113,1190.714738459002,490.51144790844637,28662.27471265573,0.0009094778053267971,0.0012376915587642913
ADAM10_CADM1,0.023746490478515625,24.188821332905754,16.788721965785474,1582.8623294917704,406.0993960382151,19646.13146833864,1.1116867681959519e-07,2.6920258014156874e-07
ADAM10_TSPAN14,0.024402141571044922,41.41020206432879,16.78872196580386,2157.7974184183054,695.224369005773,57578.763201149086,1.734856063007051e-05,3.082801781026918e-05
ADAM10_NOTCH1,0.027608394622802734,11.645700385885707,16.78872196580295,372.31454667014935,195.51642587567926,4553.851432534784,0.013957967121692616,0.016148093110342276
ADAM10_MET,0.028245210647583008,9.06385033772007,16.788721965788298,379.2994873777487,152.1704632594986,2758.5006096112515,0.0006325931152596498,0.0008877869288018948
ADAM10_TSPAN17,0.029631614685058594,42.194569391942636,16.788721965826046,1034.6183176444115,708.3928939890787,59780.666244362495,0.0997686343247981,0.10419810857600478
ADAM10_AXL,0.027650117874145508,62.904493168654106,16.78872196581021,2684.6953035363686,1056.0860462087414,132865.1149584974,0.0004785374006184284,0.0006892054691122555
VWF_SIRPA,0.025409460067749023,15.42449323755007,16.788721965750096,629.4934535876205,258.9575284278207,7988.577292095201,0.0008925989623483899,0.0012214512116346388
CDH1_LRP5,0.03052496910095215,17.94116160020554,16.788721965707612,1607.2566207767404,301.20917384768063,10808.084926931284,6.034284183442651e-12,2.7859218566548314e-11
CDH1_IGF1R,0.025941133499145508,5.934313963199667,16.788721965687863,270.5745919654766,99.62954718525845,1182.4660260174785,0.00017648018223448414,0.0002707490994529042
CDH1_ERBB3,0.02618551254272461,47.59935517551978,16.78872196572744,4703.901720350857,799.1323397897111,76076.36814778924,1.2090328738167955e-13,6.710811681634797e-13
CDH1_PTPRM,0.026879072189331055,5.644856235124332,16.788721965671982,310.4021492148555,94.76992186769233,1069.9251687141777,6.006870117203356e-06,1.1413053222686375e-05
CDH1_PTPRF,0.026656150817871094,25.71805229678548,16.788721965693924,1426.7989280950765,431.7732295099075,22208.73299377552,5.005895875043187e-06,9.6598146963724e-06
SEMA7A_ITGB1,0.026688337326049805,12.37268466729931,16.7887219657531,580.8032039975444,207.7215628492245,5140.146791464101,0.00011028970016857542,0.00017478907553839684
SEMA7A_ITGA1,0.026599645614624023,13.61638504507471,16.78872196568882,554.7840808877178,228.60170269952252,6225.457611832787,0.0009126962002050654,0.0012386591288497317
TIMP2_CD44,0.02907085418701172,19.861399038717146,16.78872196575011,1323.900607934458,333.44750631183865,13245.467962649163,6.89292632971572e-08,1.7357812033971967e-07
TIMP2_ITGB1,0.026988744735717773,14.88677317712527,16.788721965745566,1014.0920095586271,249.9298958378749,7441.299339041978,3.872093856660541e-08,1.0210032762800593e-07
LGALS3BP_ITGB1,0.02754807472229004,18.897280853051438,16.788721965781075,1773.1302088832495,317.26119415115875,11990.747779297853,1.0089706847793423e-12,5.08603590082648e-12
LAMC2_ITGA6,0.02336716651916504,14.00641517069822,16.78872196582461,722.1411210286047,235.1498100387603,6587.211733427394,2.119500072117475e-05,3.726096212192287e-05
LAMC2_CD151,0.023195505142211914,193.92339844828712,16.78872196587066,26530.10450238571,3255.7260192250465,1262722.9081292688,0.0,0.0
LAMC2_ITGB1,0.024477243423461914,20.635528301395585,16.788721965811018,1573.6156767058437,346.4441472697549,14298.116011675775,1.4847264528938808e-09,4.857317004831637e-09
LAMC2_ITGA2,0.023766517639160156,25.691479624600863,16.788721965808904,1171.1536284524327,431.32710830766837,22162.863229248942,0.00017707059011973225,0.00027081384371253165
LAMC2_COL17A1,0.024103879928588867,15.837195104381959,16.788721965751083,1055.6946000799326,265.88626532482294,8421.785319049377,6.886905179470659e-08,1.7357812033971967e-07
NID1_ITGB1,0.0253598690032959,20.39147327068443,16.788721965796256,2014.1201771489907,342.3467752144869,13961.910232182441,1.234568003383174e-13,6.776406596347644e-13
NID1_PTPRF,0.028197288513183594,57.98363811958802,16.78872196577697,4974.93120528797,973.4711789539901,112890.80112063375,2.9353297570366976e-11,1.23936145297105e-10
ICAM1_ITGAX,0.03242611885070801,15.693913048471686,16.788721965772424,680.4385406423228,263.4807427257991,8270.087732570859,0.0003804521195229782,0.0005610249165503022
ICAM1_MUC1,0.05212664604187012,153.7482217117469,16.788721965735288,16429.271309144548,2581.236147044745,793720.9348524216,3.774758283725532e-15,2.5199062056221796e-14
ICAM1_ITGB2,0.027490615844726562,11.666564479035909,16.788721965781676,461.9214877257699,195.86670733439846,4570.183140826431,0.001330759855077801,0.0017624540708000903
VCAN_CD44,0.023462533950805664,26.85485411306052,16.788721965771835,871.468873452898,450.85867913553716,24215.488107584024,0.012139961083420747,0.014144199941532662
VCAN_ITGB1,0.02465510368347168,17.26907485525895,16.788721965797695,883.341653898052,289.92569635149056,10013.497105513934,2.4561912001952457e-05,4.2425120730645155e-05
TIMP3_CD44,0.026851177215576172,27.652943556388557,16.78872196578713,772.2616104598474,464.25758090381225,25676.17736071723,0.042636193540085854,0.04639268636300091
TIMP3_MET,0.024776935577392578,8.341781826946926,16.788721965760846,311.0816403675485,140.04785579164852,2336.497316691315,0.002784564645477716,0.0034913069412842433
LUM_ITGB1,0.022886276245117188,19.033735495836865,16.788721965789662,1412.234508832906,319.55209320998677,12164.540038599791,3.4192872977456545e-09,1.0426715586952799e-08
CGN_F11R,0.026025056838989258,26.762910432875728,16.788721965753297,1383.6031476437342,449.3150622519088,24049.957534379635,2.0138335895425463e-05,3.5529778329786355e-05
CALM2_INSR,0.024314403533935547,37.65331869460166,16.78872196576195,6111.565924101703,632.151098651894,47605.173561364674,0.0,0.0
CALM2_AQP1,0.024611711502075195,79.32591235879684,16.788721965783324,18840.704124107422,1331.7806872739354,211289.43615966084,0.0,0.0
APP_LRP10,0.030942201614379883,140.9854791097019,16.788721965936396,10590.618421928677,2366.966010007119,667415.6739144664,2.355797890096767e-09,7.412510558648426e-09
APP_PLD1,0.025556325912475586,16.41890621683989,16.78872196577185,648.4445817088246,275.65245145660776,9051.823497816105,0.00137470113768845,0.0018109396320482513
APP_TSPAN15,0.08558440208435059,14.345694556793529,16.78872196577577,873.1293619381498,240.84587731994944,6910.202782589921,6.535915477723364e-07,1.4488523946723533e-06
APP_TNFRSF21,0.10765743255615234,196.5885677065392,16.788721966022276,8025.287219509597,3300.470804923632,1297669.6565943707,0.0008892239269191471,0.001220212833050163
APP_NCSTN,0.024985074996948242,23.385807970110807,16.788721965807873,1733.2004269411673,392.6178279559642,18363.370260440362,3.535778669849776e-09,1.0715795477949627e-08
CALM3_INSR,0.0528109073638916,29.92106630451324,16.788721965731426,3948.8184476874794,502.3364631046879,30060.88523946007,0.0,0.0
CALM3_AQP1,0.027507781982421875,53.09197328188976,16.78872196572768,9039.172801654311,891.3463780414897,94646.67617577597,0.0,0.0
TFF2_MUC6,0.24260735511779785,81.75116167707569,16.78872196574966,21350.360460782653,1372.4975237734725,224406.53393478238,0.0,0.0
TFF1_MUC5AC,0.027505159378051758,11.084456333214014,16.788721965718317,290.24865411916505,186.0938555194756,4125.49843077013,0.06661074379065368,0.07046190028390346
TNFSF12_TNFRSF25,0.026493549346923828,12.944958514778916,16.788721965741427,555.6128818416867,217.3293093626803,5626.637787490899,0.00044095719172376757,0.0006406848609162975
TNFSF12_TNFRSF12A,0.024840354919433594,103.48234201337016,16.788721965782447,13548.781191645889,1737.3362684304793,359567.25184391026,0.0,0.0
FGF19_FGFR1,0.02352118492126465,24.640599068194106,16.78872196574442,955.425647076223,413.68416682529187,20386.851391203883,0.0017351391218957124,0.002249760436263732
FGF19_FGFR3,0.02311873435974121,43.20834795948583,16.788721965750508,2060.1937693085974,725.412940491211,62687.78949411606,8.505639605349558e-05,0.00013776347426369448
VCAM1_ITGB1,0.026337623596191406,17.039250452899292,16.788721965838498,1009.562042755723,286.0672383600139,9748.742641571032,1.2104942327395563e-06,2.5554878246723966e-06
VCAM1_ITGB2,0.025754213333129883,11.043629614162635,16.788721965732133,466.25176148896503,185.4084270847021,4095.1639921358596,0.0005585827784301278,0.0007929307257025377
VCAM1_EZR,0.028544187545776367,157.04431888735948,16.78872196577829,21818.927347416255,2636.573406104902,828117.7495165395,0.0,0.0
VCAM1_MSN,0.02822136878967285,31.126031315784562,16.788721965739693,1156.733499054232,522.5662856576139,32530.829143904222,0.00290033528899325,0.003618095032228953
ARPC5_LDLR,0.027640104293823242,137.63234090671395,16.78872196582942,16685.08433143913,2310.6711049890714,636046.1464902986,0.0,0.0
COL6A3_ITGB1,0.025223493576049805,19.895929500993734,16.788721965807635,993.3859810191939,334.0272286434937,13291.564385006532,3.8181268341985763e-05,6.372144108426003e-05
COL6A3_ITGA2,0.02381443977355957,24.189399484478102,16.788721965763557,1330.451592274253,406.1091024636871,19647.070627553956,5.978072513124211e-06,1.1402192360939615e-05
LIPH_LPAR4,0.02583765983581543,17.148606465664656,16.7887219657593,571.2881763400361,287.9031860522662,9874.276875642694,0.009420372015168321,0.011053833195945726
LIPH_LPAR2,0.027622222900390625,15.481223908518224,16.788721965727643,595.8880342501209,259.90996388928784,8047.448694049902,0.0019007506704143973,0.0024325669201676484
MELTF_TFRC,0.026908159255981445,16.293785178138634,16.788721965751478,621.4906992636402,273.55182912545195,8914.389477714003,0.0021250170013418224,0.0026848040886518166
COL1A2_CD44,0.02551746368408203,15.855189417310658,16.788721965715588,2306.772375438609,266.18836684098477,8440.933953896778,0.0,0.0
COL1A2_ITGB1,0.024636507034301758,11.317254765044327,16.788721965720224,1459.8842583171786,190.00224366555156,4300.607594986153,0.0,0.0
COL1A2_ITGA11,0.0232541561126709,11.086047003101031,16.788721965741843,433.1168948684049,186.1205608342088,4126.682571303127,0.0015779221019348588,0.0020567111302264387
COL14A1_CD44,0.027126073837280273,19.111084363306905,16.788721965738322,1012.3115759264214,320.8506818393288,12263.60889731191,1.2656459800530762e-05,2.3071185023845742e-05
COL6A2_ITGB1,0.027190685272216797,10.459099909289883,16.788721965707104,446.2832495127805,175.5949203886202,3673.1296318167633,0.00048007859228060834,0.0006894151877518039
IL16_KCNJ15,0.10169339179992676,6.313087073067308,16.78872196570288,663.3878427608877,105.98866361500001,1338.2313243190717,8.215650382226158e-15,5.1373813782528127e-14
CD14_ITGB1,0.022746801376342773,19.120565450352615,16.788721965827204,1212.6325639815554,321.0098571753717,12275.77996866008,2.438875897903259e-07,5.656360063681737e-07
CD14_ITGB2,0.08397340774536133,12.857126577162344,16.78872196571454,875.1096387088353,215.85472338197766,5550.543001600902,3.9589935552086786e-08,1.0347845588746494e-07
COL3A1_ITGB1,0.025692462921142578,16.271429814090403,16.78872196576852,1116.3740568432409,273.1765111342803,8889.944855559055,3.1909696329712745e-08,8.692449745753362e-08
COL3A1_DDR1,0.027611732482910156,32.574052666896335,16.788721965720892,1143.0643206297925,546.8767135212718,35627.98173708217,0.00551781258483619,0.00668088092379676
FGB_ITGB1,0.02450418472290039,20.610768203076116,16.78872196580476,1898.5550509540435,346.02845686309433,14263.824632146721,2.082001238079556e-12,1.0183253580309907e-11
FGB_ITGB2,0.02741551399230957,13.696300783024874,16.788721965744752,592.0254782153525,229.94338580541677,6298.747550116241,0.0003978289038832905,0.0005849032098760283
FGA_ITGAX,0.027430295944213867,12.503396417024812,16.78872196572333,965.0588485214485,209.91604607265083,5249.327076681595,1.0189195043253108e-09,3.4009880752479967e-09
FGA_ITGB1,0.026459455490112305,13.9168000674659,16.788721965748334,957.6348938224589,233.64528698559263,6503.18949136837,2.9456709627062594e-08,8.129393606574817e-08
FGA_PLAUR,0.024421215057373047,29.54826047933667,16.788721965696208,5231.64820570327,496.0775297575526,29316.456134444103,0.0,0.0
FGA_ITGB2,0.02573418617248535,7.325121307904586,16.788721965772957,322.64373856684705,122.97942500396924,1801.678413060858,0.00030082022669641884,0.0004476059999639485
SEMA4C_PLXNB2,0.03101062774658203,214.85009353424834,16.7887219659346,8898.9569143868,3607.058484701538,1549953.705643259,0.0007296517474355557,0.0010124942787448441
HAS2_CD44,0.025133371353149414,30.877168493834432,16.788721965812826,644.7352708703772,518.3881969345418,32012.71940392575,0.22094966999974752,0.2236662643030231
EFEMP2_AQP1,0.024603605270385742,66.53015111301453,16.78872196575611,12610.653739252146,1116.9562093761404,148622.53079282903,0.0,0.0
GNAI2_EDNRA,0.02761363983154297,11.365718241986102,16.788721965748977,311.9111552302438,190.8158835057459,4337.519136043902,0.04837150259020395,0.05205996139337855
GNAI2_ADORA1,0.02739572525024414,12.242870168488961,16.788721965695732,543.4731493313795,205.54214332087165,5032.851549660764,0.00026732210687563374,0.00039896411116786427
GNAI2_PTPRU,0.026730060577392578,31.134275933433052,16.788721965729994,2334.1439420395823,522.7047022507262,32548.064863154148,2.5014111892929236e-09,7.820867895637369e-09
AGTRAP_RACK1,0.028033018112182617,540.7929826909457,16.788721966030895,83358.34937792484,9079.223027578844,9819960.203201363,0.0,0.0
PKM_CD44,0.07247519493103027,26.341334463428833,16.78872196574902,1888.7287382503819,442.23734051330933,23298.243397356695,9.316316162966132e-09,2.7072118732383935e-08
MMP1_CD44,0.02383112907409668,18.914670640898333,16.78872196573574,3027.497712504775,317.5531464635067,12012.826352676359,0.0,0.0
FBN1_ITGB1,0.027329683303833008,21.51861691167115,16.78872196582831,1915.352183283103,361.27007641921796,15548.064752230624,7.682077196591308e-12,3.424971619445862e-11
PSEN1_NOTCH4,0.02680659294128418,9.16362998746797,16.788721965721788,218.57881269226237,153.8456360563504,2819.5689680141127,0.11652254788801342,0.12049247485265853
PSEN1_CD44,0.025575876235961914,22.115888941181222,16.788721965768126,589.5830511610659,371.2975104592976,16423.149010909798,0.059135735484357244,0.06295916665791483
CSF1_SIRPA,0.022735595703125,19.565894979426968,16.788721965799166,1055.3487862877587,328.48637082162514,12854.259667338041,8.862560483269277e-06,1.6336212234085907e-05
JAG2_NOTCH4,0.026320695877075195,12.30687565031673,16.788721965751137,524.0720508990725,206.61671356024033,5085.612402125977,0.0004941440996454327,0.0007075570586227356
EFNA5_EPHB6,0.023655176162719727,24.34346723322071,16.788721965741427,1201.409042130595,408.6957030606792,19898.14091163149,4.694982343156351e-05,7.756927349562666e-05
EFNA5_EPHA2,0.023899316787719727,29.561181226948253,16.788721965757496,1877.5308818233054,496.2944525986042,29342.100510392836,2.3524181591572102e-07,5.507557206747212e-07
FBLN1_ITGB1,0.024799823760986328,20.497938127208624,16.7887219658481,2048.755477172422,344.1341840908627,14108.08242590385,7.471800955727304e-14,4.3424349083873973e-13
COL7A1_ITGB1,0.023746013641357422,21.63910873027241,16.788721965834714,1671.533004830464,363.2929800610101,15722.67259296977,9.93447213382126e-10,3.3613898863751385e-09
HSP90AA1_FGFR3,0.027803421020507812,60.609659293826326,16.788721965799127,5005.128889226264,1017.5587183258632,123347.77445838632,1.1148026946017353e-10,4.3363191427815534e-10
FGG_ITGB1,0.03102397918701172,18.63367021059998,16.788721965791378,1847.7512212880872,312.83550836801237,11658.547386189866,1.0458300891968975e-13,6.00744260538683e-13
FGG_ITGB2,0.026936769485473633,13.002944575024358,16.788721965751286,746.4940253186803,218.30282120615794,5677.158969430247,2.428367009366106e-06,4.779335867039268e-06
CXCL14_CXCR4,0.027148008346557617,8.302992963769745,16.788721965707033,489.3389095503368,139.39664035195207,2314.8186480307995,1.3638584209774152e-06,2.854856186283234e-06
RTN4_GJB2,0.02763080596923828,11.238663060254122,16.78872196568429,1715.7746205480184,188.682789384613,4241.0845903251175,0.0,0.0
HMGB1_SDC1,0.024119138717651367,113.84047080573534,16.788721965812456,4398.43453147555,1911.2360128146804,435152.01503939927,0.0018137444187497076,0.002333306622037384
HMGB1_CXCR4,0.023206233978271484,8.434917224847615,16.788721965813345,492.44313667121185,141.6114800926165,2388.962225338752,1.682436666872178e-06,3.506851111539476e-06
FN1_ITGA6,0.030576467514038086,12.336234658520798,16.78872196575634,982.1583505002899,207.10961378623279,5109.905591405163,3.7735192748300506e-10,1.3410924617021906e-09
FN1_CD44,0.03401470184326172,19.591600784721965,16.788721965754416,1781.2836346322556,328.91793843875314,12888.057881651614,3.4425795547576854e-12,1.651101262184754e-11
FN1_ITGB1,0.02677607536315918,16.777911977232964,16.78872196575983,1099.8567227464896,281.679699351756,9451.994402994416,1.0623345003679674e-07,2.597986352385029e-07
COL18A1_ITGB1,0.02612471580505371,18.135930005323615,16.78872196578704,1367.6404810797405,304.4790864503529,11044.022799896957,2.093146544979163e-09,6.671060601417462e-09
ADAM15_ITGB1,0.024303436279296875,19.65355551547938,16.78872196582104,1595.751857732529,329.9580791892119,12969.698854252234,1.973622376638673e-10,7.386132227723518e-10
CALM1_PTPRA,0.0240325927734375,24.253637960052682,16.788721965750227,2210.068704213873,407.18758436929,19751.56050624233,3.1615821072250583e-12,1.5311976087933125e-11
LAMC3_ITGA6,0.025181293487548828,8.580870043107076,16.7887219658169,229.34831757695753,144.06184137853197,2472.3518780797767,0.058109650972354654,0.06213456186221472
LAMC3_ITGB1,0.026609420776367188,13.777690276022822,16.78872196575536,1069.5887639223886,231.3098113744384,6373.829877844546,8.488995062450044e-10,2.932561930664561e-09
COL6A1_ITGB1,0.02679920196533203,18.23014433717115,16.788721965846097,1075.114101407287,306.0608246740101,11159.066019521675,1.3436680010858737e-06,2.8245616703677517e-06
COL6A1_ITGA6,0.027257442474365234,12.675012988292295,16.788721965873776,669.7528262277949,212.79726897427827,5394.416296244212,1.3271799970682174e-05,2.392798972816421e-05
TGM2_ITGB1,0.02933502197265625,17.26669404393206,16.78872196584896,1233.9364238256703,289.88572557295555,10010.736262342949,1.0249844528686936e-08,2.926834218018119e-08
TGM2_SDC4,0.028217077255249023,88.73674412373799,16.788721965757006,11871.94536079181,1489.7765252399588,264395.8366435394,0.0,0.0
TGM2_ADGRG1,0.024081707000732422,16.294458479811322,16.788721965749954,591.928557412172,273.563133000009,8915.126224551497,0.0037688377121974925,0.004642907306298159
THBS2_ITGB1,0.027666807174682617,15.92607924532415,16.7887219657421,1162.9263506918355,267.3785164541229,8516.582883091138,5.490758625548153e-09,1.6438998551641137e-08
THBS2_NOTCH4,0.02689337730407715,11.520085006592163,16.788721965736244,700.5199240775286,193.4075041973226,4456.141778531974,6.674983707988247e-07,1.4589210623978392e-06
THBS2_ITGA6,0.026744604110717773,11.353341595873582,16.788721965735412,1146.1348809020626,190.60809543514037,4328.077636828041,4.8627768478581856e-14,2.8597759081451714e-13
PTGS2_ALOX5,0.024360179901123047,5.812577455064274,16.788721965679663,194.29316500710382,97.58574679705197,1134.44942353631,0.009111592085998765,0.010716967834484262
SEMA4A_PLXNB2,0.026727914810180664,129.35413354745882,16.788721965798604,12582.121044795225,2171.690583255068,561834.3074602695,2.3436808049837055e-13,1.272283865562583e-12
EFNA1_EPHB6,0.02467799186706543,19.26975745799489,16.788721965718867,795.6582878301263,323.51460030911375,12468.09576415356,0.0007615813109285163,0.00105089711619745
ADAM12_ITGB1,0.026198625564575195,19.466906838534662,16.78872196577939,2053.6964683397787,326.8244864458879,12724.523660388068,6.8833827526759706e-15,4.416092311457051e-14
ADAM12_SDC4,0.03066086769104004,214.68527034793146,16.788721965916576,26222.104948745335,3604.291314049055,1547576.510338645,0.0,0.0
S100A9_ITGB2,0.02340102195739746,13.650319626119344,16.788721965750444,789.5641102191307,229.17142094654423,6256.526290184541,2.0629229660062975e-06,4.092706607257474e-06
COL5A1_ITGB1,0.02492046356201172,20.964805725601956,16.788721965769188,2366.562044583191,351.9722943934972,14758.061545508093,3.3306690738754696e-16,2.455747048499227e-15
CEL_CXCR4,0.027469873428344727,9.39041737498436,16.788721965769238,363.7740029869206,157.653106451141,2960.8569400781066,0.0017551506093298475,0.0022697497408611118
SPTAN1_PTPRA,0.02450871467590332,27.67847734697855,16.78872196575198,1603.4397839530693,464.6862606137873,25723.616275701763,1.9949369054472754e-06,4.022444209350833e-06
PLAU_ITGB1,0.027293682098388672,18.83621338431311,16.78872196579388,1154.2169116955633,316.2359493975982,11913.375645288004,5.578259560934384e-07,1.2469050783265095e-06
PLAU_ITGB2,0.0260162353515625,13.283161088497977,16.788721965742045,658.5793589333342,223.007298340956,5924.483735547292,4.327586557961727e-05,7.173918656486889e-05
COL16A1_ITGB1,0.024329423904418945,20.037325811963722,16.788721965802033,1366.1181535271362,336.4010919952474,13481.156567618305,3.783850288652246e-08,1.0049580874162416e-07
HSPG2_SDC1,0.02809000015258789,155.7224271103566,16.788721965793226,24618.241871829196,2614.380532594278,814235.3638512954,0.0,0.0
HSPG2_ITGB1,0.025125980377197266,19.513040039079193,16.788721965837436,1658.471337352109,327.59900392435424,12784.904960676771,4.1035064235472873e-11,1.7034724144809748e-10
HSPG2_FGFR1,0.029657602310180664,32.33656802538543,16.788721965719848,3203.675545870108,542.8896499037825,35110.376188782684,1.0857981180834031e-13,6.165336440611508e-13
COL5A2_ITGB1,0.026567459106445312,12.411312064215842,16.788721965740454,723.9943093324185,208.37006747616002,5172.291864576668,1.7133351837284039e-06,3.5413706308026426e-06
COL5A2_DDR1,0.024618148803710938,29.355298674975323,16.788721965701843,1111.6137560065167,492.8379476742964,28934.81030468166,0.0023200091181742044,0.0029162455582138853
COL4A1_ITGB1,0.02491474151611328,18.045885211623386,16.788721965759855,2041.9369779425576,302.9673494439625,10934.628021871076,2.220446049250313e-16,1.661970224741901e-15
ACTR2_LDLR,0.026026010513305664,99.2837071799955,16.788721965757823,16793.3701850145,1666.8465555746584,330981.410675317,0.0,0.0
AGRN_ITGB1,0.023495197296142578,20.704288236238394,16.788721965812158,1689.137469176956,347.5985386982418,14393.560671407327,1.6809420522179153e-10,6.387579798428077e-10
ZG16B_CXCR4,0.024448156356811523,9.479432227361894,16.78872196578767,298.4690354297389,159.14755205870617,3017.256867782108,0.01604151036557888,0.01842908400138597
LAMB3_CD151,0.029090404510498047,152.40771356160522,16.788721965874586,15642.43404716368,2558.7307284404433,779940.5998828571,2.3647750424515834e-14,1.4602485887138526e-13
LAMB3_ITGB1,0.022851228713989258,21.52524769235588,16.7887219658461,1234.9770734241558,361.38139875293325,15557.648239133832,2.461691415378553e-06,4.825696663480179e-06
LAMB3_ITGA6,0.02412271499633789,13.995748776159239,16.78872196583024,1043.1206341189677,234.97073490654634,6577.182751003066,2.9869867690379692e-09,9.22232164940473e-09
AFDN_EPHB6,0.0243375301361084,17.3758161811254,16.788721965711506,892.1018464533993,291.71774679222546,10137.667890067587,2.292707276119188e-05,3.988018994376334e-05
SPP1_CD44,0.02453899383544922,17.802551346609704,16.788721965695927,767.1100116268016,298.882084838256,10641.72732382962,0.00041649385080133605,0.0006087217819404142
SPP1_ITGB1,0.026949405670166016,12.100795416918158,16.78872196572541,618.1476268014046,203.15688981876326,4916.7199224684755,2.5178476158904672e-05,4.3338561750867276e-05
LGALS9_CD44,0.023550987243652344,19.787953962179667,16.78872196571505,590.0594727972627,332.21445734140394,13147.688774884404,0.025617618198898295,0.028696379569740946
LGALS9_SLC1A5,0.02785468101501465,53.05874523338176,16.788721965713247,3072.6268525889395,890.7885215728594,94528.24244591028,2.010836154142659e-06,4.038020569701112e-06
MDK_ITGA6,0.02601933479309082,10.889114726077445,16.788721965791932,834.8212931943688,182.8143195897248,3981.372199164601,1.2579278729774046e-09,4.142775795005586e-09
LRPAP1_LDLR,0.031363725662231445,173.81388296666418,16.78872196594097,9589.964928809308,2918.1129549479283,1014417.0872696516,5.6071691074688346e-06,1.0777982642372001e-05
HSPA8_LDLR,0.027594327926635742,30.07271164289314,16.788721965674437,7498.154539817391,504.8823945264335,30366.365328333686,0.0,0.0
S100A10_CFTR,0.10784244537353516,34.263357949780634,16.78872196572056,1917.8615938507883,575.2379902308284,39419.17033118258,4.160791636453887e-06,8.060513993757725e-06
HSP90AA1_CFTR,0.02598261833190918,51.567110653821416,16.788721965758235,4632.227765660715,865.7458833444971,89288.0275290321,5.4464210919036304e-12,2.5624114470479938e-11
PLAU_ITGA3,0.02566385269165039,124.36271089275354,16.788721965830593,8198.355857554594,2087.890976095411,519311.56367148523,9.193859673573002e-08,2.2822948134397298e-07
LAMA4_ITGA3,0.02724170684814453,91.80402636650695,16.78872196574221,6449.821390765054,1541.2722740029521,282990.0009610663,1.6592263674120034e-08,4.683759002865884e-08
LGALS8_ITGA3,0.029965639114379883,119.71175432228578,16.7887219658443,6260.11099105434,2009.8073593603156,481195.12967772805,1.6213771836581792e-05,2.8915535333109768e-05
NID1_ITGA3,0.02200794219970703,114.25575151501589,16.78872196586544,2886.877120232437,1918.208045186611,438332.6035298916,0.0834762595869516,0.08792595359478483
LAMC3_ITGA3,0.02214980125427246,59.9120306391491,16.788721965722214,5378.3781720983425,1005.8464248025048,120524.6036420925,5.580313988673424e-12,2.6006368966081805e-11
THBS1_ITGA3,0.028533935546875,84.46137734531777,16.78872196581809,2695.250815076351,1417.9985811005872,239532.22646692378,0.014198015471775016,0.016387429072562753
CALR_ITGA3,0.024775028228759766,105.95092236697208,16.788721965810605,8481.63700085543,1778.7805776402784,376926.88577888574,3.154767558299909e-10,1.1459229219118788e-09
TIMP2_ITGA3,0.023500680923461914,37.52793466113332,16.788721965701455,7085.790867516151,630.046060972778,47288.65481938167,0.0,0.0
LAMB2_ITGA3,0.024846553802490234,120.34989205311825,16.78872196584705,8793.458372756786,2020.5208762995078,486338.9387074353,5.391195045945096e-09,1.62393314188834e-08
LAMA5_ITGA3,0.026521682739257812,69.61810537405916,16.78872196574865,8220.49970951812,1168.7990149072712,162739.1459618219,0.0,0.0
ADAM9_ITGA3,0.02813434600830078,99.64558067942858,16.788721965775036,7194.126391862719,1672.9219491451313,333398.5581078562,7.640589494428696e-09,2.2601504252980694e-08
LAMC1_ITGA3,0.029031038284301758,104.10294868860906,16.78872196578494,9174.714658936009,1747.7554613514333,363892.994226609,1.1094125618171802e-11,4.8074544345411135e-11
LAMB3_ITGA3,0.10088348388671875,104.37065905667325,16.78872196585212,8319.469781742595,1752.2499762952327,365766.96971594705,3.6293013039312427e-10,1.30866776944674e-09
COL18A1_ITGA3,0.08185791969299316,58.38902696326805,16.788721965771227,4263.1304593857785,980.2771395382267,114474.8566639456,5.507836409179845e-09,1.6438998551641137e-08
LAMB1_ITGA3,0.02577948570251465,95.95240857228902,16.788721965834462,5582.964372063161,1610.9183094723116,309142.98361413676,1.8124822314113942e-06,3.699860422798466e-06
LAMC2_ITGA3,0.029901981353759766,118.15315752060253,16.78872196583288,5616.780805492546,1983.6405109986522,468746.7795205445,8.943688548579409e-05,0.00014391472778495858
FN1_ITGA3,0.023630857467651367,36.744499538655674,16.788721965717883,5122.266028206547,616.8931865239391,45334.86281525742,0.0,0.0
APP_CD74,0.026084423065185547,272.1083997938749,16.78872196587918,71326.33367005023,4568.352268719663,2486174.0510720513,0.0,0.0
SLPI_CD4,0.025914669036865234,17.986226481731933,16.788721965783306,491.22630714050393,301.9657556154063,10862.448940452028,0.05005008937530764,0.053749443807395596
IL16_CD4,0.02509617805480957,14.015034187766844,16.788721965727955,1332.112499581975,235.29451231858945,6595.321268677916,6.020739462542224e-13,3.0662322623668644e-12
CALM1_SCTR,0.024077177047729492,48.816419597340904,16.788721965722274,7144.508544729715,819.5652959817925,80016.48675213214,0.0,0.0
CALM2_KCNQ1,0.02459263801574707,19.1904805920898,16.788721965714664,2613.177522184563,322.18364304903895,12365.717898042738,0.0,0.0
CALM1_KCNQ1,0.023201465606689453,13.674207760445785,16.78872196572195,694.8698488905409,229.5724721916417,6278.443361655342,2.7734098898890558e-05,4.702780779126227e-05
CALM3_KCNQ1,0.02680063247680664,15.215218706788377,16.78872196570183,2102.050120812805,255.44407651561536,7773.274983077345,0.0,0.0
LTB_TNFRSF1A,0.06555676460266113,179.55953222812425,16.788721965887937,8794.832526513324,3014.5750629028726,1082591.3763228161,5.362947261255968e-05,8.830986490201494e-05
LAMC3_ITGB4,0.026063919067382812,91.62390122235368,16.788721965727323,14407.636331324551,1538.24820303736,281880.6028211163,0.0,0.0
LAMB2_ITGB4,0.02778458595275879,190.83276193530384,16.788721965866582,37704.52106288733,3203.838182110224,1222794.578171754,0.0,0.0
LAMA5_ITGB4,0.02099776268005371,97.90065771429514,16.78872196573581,21170.3460535092,1643.6269226279699,321824.31352440227,0.0,0.0
LAMC1_ITGB4,0.022367238998413086,171.05738308924663,16.788721965802072,31738.01284801054,2871.8348448830548,982497.1064604158,0.0,0.0
LAMB3_ITGB4,0.029146194458007812,155.40645284985018,16.78872196586034,24758.224701330157,2609.075728596719,810934.408395709,0.0,0.0
LAMB1_ITGB4,0.023721694946289062,175.4395042776741,16.78872196588009,18738.21888409563,2945.4050591497016,1033480.8069483541,3.885780586188048e-15,2.5594341461025275e-14
LAMC2_ITGB4,0.031183958053588867,226.53358393734416,16.788721965889987,37412.423113064986,3803.209356660673,1723109.2920567666,0.0,0.0
HBEGF_CD82,0.02341175079345703,53.32155614158725,16.788721965744386,4289.330823902744,895.2007808419385,95466.99738731234,2.6878477221714547e-10,9.835531664834805e-10
LTB_LTBR,0.02292323112487793,103.07558967902021,16.7887219658594,3144.42952182876,1730.507416588077,356746.14481746784,0.021167435837881277,0.024149453357767553
CD55_ADGRE5,0.028885841369628906,47.15100499390677,16.788721965723862,2985.618318041709,791.6051132471581,74649.95329583777,2.535259099323284e-07,5.852420537690197e-07
AGRN_LRP1,0.02114725112915039,64.54852717695645,16.788721965816748,2666.569829347211,1083.6872760768883,139900.8351823419,0.0007563957267756605,0.0010466652353702415
GPC3_LRP1,0.02548980712890625,63.61969311950493,16.788721965862287,3100.335700834663,1068.0933393368502,135903.54094319532,5.857883346027659e-05,9.613934793812836e-05
PDGFB_LRP1,0.09629631042480469,53.671953175361125,16.78872196577398,2132.375258065555,901.0834992211778,96725.82275457922,0.0012730039703297003,0.0016996323279537078
A2M_LRP1,0.025640487670898438,59.7140883265444,16.78872196584171,2170.581282611052,1002.5232263580679,119729.52097631585,0.003742420828622528,0.004621889723348822
SERPINA1_LRP1,0.02785658836364746,51.698506178751344,16.788721965809746,4108.586928648953,867.9518462827535,89743.62777581514,4.0023095948527043e-10,1.4122435284694542e-09
HSPG2_LRP1,0.022266864776611328,55.12189837162652,16.788721965788675,2270.361000555502,925.4262259876971,102022.50075866343,0.0007879435893932696,0.001084245496268176
APOE_LRP1,0.024135828018188477,34.64348034150611,16.788721965713098,1832.3443824598314,581.6197593781936,40298.66540049994,1.3025682129907956e-05,2.3570281949357253e-05
HSP90B1_LRP1,0.023092985153198242,48.90436547949132,16.788721965782916,4112.74564128806,821.0417949482116,80305.05602816983,5.949307713137841e-11,2.4288909175951186e-10
MDK_LRP1,0.025303363800048828,55.358794360224486,16.78872196578927,2414.5286987691893,929.4034068751121,102901.30415778275,0.00034836905717883226,0.0005152524378633028
PLAU_LRP1,0.022361278533935547,65.62821262436428,16.78872196580693,1654.0170711957871,1101.8138148633122,144620.1426286228,0.08477683647821155,0.08910586642603512
LRPAP1_LRP1,0.02265000343322754,56.25423724853367,16.78872196579579,3937.694062627411,944.436748563545,106257.13783985481,1.8388588540751982e-08,5.161342465415613e-08
C3_LRP1,0.02298712730407715,62.61080367131164,16.78872196577754,2513.8885711001294,1051.1553748915346,131627.36561075572,0.0011092119673646872,0.0014849612788025892
THBS1_LRP1,0.025281906127929688,51.011155251794555,16.788721965812154,1837.349305627351,856.4121026772573,87373.14145837078,0.0041478578375905295,0.00507188557368743
HSP90AA1_LRP1,0.02603769302368164,61.767574098202,16.788721965843823,2135.3377610800712,1036.9986280393698,128105.77919431117,0.006464862294757734,0.007751558188374564
CALR_LRP1,0.019682884216308594,59.14565454117086,16.788721965808598,2175.3595004497893,992.9799495774824,117460.89812803808,0.0032716708975819575,0.00407104640656294
C1QB_LRP1,0.026017189025878906,60.45483189512959,16.788721965798807,1753.0755738744242,1014.9593641764365,122718.39548334815,0.03205060907414348,0.03542058363003776
VWF_LRP1,0.02734518051147461,53.0647879157028,16.788721965766662,1579.3135637036207,890.8899704891089,94549.77468046258,0.02602390662154319,0.02908554269466592
APP_LRP1,0.025998830795288086,60.05709050609542,16.788721965860447,4123.779646629683,1008.2817945853529,121108.9419861217,3.122400649147039e-08,8.569255114881318e-08
PSAP_LRP1,0.027263641357421875,57.158726716541395,16.78872196580013,2386.644530104657,959.6219707631652,109701.53995608128,0.000652512728188448,0.0009131481238671198
COL4A2_CD93,0.02582693099975586,40.207367450288324,16.78872196576132,1691.3853716951396,675.0303130980923,54282.383677636346,0.0005878871736583191,0.0008321382916538959
COL1A2_CD93,0.029808998107910156,19.308841067963204,16.78872196570733,2223.2685374418475,324.1707641700657,12518.723528479959,1.1102230246251565e-16,8.437694987151189e-16
COL4A1_CD93,0.03723621368408203,30.687984616092706,16.788721965734922,2532.4807928270393,515.212041408331,31621.638401529155,1.1409717615151749e-10,4.403437892097628e-10
C1QA_CD93,0.02645730972290039,27.262159517730854,16.788721965742326,2413.8560415030697,457.6968163288992,24955.60723503202,9.340417328473904e-12,4.083332885191247e-11
HLA-B_CANX,0.024854421615600586,23.39176526015548,16.788721965740663,1423.9377496166073,392.7178432406217,18372.72720511832,6.511037077272519e-07,1.4488523946723533e-06
GSTP1_TRAF2,0.025952577590942383,12.897318966633486,16.78872196570163,819.9388103512559,216.52950223377985,5585.300111990873,2.297426143771375e-07,5.430279976186887e-07
S100A9_CD68,0.05993080139160156,93.98490950202414,16.788721965827477,2242.4298213923744,1577.8865146129403,296595.04256072297,0.11634597268161562,0.12049247485265853
AFDN_NECTIN2,0.025701284408569336,138.75555266641524,16.78872196580019,13295.068625938238,2329.5283949273908,646469.9997805146,4.346523141407488e-13,2.2366483665159365e-12
LRPAP1_SORT1,0.025147438049316406,14.574900451248824,16.788721965769025,587.4170114542414,244.693951354778,7132.779964037223,0.0010551517256235377,0.0014202859740000751
PSAP_SORT1,0.026761531829833984,13.648925848970634,16.78872196575408,379.13014483295325,229.14802120956193,6255.248699855322,0.044341580209546594,0.048142287084650584
PSEN1_NOTCH2,0.02831244468688965,13.929669054197914,16.788721965747637,354.3859088223552,233.86134082580762,6515.222164548967,0.08001892109218633,0.08446441670841891
ADAM10_NOTCH2,0.0228729248046875,20.463686099845777,16.78872196580552,1030.2226104044375,343.5591363258299,14060.972645011812,3.2887339497245094e-05,5.5448278879314256e-05
APP_NOTCH2,0.023311138153076172,21.150079364739558,16.788721965829,1443.557845406488,355.08280200982966,15020.058887124,3.6741746201052194e-08,9.811039255848531e-08
JAG2_NOTCH2,0.025665998458862305,19.588830420082065,16.788721965765117,1244.6281583532473,328.87142755727973,12884.413248859713,2.3303881191427678e-07,5.48196062312632e-07
PDGFB_PDGFRA,0.027697324752807617,12.36130735203679,16.788721965722686,471.28257642590427,207.53055226618943,5130.6978830006055,0.0021367147861214297,0.002692696694755067
CD14_RIPK1,0.02714228630065918,12.478017180305182,16.78872196573253,243.86248611620832,209.48996112377748,5228.03866800792,0.28586724346294146,0.287029305428238
CALR_HLA-F,0.02723550796508789,43.07120243887467,16.788721965775434,1987.3165273001978,723.1104424778956,62290.472507259365,0.00014600148112420275,0.00022752281285601313
B2M_HLA-F,0.02399611473083496,38.37732223044538,16.78872196576273,2486.343963971115,644.3061927174325,49453.49274597669,1.4334899978152293e-07,3.437592519032637e-07
PLAU_ITGAV,0.023802518844604492,28.414361656313023,16.788721965794505,1327.6209700579018,477.04081768337153,27109.620636957206,0.00011908207689304007,0.00018794423637431883
SPP1_ITGAV,0.02685546875,17.17612301372375,16.78872196570713,775.8989407610499,288.3651537261917,9905.990706544857,0.000204224567370348,0.0003094691296961715
NID1_ITGAV,0.023223876953125,28.676681120300678,16.788721965788735,2541.9210670327275,481.4448262303111,27612.479517650405,8.963718656218589e-12,3.953640193010699e-11
PDGFB_ITGAV,0.022791624069213867,22.704864821081458,16.78872196575117,1067.8688774975667,381.18566275110123,17309.537888996198,0.00010685119113928998,0.0001702725432993847
CALR_ITGAV,0.02420973777770996,26.759812751176685,16.788721965811984,1115.9886222494818,449.26305613669564,24044.39051647871,0.000663666142769137,0.0009261329788925245
FGG_ITGAV,0.024590730667114258,27.248761016636895,16.788721965776887,2871.3856591470417,457.4718726202168,24931.083457723285,7.216449660063518e-15,4.5704181180402273e-14
FGA_ITGAV,0.02803826332092285,16.8895106967955,16.788721965744205,1270.7987818992424,283.55329922596235,9578.152960777094,2.241058005836294e-09,7.096683685148264e-09
MFGE8_ITGAV,0.027765750885009766,18.576293880697015,16.788721965708007,852.217901820215,311.87223311630527,11586.86051119547,0.00016003340151526935,0.00024705156358919704
FGB_ITGAV,0.02144026756286621,28.276780056655813,16.788721965784738,1789.1086161343478,474.7309984588412,26847.728058994526,2.5839185213705207e-07,5.909517359060358e-07
FBN1_ITGAV,0.025221586227416992,28.346504904611216,16.7887219658024,1698.0363962710676,475.9015895457718,26980.293484342987,9.437189483207931e-07,2.026944175958573e-06
AZGP1_ITGAV,0.022103548049926758,19.945608835126368,16.788721965744642,1080.1817875452898,334.8612811704365,13358.024256509587,8.176341303234302e-06,1.5127762561040245e-05
ADAM9_ITGAV,0.02350306510925293,23.687131960007964,16.788721965735775,1686.8631049235596,397.6766726422676,18839.639644588562,1.132281335358698e-08,3.214637814179292e-08
VEGFA_ITGAV,0.02609729766845703,19.936284619994588,16.788721965745605,2549.831942500164,334.7047395150594,13345.537901266745,0.0,0.0
ADAM15_ITGAV,0.0243072509765625,26.424135397395837,16.78872196579222,1736.6383955528013,443.62746237332726,23444.944263511854,9.947978740765251e-08,2.4449261183771313e-07
COL1A2_ITGAV,0.02646350860595703,15.684380884799857,16.788721965718324,2360.8867686119447,263.32070987933196,8260.044617206646,0.0,0.0
COL4A1_ITGAV,0.028389692306518555,22.83550411809196,16.7887219657519,2466.672173769357,383.37892958642846,17509.30225072115,2.3314683517128287e-15,1.5996463413140795e-14
FN1_ITGAV,0.02561187744140625,19.44029121613097,16.78872196576033,1815.1903781832311,326.3776441610356,12689.7528978506,1.2241319069516976e-12,6.1082945660014e-12
SAA1_SCARB1,0.06284475326538086,28.14759921678112,16.78872196574269,1113.1615555768306,472.5622172536949,26602.983792500905,0.001350973537335376,0.001784440982469721
PDGFB_PDGFRB,0.02460455894470215,39.59472271203159,16.788721965747747,1608.2602431932628,664.7447909231761,52640.77134174114,0.0009513683944707418,0.0012876054434754697
MFGE8_PDGFRB,0.025489091873168945,29.44021977661365,16.788721965712757,1751.7095103350107,494.2636644390447,29102.461817359792,1.10008904830039e-06,2.342430990777555e-06
CALM1_KCNN4,0.023791074752807617,40.1934797994528,16.78872196572806,5133.409596463805,674.7971571881204,54244.89181233779,0.0,0.0
PSEN1_NOTCH3,0.02429342269897461,62.81232641127919,16.788721965725582,7975.3709290664465,1054.5386841393681,132476.05608296566,0.0,0.0
THBS2_NOTCH3,0.025274038314819336,37.218596739218846,16.788721965690154,7310.5534492733295,624.8526726078874,46512.2792864322,0.0,0.0
SCGB3A1_NOTCH3,0.029488325119018555,76.20890103088209,16.788721965821008,8491.964348968984,1279.4500507282494,195010.96457981245,5.551115123125783e-16,3.9742766243828064e-15
JAG2_NOTCH3,0.028218984603881836,116.71158087001254,16.78872196585252,3485.563305093706,1959.4382814217524,457378.2788839065,0.025297298502521715,0.028401966955103927
APP_APLP2,0.024155855178833008,50.71408987773023,16.788721965833126,3264.5019089128646,851.424754707485,86358.46306871962,1.6858305851297217e-07,4.003847639683089e-07
HLA-A_APLP2,0.02835369110107422,42.577318207725554,16.7887219657971,2589.075387859779,714.8187574387749,60870.131392643416,6.674416196394972e-07,1.4589210623978392e-06
GPC3_CD81,0.024058818817138672,260.9643995221019,16.78872196590553,41910.051548246905,4381.25874657606,2286705.115902357,0.0,0.0
CD99_CD81,0.02536487579345703,327.43532229837444,16.78872196592624,98956.95356948968,5497.220587890856,3599968.3898826037,0.0,0.0
AFDN_NECTIN1,0.024991750717163086,15.495611179720195,16.788721965703292,614.8566674460556,260.15150778496593,8062.4132249075665,0.0012940853744396463,0.0017231217654263753
BMP2_GPC1,0.023629188537597656,60.883356255630446,16.78872196580661,1620.7294010515466,1022.1537405209319,124464.30066432228,0.05971556414068069,0.06343976061397044
APP_GPC1,0.028227567672729492,73.46108197446436,16.78872196587487,2160.593914875862,1233.3176805816242,181201.7024675259,0.028648328340898366,0.03180286337169391
COL18A1_GPC1,0.08835148811340332,51.051828435769636,16.788721965792746,2348.370012359843,857.0949534534884,87512.5290337429,0.00015332555490532584,0.00023743832013552028
VEGFA_GPC1,0.02349853515625,36.573423623021036,16.788721965748095,3746.2435502294147,614.0210405424236,44913.70325841247,2.5757174171303632e-14,1.5708696346449376e-13
NLGN2_NRXN2,0.023421287536621094,7.610080936836213,16.78872196571871,340.1547873972887,127.76353298515937,1944.5816535864121,0.0002405754775685054,0.0003601341997540657
AFDN_NRXN2,0.017678499221801758,9.145174687254071,16.788721965690954,626.2708968172874,153.5357951519833,2808.2233348226882,3.357387667879408e-08,9.01385602137189e-08
GPC3_IGF1R,0.023790359497070312,10.41773246529088,16.7887219658235,367.4083522493246,174.9004138741016,3644.131439618079,0.0052280268400738406,0.006345565746920091
INS_IGF1R,0.026218891143798828,8.637668066803268,16.788721965745534,667.110433386527,145.01540760595879,2505.1899109449,9.988108118363925e-10,3.3613898863751385e-09
GNAI2_IGF1R,0.025020599365234375,7.392544714875683,16.788721965724196,317.1090776370484,124.11137783723171,1834.9978205731327,0.0004447565157851274,0.0006443100258001552
S100A4_ERBB2,0.0922081470489502,38.9426753798997,16.788721965704728,2965.672203907021,653.7977495538307,50921.26704996758,1.5479755255398686e-09,4.998038624945719e-09
SEMA4D_ERBB2,0.02769947052001953,79.32283767997642,16.788721965787175,4082.5535615708086,1331.7290673463908,211273.05728564828,2.190201132890035e-05,3.823177949285079e-05
HLA-A_ERBB2,0.026274919509887695,61.29314250941624,16.78872196581646,2057.0946366754342,1029.033528001755,126145.39735755789,0.008752546016521423,0.01034391801952532
HSP90B1_ERBB2,0.07302546501159668,63.97661992097792,16.788721965813945,3258.2803237475496,1074.085684165852,137432.74315688448,2.6622045916857573e-05,4.550619613469772e-05
HSP90AA1_ERBB2,0.029324054718017578,83.29663400157514,16.788721965849472,1444.297613204359,1398.4440289435688,232971.36090120123,0.4172107366568234,0.4172107366568234
PSEN1_NOTCH1,0.028862714767456055,9.632308917696498,16.788721965718146,515.2936213614323,161.71415630711397,3115.3614198295586,1.0430006847084172e-05,1.915399026936647e-05
MFAP2_NOTCH1,0.03440237045288086,9.984786084998921,16.78872196580265,395.9658186409647,167.63179746906206,3347.535277544897,0.0013036051975348073,0.0017311316332854698
JAG2_NOTCH1,0.025201797485351562,11.139908466398166,16.788721965770744,367.03396480497804,187.0248259664944,4166.87888442159,0.010496522451914125,0.012258350097507276
PLAU_ST14,0.030152082443237305,164.0709362780395,16.788721965866873,6325.448381525835,2754.541331851466,903880.3506668559,0.0018632072249069598,0.0023907126470234757
SPINT1_ST14,0.025998830795288086,65.20452437460143,16.788721965744806,3667.356682085035,1094.7006306338137,142758.86790610815,3.7615734639340204e-06,7.344732376218997e-06
GNAI2_ADRA2A,0.02230072021484375,8.412146822385633,16.788721965751837,179.73364903623778,141.22919413611518,2376.08143336041,0.20025151889670045,0.20354784019541156
AGT_ADRA2A,0.02967667579650879,9.819896414622084,16.788721965679542,1099.2064422157946,164.86351063686357,3237.8851940098925,4.440892098500626e-16,3.2261774950872196e-15
SAA1_ADRA2A,0.02852797508239746,11.153019982174548,16.78872196576772,361.8483601165605,187.24495155938016,4176.693372606144,0.012165092716722059,0.014144199941532662
CXCL2_ADRA2A,0.025736570358276367,9.205990342453319,16.788721965737675,273.9732785684821,154.55681227871492,2845.69704239644,0.026035806224800284,0.02908554269466592
APP_ADRA2A,0.02689671516418457,13.846557840752554,16.788721965765667,1189.5292567408042,232.46600977128722,6437.708100614154,2.8050894940179205e-11,1.2039864371183246e-10
CXCL1_ADRA2A,0.0290677547454834,9.263732511682841,16.788721965746852,251.13794556977524,155.52622950369297,2881.5067773456153,0.05271353980003557,0.05648696021956089
PPY_ADRA2A,0.024207115173339844,13.490628309732347,16.788721965771174,969.071040034137,226.49040783565792,6110.995815661104,8.841008591886634e-09,2.5842948191668622e-08
CXCL16_ADRA2A,0.0240328311920166,14.956208729726292,16.788721965773874,942.3195403690643,251.09563002545477,7510.87730756566,2.864367250055011e-07,6.520725444825694e-07
ANXA1_ADRA2A,0.028467655181884766,12.221882626545636,16.788721965744976,495.79716657775066,205.18978931504364,5015.611042348182,0.0009677123657219067,0.0013061472914388575
COL6A1_ITGA1,0.02654743194580078,18.446380113500464,16.788721965775757,536.0343028507154,309.69114700057435,11425.361230717088,0.03152687196505999,0.034919898544259274
COL5A1_ITGA1,0.028947114944458008,22.596825828997016,16.788721965758224,1132.7171907124848,379.37182615169496,17145.198159956773,3.55557601533496e-05,5.954083225679561e-05
COL6A2_ITGA1,0.030512571334838867,12.64545235693999,16.788721965670483,453.64276264843795,212.30098375079797,5369.283950704413,0.0043377867736469344,0.00529102880538663
COL6A3_ITGA1,0.026137828826904297,19.77604271465088,16.788721965770677,402.11370565695773,332.01448271947845,13131.865184286245,0.2461114458326229,0.248120518859828
COL5A2_ITGA1,0.02751612663269043,14.799267547836612,16.788721965687085,414.5389284166073,248.46078815644458,7354.075358147155,0.04170643929218365,0.04548119428330844
COL1A2_ITGA1,0.02900242805480957,10.81811849906005,16.788721965712178,680.9875465631917,181.62238367284672,3929.62493730921,2.927626299165098e-07,6.63416234764935e-07
COL4A1_ITGA1,0.024421215057373047,17.860470434471452,16.788721965771487,625.5573517957533,299.85447230222303,10711.083874395787,0.0056311098577011,0.006801389412480057
FBN1_ITGB6,0.026107072830200195,24.024126774113398,16.788721965794032,641.9287925551945,403.3343848815781,19379.512789508157,0.05822313880117125,0.06213456186221472
FN1_ITGB6,0.02560734748840332,18.202404596530535,16.78872196575679,1095.1538166660725,305.5951098793645,11125.131665490795,8.53739583805968e-07,1.849769098246264e-06
CSF1_CSF1R,0.027945280075073242,19.1146804938539,16.788721965755553,675.7249413251437,320.91105627556414,12268.224615305155,0.005095889083401972,0.006200416766503877
GNAS_PTGIR,0.029901981353759766,16.886985816247098,16.788721965729852,688.8892213394626,283.5109097081961,9575.289421987238,0.0008976841417879244,0.0012250164807824163
FGF19_FGFR4,0.023663997650146484,21.377673049063834,16.788721965724694,821.8035642022508,358.9038090948988,15345.05657378874,0.0019307988887449223,0.0024519656839074333
PLAU_ITGA5,0.027035236358642578,74.79109723056793,16.78872196579116,4612.515050807672,1255.6469369204583,187822.4242929656,4.791563055217551e-07,1.0808365978435938e-06
SPP1_ITGA5,0.023395299911499023,43.09928133403434,16.788721965685003,4400.163401580814,723.5818512379399,62371.71554941071,2.9753977059954195e-14,1.7858072744147426e-13
FGG_ITGA5,0.028222084045410156,57.8307841326541,16.788721965804207,2663.01621717161,970.9049558675713,112296.38983220315,0.00015074812752857714,0.0002341810534563431
FGA_ITGA5,0.031942129135131836,26.80340298969686,16.788721965701416,4225.341510245275,449.99488052867065,24122.788252220904,0.0,0.0
FGB_ITGA5,0.09103679656982422,71.71701832292592,16.788721965798846,2801.2646392253064,1204.0370808397047,172699.89877612668,0.0015823578934796023,0.0020570652615234833
FBN1_ITGA5,0.023594141006469727,62.841473251649816,16.78872196580533,3987.457318579499,1055.0280223435414,132599.03049168532,2.4085091165915173e-07,5.612280677340611e-07
COL18A1_ITGA5,0.025597095489501953,48.40876105602104,16.78872196577745,4024.7392186619945,812.7212300772925,78685.6556639343,8.84144979451662e-11,3.4941409587929685e-10
ADAM15_ITGA5,0.025723934173583984,63.013546861122826,16.788721965793798,2931.6032913657973,1057.9169183299095,133326.1946167128,0.0001277247201220133,0.00020094271254864516
FN1_ITGA5,0.028689146041870117,32.20095661499678,16.788721965731362,4573.257913987023,540.612907639759,34816.505568830275,0.0,0.0
WNT7B_LRP5,0.026206254959106445,22.894715579870493,16.788721965746255,1061.9154361477244,384.3730143552848,17600.221680483446,0.00013416738337446166,0.0002097426816043799
DKK1_LRP5,0.026389122009277344,23.474062347419128,16.788721965738294,2006.4959799880467,394.0995061572257,18502.232757243608,3.355626887469043e-11,1.4048132901777182e-10
PSEN1_NCSTN,0.027650117874145508,17.200718418334265,16.788721965751634,640.3359453755754,288.77807913659717,9934.380849232113,0.0028420342295666368,0.0035543415427997938
FN1_IL17RC,0.023675918579101562,24.061218505306716,16.788721965739825,2545.735464720572,403.9571076425084,19439.4004675162,5.995204332975845e-15,3.8968828164342995e-14
PLAU_ITGB5,0.024038076400756836,37.42435922369732,16.788721965746852,1584.3717506422624,628.3071617528881,47027.98584852357,0.0005372034685078297,0.0007669899232452829
SPP1_ITGB5,0.026900053024291992,23.916769095011464,16.78872196568023,1381.9761245128066,401.5319866535211,19206.695618106976,2.109729045907116e-06,4.168824594712461e-06
TLN1_ITGB5,0.024320363998413086,35.81840100134524,16.788721965757656,1895.9199676518606,601.3451756696007,43078.445284716305,1.2836061415999467e-05,2.3312552718763736e-05
COL4A2_ITGB5,0.024116992950439453,38.179478132653955,16.788721965760846,2084.115154067673,640.9846431669733,48944.918334320915,6.970966274333357e-06,1.303743034300528e-05
ADAM9_ITGB5,0.02347564697265625,33.21695129245897,16.788721965725514,681.5250423208583,557.6701597981405,37048.20507054529,0.23743423443943912,0.23986198734781786
COL18A1_ITGB5,0.025795459747314453,28.281906147020045,16.78872196573625,2378.334557419372,474.81705896336655,26857.46299721203,5.958844528919371e-11,2.4288909175951186e-10
LTBP3_ITGB5,0.024570465087890625,27.229548191145913,16.78872196571436,818.4568162228633,457.14931383316906,24895.938543139127,0.02398330305439944,0.027111559974538495
LTBP1_ITGB5,0.02409982681274414,36.16187214588593,16.78872196573796,1094.0281937546263,607.1116172178428,43908.585360227335,0.022712817285701514,0.025793406296865624
MST1_MST1R,0.026180505752563477,29.637968430442065,16.788721965743633,1511.710206272954,497.58361160817907,29494.734744697114,2.5893811510302456e-05,4.441507946558824e-05
LAMC3_ITGA2,0.027189970016479492,17.012232028734765,16.788721965771654,770.9329293974981,285.61363354762335,9717.850808964384,0.00019435516196142366,0.00029541984618136396
COL6A1_ITGA2,0.024881362915039062,22.675998706237447,16.788721965827932,886.1459339569399,380.70103757649446,17265.552471095685,0.0015728598307082065,0.0020555363925128414
COL6A2_ITGA2,0.029339075088500977,16.245909442138124,16.788721965690414,945.5549114191275,272.74805670384166,8862.080459459532,1.8002388960658422e-06,3.6901162433880747e-06
MMP1_ITGA2,0.027162790298461914,16.580932412622122,16.788721965757208,1548.1644449855953,278.37266420852467,9231.3566615262,1.2254641745812478e-12,6.1082945660014e-12
HSPG2_ITGA2,0.02397322654724121,22.989553392563113,16.788721965805564,830.1864148064791,385.96522002578416,17746.33606691027,0.004030050168309818,0.004940061496637841
LAMB3_ITGA2,0.09040594100952148,26.678375710837543,16.78872196582391,1717.7827092964371,447.8958323090413,23898.266587317783,1.674141113516825e-07,3.99529328539764e-07
COL1A2_ITGA2,0.02802729606628418,12.608020553446655,16.788721965744845,1248.721120870855,211.67255161021234,5337.54376260411,1.1002310174035301e-13,6.176296847697089e-13
COL4A1_ITGA2,0.02517247200012207,22.696000858349013,16.788721965802715,1352.5863734925083,381.0368481464414,17296.025265188473,1.060902786176321e-06,2.2687704604809637e-06
FN1_ITGA2,0.025770902633666992,18.721946512021347,16.78872196575679,1608.4004075453288,314.31755464809646,11769.272891822016,2.8028024345871927e-11,1.2039864371183246e-10
COL7A1_ITGA2,0.023106813430786133,27.15687875463456,16.7887219658165,1130.0312464854587,455.92928687094866,24763.2327284827,0.0006844966755694681,0.000952510866848781
COL3A1_ITGA2,0.02558755874633789,20.66264225428453,16.7887219657573,1541.8209767172561,346.89935588509167,14335.714577790764,2.883235428186026e-09,8.957976739144007e-09
GAS6_AXL,0.0264279842376709,63.49493804316041,16.788721965771366,1344.7632270679421,1065.998861040499,135371.06327169208,0.20804457076869975,0.2110349444758474
LRPAP1_LRP8,0.027920961380004883,13.582026499211246,16.788721965724974,1105.1694912640414,228.02486662636653,6194.07956199684,1.835751550771647e-10,6.922605084589265e-10
INS_INSR,0.025603771209716797,25.035491788980494,16.788721965729057,4773.313830936101,420.31391092048625,21045.530931288224,0.0,0.0
ARF1_INSR,0.025151491165161133,44.863972566684275,16.78872196578386,1354.6978325172568,753.2087617026168,67583.87444402487,0.023082030314798274,0.026152575631904467
HRAS_INSR,0.025124073028564453,47.72286360228554,16.788721965773505,2675.935348967715,801.2058884293043,76471.6786617194,4.010758525740954e-06,7.800451620929257e-06
CALM1_INSR,0.02832818031311035,33.184534364840324,16.788721965736798,2713.557767968953,557.1259210137423,36975.928542847694,1.555775508421675e-10,5.95777597798688e-10
FN1_ROBO4,0.02685832977294922,9.908179050015743,16.788721965757958,466.7314611570094,166.34566325766215,3296.3652315010836,0.00010414332875019472,0.00016649451262976115
CD6_ALCAM,0.026881694793701172,12.258994984415889,16.788721965801052,366.4682203738183,205.81285837350796,5046.1175970582635,0.025095213546035056,0.0283037339994094
S100A9_ALCAM,0.0252683162689209,11.914346420614239,16.788721965775864,313.4697117510224,200.0266494596293,4766.373590033587,0.06456040932704599,0.06843957555270541
PLAU_MRC2,0.02028632164001465,42.20215014441084,16.788721965759876,1890.6560669953096,708.5201651317666,59802.14877846715,0.00023227148413351717,0.00034876022237677047
LGALS9_MRC2,0.023072004318237305,27.101380957733955,16.788721965692098,1783.7089583327734,454.9975497856975,24662.12386315542,9.586603899602864e-08,2.3678911632019075e-07
CALM1_AQP1,0.02517104148864746,72.11767513365133,16.788721965753837,9653.825473972116,1210.7635966354314,174634.91145161062,0.0,0.0
C1QA_CSPG4,0.0238497257232666,14.966063512195126,16.788721965777764,910.6891009950272,251.26107922841544,7520.778539750314,6.569156058011671e-07,1.4488523946723533e-06
C4B_CD46,0.02252960205078125,8.675958845060713,16.788721965787413,211.59864698165546,145.65826083633837,2527.4501529183804,0.10289019128636234,0.10723154956848732
SEMA4A_PLXND1,0.02862071990966797,61.12805644332429,16.788721965766022,4107.920739188791,1026.2619439346238,125466.79606894279,5.562932026137446e-08,1.4312960525582802e-07
SEMA4D_MET,0.02503347396850586,8.889123257805466,16.788721965752032,471.77463450348137,149.23701889459588,2653.1725111630117,1.2185282656118623e-05,2.2294554193046668e-05
AFDN_EPHB3,0.02504563331604004,11.065569698552103,16.78872196576911,345.9237412452543,185.77677306183077,4111.45166137557,0.017103377894781557,0.019558029351902987
FAM3C_LAMP1,0.029460430145263672,193.82151958620472,16.78872196575667,27520.55301933634,3254.0156033132516,1261396.4979827902,0.0,0.0
PLAU_PLAUR,0.02828192710876465,95.58879194000471,16.788721965810367,4300.772403063667,1604.813650928434,306804.39636215486,0.00021736780851255855,0.0003273771262353778
FN1_PLAUR,0.024128198623657227,39.17559446125388,16.788721965732897,5710.7332118554195,657.708163252297,51532.2165548563,0.0,0.0
LAMB3_COL17A1,0.024446964263916016,15.420374260609075,16.788721965763916,1372.8204499537817,258.888376069388,7984.311301422546,7.626455023057588e-12,3.424971619445862e-11
MDK_SDC3,0.023476839065551758,33.0294827454438,16.788721965736304,820.9191029966864,554.5228024853407,36631.2026732894,0.09217572051139322,0.09667687034528291
COL5A1_SDC3,0.025083303451538086,42.55279519810638,16.78872196576177,2554.1283687898663,714.4070474470105,60800.03355619301,9.015720844329778e-07,1.944876024934022e-06
PLAU_IGF2R,0.026925325393676758,10.80812134029276,16.788721965729888,521.7023179874892,181.454544154047,3922.3654619289005,6.905217567210187e-05,0.00011295289662919973
EFNA1_EPHA2,0.024046897888183594,25.420376129295622,16.788721965760075,1304.7377698375265,426.77562709978855,21697.59392738527,2.3053254458949013e-05,3.995897439551162e-05
SEMA4D_PLXNB1,0.02649068832397461,125.31930132872554,16.788721965809028,15121.454744524483,2103.950906957415,527331.3153796834,0.0,0.0
SEMA4A_PLXNB1,0.025339603424072266,101.62639367968518,16.788721965789215,11312.216155683825,1706.1772678740729,346785.2854246004,5.551115123125783e-16,3.9742766243828064e-15
S100A10_TRPV6,0.02391958236694336,26.660732136835133,16.78872196571839,2046.513864903292,447.5996192478182,23866.667106630954,1.209940370117124e-09,4.0114801532742236e-09
B2M_TFRC,0.025527000427246094,17.99293116434595,16.78872196575605,599.0168174356944,302.07831866719147,10870.548788040272,0.009482485267770846,0.01110035005279336
SEMA3B_NRP2,0.023303985595703125,9.985427631591156,16.78872196578294,283.1286472328734,167.64256821623033,3347.965465794503,0.03808555378740519,0.04166857105176617
VEGFA_NRP2,0.03373980522155762,10.214763027718408,16.788721965738496,560.8437534138557,171.4928164182695,3503.51696133728,6.195559491328773e-06,1.1726461259449861e-05
PGF_NRP2,0.026077747344970703,10.83673247361034,16.78872196576455,368.15587441174955,181.93488851681593,3943.159428945712,0.007740439502740726,0.009191771909504612
LGALS9_CD47,0.027624845504760742,10.94114153682677,16.78872196569439,259.3862023438957,183.68778324909485,4019.5080702286086,0.12046825710757014,0.12424074950133539
THBS2_CD47,0.028126955032348633,11.971694276537738,16.78872196574221,620.2190009095723,200.98944666765937,4812.368416631409,1.9358045911688215e-05,3.427553648879562e-05
COL4A1_CD47,0.02839803695678711,15.42423625358955,16.788721965744354,1490.1062182215273,258.9532139954693,7988.311102584901,3.105293799876563e-13,1.6147527759358126e-12
GNAS_ADORA1,0.02350306510925293,16.24508905864691,16.788721965750835,367.3414473490352,272.734283514484,8861.185450078097,0.15381306959224472,0.157316058754801
AFDN_NECTIN4,0.027027130126953125,15.35599054298309,16.788721965753854,355.63288884886913,257.80745573488866,7917.777704350964,0.13633856897206065,0.14002339516049472
AFDN_F11R,0.024595975875854492,20.804913441600903,16.788721965713854,1141.3031190639003,349.2879072917805,14533.80935480683,6.306553575252671e-06,1.1890982695323738e-05
CD59_CD2,0.023981571197509766,10.170172735506927,16.78872196573526,588.8502258902723,170.744202399927,3472.996063987228,2.018578641793667e-06,4.038020569701112e-06
MDK_TSPAN1,0.02379322052001953,46.48854527499682,16.78872196573339,4494.673156792894,780.4832612133303,72567.06285058614,3.007594173709549e-13,1.5805867253324652e-12
MDK_SDC4,0.028055667877197266,159.73407620188127,16.788721965798967,14414.637547269536,2681.7309938171297,856727.6458386644,4.580447132696008e-12,2.175712388030604e-11
BMP2_ENG,0.027974605560302734,64.57272682864004,16.78872196579721,4889.245261635484,1084.093557299412,140005.7542643671,1.8488540698413658e-09,5.930739678582044e-09
ALOX5AP_ALOX5,0.02561807632446289,12.360104455163329,16.788721965737523,447.76524213557445,207.5103571652108,5129.699380180511,0.0038883675054962596,0.004778242656007842
HLA-C_NOTCH4,0.02594900131225586,9.683443082574133,16.78872196577032,238.96367659865135,162.57263358469902,3148.525688203226,0.0961271301935076,0.10060763202456094
SPTBN2_PTPRA,0.027619123458862305,29.957937163106504,16.788721965758008,2483.7012483693143,502.95547769904425,30135.017193496366,9.741174533672847e-11,3.8191589044717353e-10
MDK_SDC1,0.029766321182250977,131.59804432316605,16.78872196576376,13436.80738068488,2209.362977379891,581495.6940464021,2.964295475749168e-14,1.7858072744147426e-13
LAMB2_ITGB1,0.027535676956176758,21.03252398935888,16.788721965819356,1630.1963689819595,353.10919749677197,14853.555334428238,8.92743434732779e-10,3.041484529365468e-09
MDK_ITGB1,0.02756810188293457,16.227338835517077,16.788721965777068,824.9155875087386,272.4362799539528,8841.831651801162,2.7545894215386113e-05,4.692300600827841e-05
ADAM9_ITGB1,0.024523258209228516,17.86822849149026,16.788721965770982,1416.170572340817,299.98472016449745,10720.391047710013,4.3719550202325763e-10,1.5209477323907693e-09
VEGFA_ITGB1,0.027422189712524414,16.708635092138216,16.78872196576337,2117.1631660595003,280.5166289893055,9374.099982118052,0.0,0.0
SPON2_ITGB2,0.0263364315032959,4.209511233424345,16.788721965668405,140.96326566733154,70.67231370931918,594.9917969029368,0.008949263927681583,0.010551160812111462
ICAM2_ITGB2,0.025670528411865234,10.609442202419084,16.788721965696958,706.0381822746239,178.11897534754556,3779.485948207788,7.194165929647056e-08,1.7949080652755786e-07
VEGFA_SIRPA,0.029273271560668945,14.058606099198679,16.788721965734776,1556.86261953257,236.02602902522972,6636.3939424474775,6.661338147750939e-16,4.634790204209808e-15
ADAM9_ITGA6,0.024356842041015625,11.375837521319974,16.788721965820862,324.27227391507574,190.9857732737938,4345.246251292666,0.036583295645791436,0.0402497729376859
VIM_CD44,0.028745174407958984,19.328099414017395,16.788721965715858,810.1116898463944,324.49408718765363,12543.707952847595,0.0006187519902947081,0.0008708361344888484
SEMA4D_PLXNB2,0.02898120880126953,189.4249953713675,16.788721965859807,15052.942064919755,3180.203580674169,1204820.0970984215,4.0114345178920985e-10,1.4122435284694542e-09
CXCL17_GPR35,0.026524066925048828,10.203126484996135,16.788721965708884,449.1323564181608,171.2974537375607,3495.539174084211,0.00030362012842233277,0.0004504154457676649
