,cluster,pvals_adj,logfoldchanges,names,sample
1,1,4.101635190523883e-76,7.087126,COL1A1_ITGA5,A1
3,1,2.386923366815193e-73,6.722895,FN1_ITGA5,A1
8,1,3.304473989565144e-60,5.558248,APOE_TREM2,A1
21,1,7.076680230871379e-54,6.682571,ADAM15_ITGA5,A1
145,1,6.209692470949873e-12,5.132883,COL1A1_ITGAV,A1
621,2,5.1661055911168025e-68,8.711043,CDH1_ITGAE,A1
623,2,5.754590474185745e-67,5.963715,LRIG1_MET,A1
624,2,6.918746107789437e-67,7.0674276,GRN_TNFRSF1A,A1
625,2,2.050592286636604e-66,5.254285,ADAM10_MET,A1
627,2,1.0063439577864763e-64,5.67267,TGFB3_ITGB5,A1
629,2,1.4221102473793537e-63,5.0834002,TIMP3_MET,A1
630,2,1.4249916314272545e-63,13.646853,AGTRAP_RACK1,A1
631,2,1.680812196944329e-63,7.2206354,ITGB3BP_ITGB5,A1
632,2,9.137074427512724e-63,32.87347,HSP90B1_ERBB2,A1
635,2,2.6858759520225465e-62,8.431541,FN1_ITGA6,A1
637,2,4.381899754628776e-62,5.558094,ADAM9_ITGB5,A1
641,2,4.92620913949421e-61,12.153657,SEMA4D_ERBB2,A1
645,2,1.659550134005213e-58,5.613616,ADAM10_NOTCH2,A1
648,2,9.496449564206127e-58,9.636284,EGF_ERBB2,A1
673,2,1.7167057975852748e-48,5.3528056,GNAS_ADORA1,A1
698,2,2.7617657811466096e-40,5.6738434,HLA-B_CANX,A1
747,2,5.1689937475700526e-23,6.973064,HLA-A_ERBB2,A1
1242,3,1.3910799946576455e-37,20.352903,APP_NGFR,A1
1243,3,1.3910799946576455e-37,5.3163486,FGF6_FGFR3,A1
1244,3,1.3910799946576455e-37,15.481451,CALM3_ESR1,A1
1245,3,1.3910799946576455e-37,14.6311245,LAMB3_ITGB4,A1
1246,3,1.3910799946576455e-37,8.283276,WNT7B_LRP5,A1
1247,3,1.3910799946576455e-37,16.572031,APP_GPC1,A1
1248,3,1.3910799946576455e-37,6.3397675,COL7A1_ITGA2,A1
1250,3,1.3910799946576455e-37,20.305132,COL18A1_GPC1,A1
1251,3,1.3910799946576455e-37,5.1983624,FGF13_FGFR3,A1
1252,3,1.3910799946576455e-37,21.328724,LAMA5_ITGB4,A1
1253,3,1.3910799946576455e-37,8.687111,COL7A1_ITGB1,A1
1255,3,1.3910799946576455e-37,5.428169,LAMC2_ITGB1,A1
1256,3,1.3910799946576455e-37,6.33687,EFNB1_EPHB6,A1
1258,3,1.3910799946576455e-37,12.880347,TNC_ITGB6,A1
1259,3,1.3910799946576455e-37,27.721197,FN1_TMPRSS6,A1
1260,3,1.3910799946576455e-37,13.243834,LAMC2_ITGB4,A1
1261,3,1.3910799946576455e-37,6.9287806,TNC_ITGB1,A1
1262,3,1.3910799946576455e-37,17.378052,HSP90AA1_FGFR3,A1
1263,3,1.3910799946576455e-37,8.977793,VEGFB_RET,A1
1264,3,1.3910799946576455e-37,11.639528,RTN4_NGFR,A1
1265,3,1.3910799946576455e-37,9.35856,WNT7B_FZD1,A1
1266,3,1.3910799946576455e-37,11.345825,VEGFA_RET,A1
1267,3,1.3910799946576455e-37,11.202414,FGF6_SDC4,A1
1268,3,1.3910799946576455e-37,9.828445,GNAI2_IGF1R,A1
1269,3,1.3910799946576455e-37,9.661053,LAMB3_ITGA3,A1
1270,3,1.3910799946576455e-37,12.117425,TGFB1_ITGB6,A1
1272,3,1.3910799946576455e-37,8.199206,EFNA3_EPHB6,A1
1273,3,1.3910799946576455e-37,24.341776,COL1A1_TMPRSS6,A1
1274,3,1.3910799946576455e-37,10.0351305,MFAP2_NOTCH1,A1
1275,3,1.3910799946576455e-37,6.294658,FGF6_FGFR4,A1
1277,3,1.3910799946576455e-37,12.263398,THBS1_ITGA3,A1
1278,3,1.3910799946576455e-37,33.5759,CALR_ITGA3,A1
1279,3,1.3910799946576455e-37,16.733923,LAMB2_ITGB4,A1
1280,3,1.3910799946576455e-37,39.3459,AREG_ERBB3,A1
1281,3,1.3910799946576455e-37,19.712662,PTN_SDC1,A1
1283,3,1.3910799946576455e-37,8.93948,LAMC2_ITGA3,A1
1284,3,1.3910799946576455e-37,24.514168,COL18A1_ITGA3,A1
1286,3,1.3910799946576455e-37,6.384741,LAMB1_ITGB4,A1
1287,3,1.3910799946576455e-37,23.189249,FN1_ITGB6,A1
1288,3,1.3910799946576455e-37,5.450872,NTN1_NEO1,A1
1289,3,1.3910799946576455e-37,8.679676,TIMP2_ITGA3,A1
1290,3,1.3910799946576455e-37,8.151687,WNT7B_FZD4,A1
1291,3,1.3910799946576455e-37,6.258304,WNT3A_FZD2,A1
1292,3,1.3910799946576455e-37,10.463397,MDK_ITGB1,A1
1293,3,1.3910799946576455e-37,7.2904506,COL16A1_ITGB1,A1
1295,3,1.3910799946576455e-37,5.020018,LAMC2_ITGA2,A1
1297,3,1.3910799946576455e-37,12.701119,TIMP1_FGFR2,A1
1298,3,1.3910799946576455e-37,12.008883,LAMA5_ITGA3,A1
1299,3,1.3910799946576455e-37,12.802666,LGALS1_ITGB1,A1
1301,3,1.3910799946576455e-37,7.197704,TGFB3_ITGB6,A1
1302,3,1.3910799946576455e-37,12.853726,COL18A1_ITGB1,A1
1303,3,1.3910799946576455e-37,9.026868,CD14_ITGB1,A1
1304,3,1.40589265278007e-37,6.3539257,LAMA2_ITGB4,A1
1305,3,1.42548257671765e-37,7.9229064,MIF_CXCR4,A1
1306,3,1.42548257671765e-37,9.125145,LAMB2_ITGA3,A1
1307,3,1.42548257671765e-37,6.5040684,PLAU_ITGA3,A1
1308,3,1.42548257671765e-37,21.840666,FN1_ITGA3,A1
1310,3,1.4391881843403501e-37,6.4185004,THBS1_ITGB1,A1
1311,3,1.4391881843403501e-37,5.816765,GPC3_IGF1R,A1
1312,3,1.4625007277290674e-37,5.990896,TGFB1_ITGB1,A1
1314,3,1.4625007277290674e-37,8.997969,COL6A2_ITGB1,A1
1316,3,1.5333903926968717e-37,5.218376,LGALS3BP_ITGB1,A1
1317,3,1.5344987909599525e-37,8.146313,ADAM9_ITGA3,A1
1318,3,1.565147731868272e-37,9.914724,LGALS8_ITGA3,A1
1319,3,1.5728439916293466e-37,13.310928,TNC_SDC1,A1
1320,3,1.5763071337595513e-37,10.128899,TNC_SDC4,A1
1322,3,1.7182854406924417e-37,6.10314,LAMA5_ITGB1,A1
1323,3,1.7182854406924417e-37,10.816114,AGRN_ITGB1,A1
1324,3,1.7868166369183186e-37,5.703932,LAMB3_ITGB1,A1
1325,3,1.7899430135374033e-37,16.221066,ADAM15_ITGB1,A1
1326,3,1.7999630174055733e-37,11.753371,COMP_ITGB1,A1
1329,3,1.8058463086835494e-37,5.0553794,LAMB3_ITGA2,A1
1333,3,2.0517882811553216e-37,7.0088634,HSPG2_ITGB1,A1
1334,3,2.0517882811553216e-37,10.505822,FN1_ITGB1,A1
1336,3,2.166462333100852e-37,5.094799,COL6A1_ITGB1,A1
1337,3,2.166462333100852e-37,11.18296,MIF_CD44,A1
1339,3,2.166462333100852e-37,5.24436,LUM_ITGB1,A1
1340,3,2.220567220166128e-37,6.3821125,FARP2_PLXNA1,A1
1344,3,2.977098052090595e-37,13.640853,SEMA3F_PLXNA1,A1
1346,3,3.540878377296705e-37,6.564308,EFNB1_EPHB3,A1
1347,3,3.5468851300937494e-37,6.672707,COL3A1_ITGB1,A1
1348,3,3.5468851300937494e-37,6.3096642,S100A9_CD36,A1
1351,3,5.266724182040103e-37,7.0891075,GNAI2_S1PR3,A1
1354,3,5.842736433705826e-37,8.094097,EFNA1_EPHB6,A1
1355,3,6.1397067998069345e-37,6.595334,COL1A2_ITGB1,A1
1357,3,6.545675082752713e-37,7.85422,COL1A1_ITGB1,A1
1360,3,8.465389441655978e-37,5.9449244,BMP1_BMPR2,A1
1363,3,1.0652999246321744e-36,6.4781632,SPTBN2_PTPRA,A1
1370,3,2.033254750367662e-36,10.452839,GNAI2_ADCY9,A1
1372,3,2.6793490516371795e-36,6.6024427,S100A9_ITGB2,A1
1375,3,3.0809372680602855e-36,5.6087832,EFNB1_EPHB4,A1
1377,3,3.301397033308332e-36,9.454268,LPL_SDC1,A1
1386,3,1.5640673551186044e-35,5.1307683,JAG2_NOTCH1,A1
1387,3,1.645294671079021e-35,7.0714517,APP_TSPAN15,A1
1389,3,2.1891514717859976e-35,6.0933113,FGF2_SDC4,A1
1391,3,3.513292023204066e-35,8.125673,FGF2_SDC1,A1
1396,3,9.100084921082653e-35,5.2057495,JAG2_NOTCH3,A1
1402,3,3.1164128254031656e-34,5.7618194,SORBS1_ITGB5,A1
1403,3,4.099864176280437e-34,5.44436,GNAI2_S1PR4,A1
1404,3,4.778080047278375e-34,9.555851,MDK_SDC4,A1
1408,3,1.555255777214744e-33,9.176959,S100A10_TRPV6,A1
1411,3,3.763799717782228e-33,5.6095557,GNAI2_CCR5,A1
1415,3,1.8214863244758534e-32,5.3548703,TNC_ITGAV,A1
1417,3,1.957094892873241e-32,11.601478,SEMA4C_PLXNB2,A1
1421,3,3.4065388318715825e-31,12.619725,MDK_SDC1,A1
1425,3,7.299323904249298e-31,5.5028048,LGALS1_PTPRC,A1
1429,3,2.3812678868204645e-29,6.0961847,APOE_LRP5,A1
1437,3,3.1388470056625407e-27,5.0437336,GNAI2_EGFR,A1
1443,3,2.99015993732766e-24,8.012423,SEMA4D_PLXNB2,A1
1446,3,1.8198404868479115e-22,5.5272126,EFNB1_ERBB2,A1
1452,3,2.517877284628876e-21,5.21982,CDH1_IGF1R,A1
0,1,3.326917338079471e-73,7.9615664,PTN_SDC1,B1
1,1,7.331339084462458e-72,7.640746,SCGB3A1_NOTCH3,B1
4,1,6.172821710475663e-69,5.6272645,HSPG2_SDC1,B1
7,1,6.450618758695658e-68,5.717606,LAMB1_ITGB4,B1
8,1,2.2367108442905735e-67,5.583594,DCN_MET,B1
12,1,3.14048941380572e-66,5.5579576,MMP2_FGFR1,B1
13,1,4.439415891453735e-66,5.6678934,EFNB3_EPHB3,B1
14,1,2.32425090570992e-65,9.061838,APOD_LEPR,B1
15,1,2.3395435420101e-65,5.213506,BGN_TLR4,B1
18,1,1.0265365785113774e-62,7.461289,MFGE8_PDGFRB,B1
20,1,1.1950815268450455e-61,10.441444,LAMB3_ITGB4,B1
23,1,1.5623309810805987e-61,6.495034,HSPG2_FGFR1,B1
26,1,3.6798139640790115e-59,10.209315,SLPI_CD4,B1
27,1,4.230128098621026e-59,5.0504518,LAMB3_ITGA3,B1
31,1,1.489454886081477e-56,5.8353553,NRG1_ERBB2,B1
45,1,7.266759762233264e-51,5.095427,COL6A2_ITGA1,B1
46,1,1.0626376127248111e-50,10.463981,APOE_TREM2,B1
48,1,3.091956934202228e-50,7.2384496,MMP2_PECAM1,B1
56,1,1.2616564175300789e-45,10.827006,LAMB2_ITGB4,B1
59,1,2.7915130053366635e-44,5.297371,MFGE8_ITGAV,B1
61,1,5.069636035916478e-42,7.8646216,APOE_ABCA1,B1
63,1,1.929706238233244e-40,5.527719,COL18A1_GPC1,B1
70,1,3.0324080387135467e-37,10.955028,C3_ITGB2,B1
74,1,1.8905737387810123e-35,8.955698,CALM3_AQP1,B1
76,1,4.182109238229528e-35,5.101836,LTB_LTBR,B1
87,1,1.1782331056751222e-31,6.5518107,B2M_CD3D,B1
90,1,4.306678319440532e-31,11.240807,CCL5_SDC1,B1
96,1,1.1324261943695409e-28,5.6916366,GNAS_ADORA1,B1
97,1,4.229920831967587e-28,6.989049,GNAI2_EDNRA,B1
98,1,6.855787632153836e-28,13.247835,B2M_HLA-F,B1
108,1,1.109625924961738e-25,9.84151,GAS6_AXL,B1
115,1,6.984597566952383e-24,6.0673704,EFEMP2_AQP1,B1
116,1,8.523957807830951e-24,12.027956,GNAI2_ADORA1,B1
119,1,5.318419366977416e-23,5.134347,CD14_ITGA4,B1
129,1,1.1040423568596904e-19,5.666302,LTB_TNFRSF1A,B1
142,1,6.007404110571969e-17,5.3827252,LGALS9_MRC2,B1
148,1,5.89622248811307e-16,5.467378,C3_ITGAX,B1
165,1,5.604107701740142e-14,10.318939,GRN_TNFRSF1A,B1
169,1,1.171946086753521e-13,5.99306,MDK_SDC1,B1
170,1,1.7593161395986115e-13,6.6407638,GSTP1_TRAF2,B1
171,1,1.8214994035101586e-13,9.853211,HLA-B_CD3D,B1
173,1,5.122342469737763e-13,6.5294824,MDK_ITGA4,B1
174,1,5.841280359409882e-13,7.7651553,IL34_CSF1R,B1
175,1,1.4452251719356187e-12,8.953893,HLA-E_KLRD1,B1
181,1,7.0066279565636e-12,5.65959,GRN_TNFRSF1B,B1
184,1,1.7696394252683224e-11,6.0657024,HLA-B_KLRD1,B1
185,1,9.625049934102675e-11,10.389153,HLA-A_CD3D,B1
187,1,1.0571042139949331e-10,6.571844,COL18A1_ITGA5,B1
190,1,3.1538369914690526e-10,9.363354,HLA-C_CD3D,B1
194,1,3.482278727647409e-09,5.1817985,SEMA4G_PLXNB2,B1
195,1,4.769220113792434e-09,6.515523,GNAI2_S1PR4,B1
196,1,5.43008169063214e-09,9.565749,MMP9_IFNAR1,B1
199,1,1.6209053248743418e-08,20.069132,AGTRAP_RACK1,B1
206,1,1.138556809882613e-07,22.847916,CALR_HLA-F,B1
210,1,4.050351880645363e-07,18.673313,S100A4_ERBB2,B1
212,1,5.024280786673755e-07,5.6535254,C3_CD19,B1
222,1,4.167393554226802e-06,23.757738,HLA-A_ERBB2,B1
233,1,0.00018306133824711927,6.183123,CCL5_SDC4,B1
636,2,4.862787703838019e-53,9.951351,HLA-C_CD3G,B1
637,2,4.862787703838019e-53,10.983172,HLA-B_CD3G,B1
638,2,4.862787703838019e-53,9.856153,HLA-A_CD3G,B1
639,2,4.862787703838019e-53,10.921585,GNAI2_S1PR1,B1
647,2,1.3218998879814578e-51,7.4606147,ICAM1_ITGAL,B1
651,2,1.6138824542864802e-51,9.308993,EREG_ERBB2,B1
652,2,2.8033820972610625e-51,5.2359324,EREG_ERBB3,B1
654,2,3.868302553924347e-51,5.4883385,CXCL11_CXCR3,B1
655,2,6.211782716823045e-51,11.42604,B2M_CD3G,B1
659,2,2.8359794275658804e-50,7.090529,GNAI2_CXCR3,B1
665,2,9.20732014334653e-50,7.0239835,FN1_CD79A,B1
668,2,2.820135198185361e-49,7.0756097,COL1A1_FLT4,B1
671,2,7.804390295486497e-49,9.943186,CXCL9_FCGR2A,B1
673,2,1.1916048497751119e-48,7.211079,COL1A2_FLT4,B1
675,2,1.5206171410368368e-48,6.1904707,PLAU_MRC2,B1
676,2,2.0053386316558807e-48,12.190223,CXCL9_CXCR3,B1
677,2,2.6167445508530235e-48,7.8821707,ICAM1_IL2RA,B1
689,2,3.820378442304888e-46,9.911383,ICAM1_IL2RG,B1
694,2,2.6353431251463185e-45,10.3097925,PLAU_ITGB2,B1
695,2,3.239926235924255e-45,6.8232026,FN1_FLT4,B1
701,2,8.321034104102884e-45,9.754456,CXCL13_CXCR3,B1
703,2,1.9591764342610428e-44,5.2640247,FN1_ITGA5,B1
705,2,2.1159043040017e-44,8.96804,CXCL10_CXCR3,B1
710,2,1.2371390280510518e-43,10.467598,ICAM1_ITGB2,B1
711,2,1.5409769361717255e-43,10.779155,ICAM1_ITGAX,B1
712,2,2.207966879445532e-43,6.929223,PLAU_ITGA3,B1
716,2,1.347827170015508e-42,5.7047124,FN1_ITGB7,B1
718,2,3.6198865364988945e-42,9.899797,PLAU_ITGAV,B1
719,2,6.041260081264804e-42,6.8082457,LYZ_ITGAL,B1
730,2,3.1634183396017796e-40,8.407069,SERPINE1_ITGAV,B1
738,2,8.313504121538243e-39,8.386382,PLAU_ITGB5,B1
739,2,1.2031001319566475e-38,5.3147855,CCL19_CXCR3,B1
745,2,5.339538280994116e-37,12.656464,FN1_ITGAV,B1
746,2,8.117585516640834e-37,7.0820603,SERPINE1_ITGB5,B1
747,2,9.086471399666956e-37,7.9209785,COL4A1_ITGAV,B1
751,2,2.0293244921071273e-36,6.042685,ADAM10_GPNMB,B1
756,2,3.644431244487308e-36,11.378491,FN1_CD44,B1
759,2,4.506760160539313e-36,8.773617,ADAM9_ITGAV,B1
761,2,5.871776526434663e-36,8.470719,FN1_ITGA3,B1
762,2,6.628236005714664e-36,6.4131308,CCL5_CXCR3,B1
763,2,7.022192428521114e-36,9.401132,VEGFA_ITGAV,B1
764,2,7.175027322482721e-36,6.0880656,ADAM9_ITGA3,B1
768,2,1.1578446815353753e-35,6.4446597,ADAM9_ITGB5,B1
773,2,1.6757336069341378e-35,9.173074,B2M_CD247,B1
774,2,3.2237484355780784e-35,5.853586,FN1_ITGA6,B1
778,2,5.868970207697387e-35,6.8659515,VEGFA_GPC1,B1
792,2,7.750402315029453e-33,5.563489,TNC_ITGAV,B1
795,2,2.253854020705186e-32,5.1143875,GNAS_ADCY7,B1
1272,3,1.620368275964578e-26,30.956665,CALM3_ESR1,B1
1274,3,1.620368275964578e-26,13.144778,SEMA3B_NRP1,B1
1275,3,1.620368275964578e-26,17.824226,ADAM9_ITGA3,B1
1276,3,1.620368275964578e-26,14.217611,GPC3_IGF1R,B1
1277,3,1.620368275964578e-26,9.496711,NTN1_NEO1,B1
1278,3,1.620368275964578e-26,7.7064304,FGF13_FGFR3,B1
1279,3,1.620368275964578e-26,11.497777,FADD_TRAF2,B1
1280,3,1.620368275964578e-26,20.324024,LAMA5_ITGA6,B1
1281,3,1.620368275964578e-26,17.933752,CDH1_IGF1R,B1
1282,3,1.620368275964578e-26,11.955518,VEGFB_RET,B1
1283,3,1.620368275964578e-26,20.532276,PKM_CD44,B1
1284,3,1.620368275964578e-26,6.7524204,VEGFA_ITGA9,B1
1285,3,1.620368275964578e-26,13.104577,LAMA5_ITGA3,B1
1286,3,1.620368275964578e-26,20.903276,HSP90AA1_FGFR3,B1
1287,3,1.620368275964578e-26,25.93551,VCL_ITGB5,B1
1289,3,1.620368275964578e-26,10.25232,MIF_CD44,B1
1290,3,1.620368275964578e-26,12.219845,SPTBN2_PTPRA,B1
1291,3,1.620368275964578e-26,9.049114,CALM2_PLPP6,B1
1292,3,1.620368275964578e-26,33.523758,AREG_ERBB3,B1
1293,3,1.620368275964578e-26,26.172386,VEGFA_GPC1,B1
1294,3,1.620368275964578e-26,12.581301,TLN1_ITGB5,B1
1296,3,1.620368275964578e-26,7.4008355,HRAS_SDC2,B1
1297,3,1.620368275964578e-26,7.10368,TGFB3_ITGB5,B1
1298,3,1.620368275964578e-26,25.550554,CXCL10_SDC4,B1
1299,3,1.620368275964578e-26,22.143463,SEMA3C_NRP1,B1
1301,3,1.620368275964578e-26,14.326207,HMGB1_SDC1,B1
1302,3,1.620368275964578e-26,9.3830805,CDH1_LRP5,B1
1303,3,1.620368275964578e-26,10.217613,GDF15_RET,B1
1304,3,1.620368275964578e-26,15.320899,GNAS_VIPR1,B1
1306,3,1.620368275964578e-26,11.382892,ADAM15_ITGAV,B1
1307,3,1.620368275964578e-26,11.03446,EFNA4_EPHA1,B1
1308,3,1.620368275964578e-26,11.531979,EFNB2_EPHB4,B1
1309,3,1.620368275964578e-26,5.4380746,EFNA4_EPHA2,B1
1310,3,1.620368275964578e-26,5.466885,IL20_IL20RA,B1
1311,3,1.620368275964578e-26,12.69045,COL4A2_ITGB5,B1
1312,3,1.620368275964578e-26,18.389963,ADAM9_ITGA6,B1
1313,3,1.620368275964578e-26,26.43087,ADAM9_ITGB5,B1
1314,3,1.620368275964578e-26,17.368233,EFNA1_EPHA1,B1
1315,3,1.620368275964578e-26,9.412247,COL4A5_ITGAV,B1
1316,3,1.620368275964578e-26,5.0317793,FGF13_FGFR4,B1
1317,3,1.620368275964578e-26,16.806389,MDK_ITGA6,B1
1318,3,1.620368275964578e-26,12.302326,CDH1_ITGAE,B1
1319,3,1.620368275964578e-26,10.535341,ADAM10_TSPAN15,B1
1320,3,1.620368275964578e-26,7.8225627,FN1_ITGA9,B1
1321,3,1.620368275964578e-26,11.861138,ADAM10_TSPAN14,B1
1322,3,1.620368275964578e-26,12.620173,TIMP3_CD44,B1
1323,3,1.620368275964578e-26,9.07379,WNT7B_LRP5,B1
1324,3,1.620368275964578e-26,19.944355,FN1_ITGA3,B1
1326,3,1.620368275964578e-26,12.65051,PTMA_VIPR1,B1
1328,3,1.620368275964578e-26,19.00109,TNC_SDC4,B1
1329,3,1.620368275964578e-26,9.409811,SEMA3F_PLXNA1,B1
1330,3,1.620368275964578e-26,6.8395257,THBS1_ITGA6,B1
1331,3,1.620368275964578e-26,6.4263353,VCAN_CD44,B1
1332,3,1.620368275964578e-26,8.153669,TGS1_RXRA,B1
1334,3,1.620368275964578e-26,7.253824,FGF1_CD44,B1
1335,3,1.620368275964578e-26,8.607868,EFNA1_EPHA2,B1
1336,3,1.620368275964578e-26,5.765123,APP_TSPAN15,B1
1339,3,1.620368275964578e-26,14.068387,FARP2_PLXNA3,B1
1340,3,1.620368275964578e-26,10.250678,CALM1_HTR2C,B1
1343,3,1.620368275964578e-26,30.337864,HLA-B_CANX,B1
1344,3,1.620368275964578e-26,7.408143,VEGFB_NRP1,B1
1346,3,1.6494468187320267e-26,14.937905,ADAM10_CD44,B1
1348,3,1.6690367757661374e-26,10.01909,TNC_SDC1,B1
1349,3,1.6740999749839591e-26,10.318872,SEMA3F_PLXNA3,B1
1350,3,1.6740999749839591e-26,8.444624,CALM1_VIPR1,B1
1352,3,1.6907334347199278e-26,27.364422,VEGFA_ITGAV,B1
1353,3,1.6907334347199278e-26,24.030073,FN1_ITGA6,B1
1354,3,1.707812658217401e-26,5.299711,EDN2_EDNRA,B1
1355,3,1.8271912267506877e-26,25.170925,ADAM9_ITGAV,B1
1358,3,1.8834825534820586e-26,14.753823,FN1_SDC2,B1
1359,3,1.8834825534820586e-26,10.444126,CALM1_PTPRA,B1
1360,3,1.9481413492234343e-26,10.669404,COL1A1_ITGAV,B1
1362,3,2.0163536618785188e-26,14.202622,FADD_TRADD,B1
1363,3,2.0163536618785188e-26,8.79252,INHBB_ACVR1,B1
1364,3,2.0163536618785188e-26,5.365836,FGF2_SDC4,B1
1368,3,2.138937418649419e-26,7.9103036,COL6A1_ITGA6,B1
1369,3,2.1519708525334338e-26,12.013214,ADAM10_NOTCH2,B1
1370,3,2.1651432286486732e-26,31.503263,FN1_CD44,B1
1371,3,2.1784554629933775e-26,6.157442,ADAM10_TSPAN5,B1
1372,3,2.242601136266169e-26,9.880708,COL1A2_CD44,B1
1373,3,2.2436462123879712e-26,6.8529224,VEGFA_EPHB2,B1
1374,3,2.5061579682854193e-26,14.366121,CALM3_AR,B1
1375,3,2.5220013490138753e-26,10.530445,TGM2_SDC4,B1
1377,3,3.206637800721757e-26,8.107347,CTHRC1_FZD6,B1
1379,3,3.3455299886557545e-26,5.138035,FADD_ABCA1,B1
1381,3,3.521345424019805e-26,12.126727,GNAI2_IGF1R,B1
1383,3,3.785936131166211e-26,8.841009,COL1A1_CD44,B1
1386,3,4.358537881716215e-26,13.320595,LTBP1_ITGB5,B1
1388,3,5.684340653447843e-26,7.6619844,ITGB3BP_ITGB5,B1
1389,3,6.723204679466892e-26,5.178004,PDGFC_PDGFRB,B1
1390,3,6.723204679466892e-26,7.998197,CDH1_PTPRM,B1
1392,3,7.083184739315679e-26,16.755457,TNC_ITGAV,B1
1393,3,7.213713716916433e-26,11.91208,FARP2_PLXNA1,B1
1394,3,7.28396054072788e-26,20.706224,COL4A1_ITGAV,B1
1396,3,7.871656668823561e-26,10.967836,LAMA5_SDC1,B1
1397,3,7.894385151588637e-26,7.502208,COL18A1_ITGB5,B1
1398,3,8.040942854589473e-26,8.751938,PRG4_CD44,B1
1399,3,8.568320016374904e-26,29.586876,FN1_ITGAV,B1
1400,3,8.594168265216865e-26,5.5054626,SEMA4A_NRP1,B1
1401,3,8.594168265216865e-26,7.4618936,SEMA3F_NRP1,B1
1402,3,9.758329665511213e-26,8.302882,EFNB2_PECAM1,B1
1404,3,1.209698476126303e-25,6.9354243,MADCAM1_CD44,B1
1405,3,1.3182920609319506e-25,15.13741,SERPINE1_ITGB5,B1
1406,3,1.4310076606532864e-25,11.046664,PDGFB_ITGAV,B1
1407,3,1.4852110956159415e-25,11.052866,SEMA4C_PLXNB2,B1
1408,3,1.6003358394975756e-25,7.062697,ADAM10_NOTCH1,B1
1410,3,2.246535079027045e-25,8.32727,APOE_LRP5,B1
1411,3,2.6560273752308465e-25,5.140137,OSM_OSMR,B1
1414,3,6.002623798897896e-25,11.592782,COL1A2_ITGAV,B1
1417,3,1.0206243869265903e-24,12.2494335,ADAM10_GPNMB,B1
1419,3,1.5169853982693673e-24,5.209936,LTBP3_ITGB5,B1
1420,3,1.6685819199861777e-24,10.2332115,PSEN1_CD44,B1
1425,3,4.6509288321153916e-24,7.9407024,PSEN1_NCSTN,B1
1427,3,5.360370081035388e-24,7.285454,PSEN1_NOTCH3,B1
1432,3,9.957604056372207e-24,14.854784,PLAU_ITGB5,B1
1433,3,1.0362954155119062e-23,8.61179,PSEN1_NOTCH2,B1
1440,3,2.883528976415871e-23,9.340232,GNAS_ADCY9,B1
1442,3,7.652620580227557e-23,7.8675957,TGFB1_ITGB5,B1
1446,3,1.263078688741914e-22,5.957469,FASLG_TNFRSF1A,B1
1447,3,1.3233359557570594e-22,8.426195,HMGB1_CXCR4,B1
1448,3,1.918417825050714e-22,6.1137085,APOE_SDC2,B1
1453,3,6.985302427024055e-22,12.412751,SERPINE1_ITGAV,B1
1456,3,1.7929588229329605e-21,7.9764347,NRG4_ERBB2,B1
1461,3,5.3056758216644375e-21,6.406988,FADD_FAS,B1
1466,3,2.057435182774768e-20,6.8165298,NRG2_ERBB2,B1
1472,3,2.596800813844486e-19,12.105806,PLAU_ITGAV,B1
1473,3,6.476508519182228e-19,5.587117,COL4A1_ITGA1,B1
1475,3,1.102960164641117e-18,7.613916,PLAU_ITGA3,B1
1476,3,1.652437185077797e-18,6.0389385,FN1_ITGB7,B1
1479,3,2.6191993051173273e-18,20.49792,HSP90B1_ERBB2,B1
1480,3,3.550049040922727e-18,7.635548,AZGP1_ITGAV,B1
1485,3,1.3467013208481153e-17,9.183572,CXCL10_CXCR3,B1
1489,3,3.0827566253930284e-17,8.964418,CXCL13_CXCR3,B1
1492,3,5.700349016070308e-17,5.6123834,FN1_FLT4,B1
1493,3,6.279046597005376e-17,9.796311,ICAM1_ITGAX,B1
1495,3,7.964889216538997e-17,20.427214,HSP90AA1_ERBB2,B1
1500,3,1.733178492687021e-16,8.1125555,ICAM1_ITGB2,B1
1501,3,1.9020434967455817e-16,5.152863,GNAS_ADCY7,B1
1503,3,2.0871252051115148e-16,7.2279277,ICAM1_IL2RG,B1
1515,3,1.9948314918464908e-14,5.5093756,CXCL9_CXCR3,B1
1516,3,2.869958058015468e-14,5.5820456,PLAU_ITGB2,B1
1519,3,3.820436798186671e-14,11.596234,MDK_SDC4,B1
1520,3,5.5877919474692354e-14,8.920398,CDH1_ERBB3,B1
1527,3,7.302252181273996e-13,8.953448,CDH1_PTPRF,B1
1537,3,5.676566420003531e-11,6.6673627,CALR_ITGAV,B1
1908,4,5.83512732325811e-45,42.489624,HLA-A_ERBB2,B1
1910,4,1.1679023838456424e-44,6.7956114,LGALS9_SLC1A5,B1
1911,4,1.3731763164554787e-44,24.221733,S100A4_ERBB2,B1
1912,4,1.705773197743677e-44,29.174093,CALR_HLA-F,B1
1913,4,4.0868182576109765e-44,5.942251,PIP_CD4,B1
1914,4,2.98740825080458e-42,12.211339,CCL5_SDC4,B1
1915,4,1.0308964156075588e-41,6.903007,ADAM15_ITGA5,B1
1916,4,3.966524715264725e-41,27.606949,AGTRAP_RACK1,B1
1917,4,7.330462424537046e-41,10.199363,MMP9_IFNAR1,B1
1919,4,2.355690385337411e-38,6.363958,COL1A1_ITGA5,B1
1921,4,1.4960722670465332e-37,6.5912504,CCL19_CCR7,B1
1923,4,7.724845535881664e-37,6.56641,SEMA4G_PLXNB2,B1
1925,4,1.5440539684919436e-35,7.298042,COL18A1_ITGA5,B1
1926,4,1.9007292696465696e-34,10.017324,MDK_SDC4,B1
1927,4,2.205913050560876e-34,9.963538,CALR_ITGA3,B1
1929,4,6.68603429777103e-33,6.1907177,GNAI2_FPR1,B1
1930,4,5.832551032041486e-32,8.002694,GNAI2_S1PR4,B1
1931,4,8.162779184225092e-32,9.205065,PSAP_AR,B1
1932,4,1.5255726847731152e-31,5.0556226,CXCL14_CXCR4,B1
1933,4,1.9078745034097272e-31,6.3582826,IL34_CSF1R,B1
1935,4,1.2876047830205238e-30,7.382528,MDK_ITGA4,B1
1937,4,4.7317264044971256e-30,9.360749,GRN_TNFRSF1A,B1
1938,4,8.956647095412493e-30,5.058721,LAMA5_ITGB4,B1
1945,4,7.24418616031412e-27,9.135475,HLA-E_KLRD1,B1
1946,4,1.1254268649616183e-26,7.437993,HSP90B1_ERBB2,B1
1949,4,3.320987114768552e-26,7.52147,HLA-B_KLRD1,B1
1950,4,1.0227551985089006e-25,5.1613297,C3_CD19,B1
1951,4,1.4337471771707524e-25,5.427865,GSTP1_TRAF2,B1
1953,4,4.0168540586701376e-25,5.437943,CDH1_PTPRF,B1
1956,4,3.501686578568142e-24,9.707183,HLA-C_CD3D,B1
1958,4,3.9717259625733546e-24,10.5000305,HLA-A_CD3D,B1
1977,4,3.0356427270433097e-18,5.01804,MDK_SDC1,B1
1979,4,1.2318629975349486e-17,8.363413,HLA-B_CD3D,B1
1993,4,1.084750135518693e-15,8.296038,GNAI2_ADORA1,B1
1999,4,3.136484611605656e-14,6.170779,GAS6_AXL,B1
2009,4,2.6893408746213965e-12,8.324231,B2M_HLA-F,B1
2027,4,9.507332142149754e-09,6.453952,CCL5_SDC1,B1
2088,4,0.008221675178145562,5.1907177,LAMB2_ITGB4,B1
1,1,1.8788249862436123e-16,5.8558865,COL1A2_ITGA1,C1
4,1,1.8788249862436123e-16,5.020293,BGN_TLR2,C1
14,1,1.8788249862436123e-16,5.623351,MMP7_SDC1,C1
17,1,1.8788249862436123e-16,5.93999,ICAM1_ITGAX,C1
26,1,1.8788249862436123e-16,5.4628115,GNAI2_CXCR3,C1
28,1,1.8788249862436123e-16,5.5400863,ICAM1_ITGB2,C1
40,1,1.8788249862436123e-16,6.449523,COL1A1_ITGA1,C1
53,1,1.8788249862436123e-16,6.5488176,COL6A2_ITGA1,C1
74,1,1.8788249862436123e-16,9.663728,C3_ITGAX,C1
93,1,1.8788249862436123e-16,6.8817425,LYZ_ITGAL,C1
94,1,1.8788249862436123e-16,5.213037,CCL5_CXCR3,C1
96,1,1.8788249862436123e-16,6.314112,C3_ADRA2A,C1
99,1,1.8788249862436123e-16,6.1445723,MMP2_PECAM1,C1
106,1,1.8788249862436123e-16,5.065203,MMP9_ITGB2,C1
119,1,1.8788249862436123e-16,8.82054,HLA-B_KLRD1,C1
126,1,1.8788249862436123e-16,5.044618,FN1_ITGB8,C1
128,1,1.8788249862436123e-16,11.879986,B2M_HLA-F,C1
131,1,1.889939596561862e-16,5.582978,CD14_ITGB2,C1
133,1,1.889939596561862e-16,10.527266,FN1_CD79A,C1
137,1,1.9179536334613613e-16,8.997245,C3_ITGB2,C1
140,1,1.9179536334613613e-16,5.7531934,GAS6_AXL,C1
154,1,2.01844511148509e-16,5.051127,GNAI2_CCR5,C1
165,1,2.1741164808094083e-16,8.233868,B2M_KLRD1,C1
174,1,2.3779904120061993e-16,6.7224207,HLA-E_KLRD1,C1
178,1,2.399376012269788e-16,5.1537423,COL1A2_CD36,C1
186,1,2.6764846631492966e-16,8.97052,CALR_HLA-F,C1
189,1,2.8595518258746253e-16,6.98974,B2M_CD247,C1
193,1,3.1239433585358536e-16,12.6193285,HLA-B_CD3D,C1
195,1,3.2459656863147337e-16,5.5922446,COL1A1_CD36,C1
207,1,4.1016793566221944e-16,11.343519,HLA-C_CD3D,C1
212,1,4.514056228567333e-16,9.992252,HLA-A_CD3D,C1
231,1,6.006648691640269e-16,7.4360843,LGALS1_PTPRC,C1
243,1,8.214140047788273e-16,11.596324,B2M_CD3D,C1
250,1,9.296460975631636e-16,6.415702,CCL5_SDC1,C1
256,1,1.2832383385725949e-15,6.091844,HLA-A_ERBB2,C1
822,2,1.8788249862436123e-16,6.953756,DKK1_LRP6,C1
823,2,1.8788249862436123e-16,9.357178,TNC_SDC4,C1
832,2,1.8788249862436123e-16,6.6700964,TNC_ITGA2,C1
833,2,1.8788249862436123e-16,13.045353,TNC_ITGB6,C1
836,2,1.8788249862436123e-16,6.3558655,EFNB2_EPHB3,C1
838,2,1.8788249862436123e-16,5.4272165,APP_LRP6,C1
841,2,1.8788249862436123e-16,9.034531,TGFB3_ITGB6,C1
842,2,1.8788249862436123e-16,8.724793,CEACAM6_EGFR,C1
844,2,1.8788249862436123e-16,6.240767,HMGB1_SDC1,C1
846,2,1.8788249862436123e-16,11.441562,PIP_AQP5,C1
847,2,1.8788249862436123e-16,5.7777634,S100A1_RYR1,C1
848,2,1.8788249862436123e-16,5.297033,PDGFB_S1PR1,C1
855,2,1.8788249862436123e-16,6.5677905,TNC_ITGAV,C1
860,2,1.8788249862436123e-16,5.4260745,AZGP1_ITGAV,C1
865,2,1.8788249862436123e-16,8.403071,TNC_SDC1,C1
867,2,1.8788249862436123e-16,10.958584,FN1_ITGB6,C1
868,2,1.8788249862436123e-16,6.766086,CALM3_AR,C1
870,2,1.8788249862436123e-16,6.5744042,CALR_ITGA3,C1
871,2,1.8788249862436123e-16,6.6871963,FGF13_FGFR4,C1
872,2,1.8788249862436123e-16,6.4632845,FN1_ITGA2,C1
874,2,1.8788249862436123e-16,6.6008105,COL1A2_ITGA2,C1
875,2,1.8788249862436123e-16,12.6073885,CDH1_ERBB3,C1
876,2,1.8788249862436123e-16,6.4809227,COL3A1_ITGA2,C1
877,2,1.8788249862436123e-16,6.2439027,S100A10_TRPV6,C1
880,2,1.8788249862436123e-16,5.3574953,FN1_ITGA6,C1
891,2,1.8788249862436123e-16,5.377381,SLIT2_SDC1,C1
893,2,1.8788249862436123e-16,5.3698883,CALM2_INSR,C1
898,2,1.8788249862436123e-16,6.878098,COL1A1_ITGA2,C1
906,2,1.889939596561862e-16,6.14984,MDK_ITGA6,C1
908,2,1.8920023640462182e-16,13.919894,CDH1_PTPRF,C1
910,2,1.911429022858408e-16,20.50031,HSP90AA1_ERBB2,C1
918,2,1.9852391707790792e-16,7.725781,CDH1_ITGAE,C1
921,2,2.01844511148509e-16,5.1650467,CALM1_EGFR,C1
931,2,2.0908738925715115e-16,16.905676,HSP90B1_ERBB2,C1
946,2,2.5132473792665985e-16,5.7239895,SEMA4C_PLXNB2,C1
950,2,3.007398191859146e-16,5.066904,TGFB3_TGFBR1,C1
959,2,3.4481239459188566e-16,5.011407,GNAI2_S1PR1,C1
965,2,3.9550685743989286e-16,5.3799224,APP_NOTCH2,C1
967,2,4.1016793566221944e-16,5.6870813,HSP90AA1_EGFR,C1
1007,2,4.63611771002554e-15,5.215895,APP_NCSTN,C1
1041,2,1.4407652991283255e-13,5.223567,MDK_SDC4,C1
4,1,4.309905021778309e-60,5.822742,LGALS1_PTPRC,D1
5,1,4.309905021778309e-60,8.636858,B2M_CD3D,D1
8,1,6.321659437333779e-60,8.718077,HLA-B_CD3D,D1
16,1,1.2347938979767714e-59,5.6707153,VIM_CD44,D1
17,1,1.3938862655016815e-59,6.4005423,HLA-A_CD3D,D1
32,1,2.936014468035846e-59,7.27496,C3_ITGAX,D1
37,1,3.7486593552730724e-59,9.480575,B2M_HLA-F,D1
49,1,9.777195001742425e-59,7.5681214,C3_ITGB2,D1
109,1,1.1607712937052191e-55,5.9604187,FN1_ITGA4,D1
117,1,3.0829254321778284e-55,7.0303555,CCL5_SDC1,D1
120,1,4.4555393460733665e-55,5.8127594,CALR_HLA-F,D1
135,1,1.840336764760996e-54,5.085273,COL1A1_CD44,D1
140,1,3.70630355918124e-54,7.2080526,FN1_ITGB7,D1
250,1,1.266196845268451e-44,5.203085,COL1A1_ITGAV,D1
993,2,3.917573119382428e-60,8.65617,S100A9_CD36,D1
995,2,3.917573119382428e-60,5.3571625,VEGFA_GPC1,D1
997,2,4.053401325342451e-60,21.017952,FN1_ITGB6,D1
1017,2,1.3970895882425993e-59,7.8171363,SEMA4C_PLXNB2,D1
1020,2,2.220562637749741e-59,8.884207,CDH1_PTPRF,D1
1038,2,6.273315714906609e-59,8.877155,CDH1_ERBB3,D1
1042,2,8.460610115721512e-59,7.6014853,THBS1_CD36,D1
1043,2,1.2024611096820257e-58,7.540955,COMP_CD36,D1
1047,2,1.655231796785142e-58,6.966177,HSP90B1_ERBB2,D1
1048,2,1.727277736728272e-58,5.04461,VEGFA_ITGAV,D1
1049,2,2.3143542476036347e-58,7.8351145,HSP90AA1_ERBB2,D1
1063,2,8.53242822801688e-58,6.658003,S100A8_CD36,D1
1066,2,1.37346196872244e-57,9.077017,THBS2_CD36,D1
1068,2,1.661835577135278e-57,15.264086,COL1A2_CD36,D1
1080,2,7.860104950252714e-57,5.2073226,FN1_ITGB1,D1
1083,2,1.3302502188632506e-56,14.363636,COL1A1_CD36,D1
1085,2,1.835634782627537e-56,9.005363,FN1_ITGA6,D1
1091,2,3.5849095567176625e-56,5.99931,FBN1_ITGB6,D1
1093,2,9.033191783358382e-56,5.3472495,TNC_ITGB6,D1
0,1,1.438440781784363e-102,5.643223,NRG4_ERBB2,F1
23,1,7.979034164064725e-60,6.2234416,C3_ITGB2,F1
37,1,1.2806326099074609e-52,5.117106,APOE_TREM2,F1
396,2,3.346640190365466e-151,5.726851,FBN1_ITGB6,F1
397,2,3.7666489289606977e-150,5.91758,CALM3_AR,F1
405,2,6.852562788682522e-143,9.499893,CDH1_ERBB3,F1
407,2,2.963612866970507e-139,9.576028,APP_NOTCH2,F1
408,2,1.9608646209096266e-138,8.865394,GNAS_VIPR1,F1
411,2,2.5688752598830957e-137,21.899767,HSP90AA1_ERBB2,F1
413,2,7.6717942187596e-136,6.1125383,SEMA3F_PLXNA3,F1
414,2,1.1805566924332232e-134,9.273286,PKM_CD44,F1
417,2,1.153029151611766e-132,6.549672,ADAM10_NOTCH2,F1
418,2,1.153029151611766e-132,5.7139983,MIF_CD44,F1
419,2,3.9580531317729765e-131,7.266006,PTMA_VIPR1,F1
421,2,9.842579342999253e-128,6.9840713,PSAP_AR,F1
426,2,1.6036731056633136e-123,7.105166,EFNB2_EPHB4,F1
429,2,1.0044739222409474e-122,6.8056393,ADAM10_CD44,F1
431,2,4.1373667807781034e-122,5.538261,COL1A1_CD44,F1
437,2,3.8292042914919174e-112,11.139707,APP_NCSTN,F1
438,2,1.3896652213376214e-111,6.527444,APP_GPC1,F1
440,2,1.063772483812519e-109,15.902151,HSP90B1_ERBB2,F1
442,2,5.435798341883555e-108,11.019512,FN1_ITGB6,F1
447,2,2.1468932353707874e-102,7.6575227,LACRT_SDC1,F1
449,2,1.0136786280081629e-99,6.9291453,HSP90AA1_FGFR3,F1
456,2,1.9244232120642172e-91,5.726121,VEGFA_ITGAV,F1
466,2,1.8753167183536273e-81,5.487633,FN1_CD44,F1
476,2,5.352452234805932e-71,6.2174735,MDK_SDC1,F1
515,2,4.658408803008272e-32,5.913725,TGFA_ERBB2,F1
778,3,2.06549181821424e-58,12.084537,COL18A1_ITGA5,F1
779,3,2.06549181821424e-58,13.043198,COL1A1_ITGA5,F1
780,3,2.06549181821424e-58,27.161509,C3_ITGB2,F1
781,3,2.06549181821424e-58,10.568514,ADAM15_ITGA5,F1
782,3,2.06549181821424e-58,34.00153,APOE_TREM2,F1
783,3,2.06549181821424e-58,12.306716,MMP9_ITGB2,F1
784,3,2.06549181821424e-58,10.86198,ICAM2_ITGB2,F1
785,3,2.06549181821424e-58,8.214103,ICAM2_ITGAL,F1
786,3,2.06549181821424e-58,6.638827,CCL19_CXCR3,F1
787,3,2.06549181821424e-58,5.2358327,CXCL12_CXCR3,F1
788,3,2.06549181821424e-58,12.030393,FN1_ITGA5,F1
789,3,2.06549181821424e-58,9.785758,ICAM3_ITGB2,F1
791,3,2.06549181821424e-58,13.73049,IL16_CD4,F1
792,3,2.06549181821424e-58,17.188622,C3_ITGAX,F1
793,3,2.06549181821424e-58,7.4250937,ICAM3_ITGAL,F1
794,3,2.06549181821424e-58,5.1956716,CCL11_CXCR3,F1
795,3,2.449036358322304e-58,15.556826,CD14_ITGB2,F1
796,3,2.449036358322304e-58,11.390379,CCL5_CXCR3,F1
797,3,2.449036358322304e-58,6.804447,FBN1_ITGA5,F1
798,3,4.6212697325187895e-58,8.184113,CXCL12_CD4,F1
799,3,4.963490702579219e-58,9.199552,GNAI2_CXCR3,F1
800,3,5.610937454892529e-58,7.18435,IL34_CSF1R,F1
801,3,6.522856052114183e-58,11.046098,ICAM1_ITGAL,F1
802,3,6.7694934124045e-58,11.237467,SELPLG_ITGB2,F1
803,3,7.061888299980824e-58,5.890315,CCL21_CXCR3,F1
804,3,7.511177141603095e-58,11.986386,S100A9_ITGB2,F1
805,3,7.616052054535196e-58,14.665357,ICAM1_ITGB2,F1
806,3,8.56082649559639e-58,14.5450945,S100A8_ITGB2,F1
807,3,8.70051489125226e-58,7.442374,GAS6_AXL,F1
810,3,9.023381667892528e-58,10.303255,CCL5_SDC4,F1
812,3,1.2877089313778502e-57,9.205738,ICAM1_ITGAX,F1
814,3,1.7155084845027303e-57,7.853024,CXCL12_SDC4,F1
815,3,2.0037769238255785e-57,7.9638443,ICAM1_IL2RG,F1
816,3,2.020590115570502e-57,8.905023,MMP2_PECAM1,F1
817,3,2.020590115570502e-57,5.673793,TNFSF14_LTBR,F1
818,3,2.1183974414728654e-57,30.38167,HLA-B_CD3D,F1
819,3,3.053140512247451e-57,6.6596837,COL18A1_ITGB5,F1
820,3,3.074531690363899e-57,27.844366,HLA-C_CD3D,F1
825,3,1.5475295534990114e-56,27.834087,HLA-A_CD3D,F1
826,3,1.9096721911716342e-56,5.1445208,MMP9_IFNAR1,F1
827,3,3.4908260276509047e-56,9.802441,LTB_TNFRSF1A,F1
829,3,5.127869847731491e-56,9.62402,CCL5_SDC1,F1
830,3,6.243830990223487e-56,5.507249,HLA-G_CD4,F1
831,3,8.850394503955148e-56,21.500235,FN1_CD79A,F1
832,3,9.552322041020113e-56,6.8783526,COL4A2_ITGB5,F1
834,3,1.1697075957903737e-55,6.3459673,CSF1_CSF1R,F1
835,3,1.7627150634253875e-55,10.641917,LYZ_ITGAL,F1
836,3,1.921988841568668e-55,7.41039,TGM2_SDC4,F1
838,3,2.1524785699217018e-55,7.7645793,LTB_LTBR,F1
840,3,5.781372643707204e-55,19.651777,B2M_CD3D,F1
841,3,1.4897060454243214e-54,6.9807277,GNAI2_S1PR4,F1
845,3,4.599920661210855e-54,5.0368276,JAG1_NOTCH3,F1
861,3,4.524145388357933e-51,6.1548214,EFNB3_EPHB4,F1
867,3,2.5809788457059437e-50,6.7250724,HSPG2_SDC1,F1
878,3,1.1872119327839582e-48,10.282445,L1CAM_ERBB2,F1
879,3,7.831919010584431e-48,5.2370524,LGALS1_PTPRC,F1
882,3,5.119722706905309e-46,7.9014235,B2M_CD247,F1
884,3,5.8863602274427404e-46,5.35457,LPL_SDC1,F1
885,3,1.4550727112384224e-45,5.481936,SLIT2_SDC1,F1
886,3,1.5880246855809757e-45,11.223537,HBEGF_ERBB2,F1
913,3,4.489464444413237e-33,6.2697453,S100A4_ERBB2,F1
929,3,1.6423142899170182e-23,6.4183593,EFNB1_ERBB2,F1
0,1,5.258300765774371e-69,11.352102,COL4A6_ITGAV,G2
1,1,7.627863896667629e-69,6.940477,PLAU_ITGB1,G2
2,1,9.008711465747592e-69,8.413524,AGRN_ITGB1,G2
3,1,9.008711465747592e-69,5.9460897,LAMC1_ITGA2,G2
4,1,9.008711465747592e-69,17.7478,FN1_ITGA2,G2
5,1,9.008711465747592e-69,10.268588,COL5A1_ITGB1,G2
6,1,9.008711465747592e-69,10.572785,TIMP2_ITGB1,G2
7,1,1.0740534857563102e-68,16.822712,FN1_ITGB1,G2
8,1,1.1805988574361466e-68,12.945046,VEGFA_ITGAV,G2
9,1,1.2691472660558593e-68,11.157367,COL6A1_ITGA2,G2
10,1,2.4153965130896958e-68,5.1578703,SFRP1_FZD6,G2
11,1,2.4515832458184624e-68,10.03557,COL4A5_ITGAV,G2
12,1,2.7575524093602843e-68,8.69049,SPP1_ITGB1,G2
13,1,3.564949845632908e-68,5.6683393,LAMC1_ITGB1,G2
14,1,5.719797393757918e-68,7.2409062,COL4A6_ITGB1,G2
15,1,7.773574176765126e-68,16.526798,COL1A2_ITGA2,G2
16,1,8.652640796111956e-68,15.63734,COL1A2_ITGB1,G2
17,1,1.0504615997379127e-67,6.439697,BMP1_BMPR1A,G2
18,1,1.2831015462540688e-67,8.47516,THBS2_ITGB1,G2
19,1,1.5351018809158735e-67,13.669405,COL3A1_ITGB1,G2
20,1,1.57497915470106e-67,14.4281845,COL3A1_ITGA2,G2
21,1,2.1575372768710127e-67,10.58362,COL6A1_ITGB1,G2
22,1,2.463751052600592e-67,17.302162,COL1A1_ITGA2,G2
23,1,3.407986594415056e-67,15.915206,PSAP_AR,G2
24,1,3.5516137576805194e-67,10.473243,TNC_ITGAV,G2
25,1,7.031382771188665e-67,7.4281487,CALM3_AR,G2
26,1,7.031382771188665e-67,8.813089,THBS1_ITGB1,G2
27,1,7.091836560198553e-67,8.12494,COL5A2_ITGB1,G2
28,1,8.637572759066988e-67,5.4162297,THBS1_LRP5,G2
29,1,1.290585941474531e-66,7.7824626,COL4A6_ITGA2,G2
30,1,1.3567927607983254e-66,7.3470144,LAMB2_ITGB1,G2
31,1,1.3570898227667598e-66,10.443703,LUM_ITGB1,G2
32,1,1.539968009633143e-66,16.579844,FN1_ITGB6,G2
34,1,1.6767271682062105e-66,10.119801,VEGFA_GPC1,G2
35,1,1.7191010998974808e-66,12.617929,VEGFA_NRP1,G2
36,1,2.053805247646204e-66,6.5505,MMP1_ITGA2,G2
37,1,2.1934488223330474e-66,10.126174,LGALS3BP_ITGB1,G2
39,1,3.4708019529125403e-66,16.378834,COL1A1_ITGB1,G2
40,1,3.4708019529125403e-66,7.4334054,COL6A3_ITGA2,G2
41,1,3.4708019529125403e-66,6.582958,COL16A1_ITGB1,G2
42,1,1.0369382594342529e-65,5.985543,LAMB3_ITGA2,G2
43,1,1.4215418816122715e-65,12.877646,COL18A1_ITGB1,G2
44,1,1.693607285460456e-65,7.899108,SEMA3F_NRP1,G2
45,1,3.2292063207279777e-65,19.411018,TNC_SDC1,G2
46,1,5.533781072481674e-65,12.512629,COL6A2_ITGA2,G2
51,1,2.178485225685917e-64,7.042981,COL6A3_ITGB1,G2
52,1,2.5949875235459034e-64,9.445016,HSPG2_ITGA2,G2
53,1,4.629710850934717e-64,9.823765,ADAM15_ITGB1,G2
55,1,8.067829911604479e-64,7.350739,ADAM10_TSPAN14,G2
56,1,1.063011772719298e-63,5.0967135,COL4A6_ITGA1,G2
59,1,1.4547794262898516e-63,6.1017413,LAMA5_ITGA2,G2
61,1,2.0211829674399295e-63,5.6201515,LAMB3_ITGB1,G2
64,1,3.660672726832614e-63,9.110126,ADAM10_GPNMB,G2
65,1,3.9284313029336243e-63,9.618296,TNC_ITGB1,G2
67,1,4.235429595694519e-63,10.637687,VEGFA_ITGB1,G2
69,1,4.75414503704152e-63,8.352573,COL4A5_ITGB1,G2
70,1,1.212923020869694e-62,10.273332,TNC_ITGA2,G2
71,1,1.336532985274422e-62,6.6813126,TNC_EGFR,G2
72,1,1.6126443154492701e-62,11.800828,COL6A2_ITGB1,G2
73,1,1.6334134207309347e-62,9.09882,SPP1_ITGAV,G2
74,1,2.199766555458197e-62,7.719641,VEGFA_EGFR,G2
75,1,4.569332876396387e-62,6.7602243,INHBA_BAMBI,G2
76,1,6.269660161978374e-62,8.913476,HSPG2_ITGB1,G2
77,1,8.220727188031323e-62,7.538259,SEMA3C_NRP1,G2
79,1,1.282925063192529e-61,8.923067,COL4A5_ITGA2,G2
82,1,2.413083672959753e-61,7.191532,ARF4_EGFR,G2
83,1,3.549152557197455e-61,5.7117543,LAMA5_ITGB1,G2
85,1,4.013470611742807e-61,15.149435,FN1_SDC2,G2
86,1,6.20542223790911e-61,5.561979,ST6GAL1_EGFR,G2
87,1,6.577484315957296e-61,8.177248,ADAM9_ITGB1,G2
91,1,1.8142040803282817e-60,7.1543193,THBS1_CD36,G2
92,1,2.088903657408296e-60,8.184635,COL4A1_ITGA2,G2
94,1,3.4842842842889184e-60,7.7729125,PGF_NRP1,G2
98,1,1.6136112036302858e-59,7.266522,CDH1_EGFR,G2
102,1,1.1670719750425894e-58,6.395305,EGF_ERBB2,G2
103,1,1.2600123406652548e-58,6.6375647,S100A10_TRPV6,G2
104,1,1.2777472422049622e-58,6.521501,HRAS_SDC2,G2
105,1,1.808336117130667e-58,7.69825,CDH1_LRP5,G2
110,1,3.373782963694874e-57,12.179819,TNC_ITGB6,G2
111,1,3.927065111837352e-57,11.507039,COL1A2_CD36,G2
113,1,1.2643095896449111e-56,7.9003243,COL4A1_ITGB1,G2
118,1,3.8237197901403956e-56,5.6439033,ADAM10_TSPAN15,G2
122,1,2.632798026656528e-55,5.139153,VEGFB_NRP1,G2
124,1,3.7479908807157246e-55,7.756092,MDK_ITGB1,G2
125,1,4.4254392059418186e-55,6.1570325,FBLN1_ITGB1,G2
129,1,8.098777974973221e-55,10.372762,TNC_SDC4,G2
130,1,9.107186768672118e-55,5.6715665,CALM2_EGFR,G2
133,1,1.6663406599449923e-54,5.272355,SEMA4C_PLXNB2,G2
135,1,3.9875371041015864e-54,9.567338,COL1A1_CD36,G2
139,1,1.3799821636256926e-53,9.806234,LGALS1_ITGB1,G2
140,1,1.4513425825743016e-53,6.0312667,VCAN_ITGB1,G2
141,1,2.7941075533238103e-53,5.547594,COMP_ITGB1,G2
142,1,4.004658010764533e-53,5.101321,NRG2_ERBB2,G2
143,1,5.514073316238336e-53,7.618867,THBS2_CD36,G2
144,1,9.68497978181717e-53,5.614263,SPP1_CD44,G2
145,1,1.1129165609019708e-52,6.8003335,CXCL8_SDC1,G2
147,1,2.106322345777859e-52,5.015051,FBN1_ITGB1,G2
155,1,4.957228488937172e-50,15.161133,CDH1_PTPRF,G2
163,1,6.809864851335821e-49,6.3778486,ADAM9_ITGAV,G2
164,1,7.785818800652176e-49,6.0611424,TNFSF10_TNFRSF10B,G2
168,1,2.560409454461517e-48,9.392642,APP_NCSTN,G2
170,1,8.53143009921787e-48,6.066916,SPP1_ITGB5,G2
171,1,1.1087403290494478e-47,7.7657533,CDH1_ERBB3,G2
175,1,4.687692648906748e-47,5.6707444,FN1_ITGA6,G2
195,1,1.6254787584944357e-40,7.3234572,S100A8_CD36,G2
200,1,1.1705012438534513e-39,7.3476825,MMP2_SDC2,G2
210,1,1.8548847677949534e-36,9.498348,APOE_SDC2,G2
300,1,9.659297166333162e-11,5.2746873,FN1_ITGAV,G2
736,2,3.2592069164518465e-80,18.891134,MMP2_PECAM1,G2
738,2,4.668597826180598e-80,10.167203,MMP9_ITGB2,G2
739,2,4.668597826180598e-80,11.218508,CD14_ITGB2,G2
740,2,6.4501723130233476e-80,20.570974,C3_ITGB2,G2
741,2,6.933790390347243e-80,5.806075,ICAM2_ITGB2,G2
742,2,9.239239520752605e-80,14.734013,EFEMP2_AQP1,G2
743,2,9.318271437836167e-80,5.4505343,CXCL14_CXCR4,G2
744,2,2.5237520723993117e-79,7.985954,GNAI2_F2R,G2
746,2,5.010984802417566e-79,8.469173,BGN_TLR4,G2
747,2,5.902037975932413e-79,12.800606,C3_ADRA2A,G2
748,2,7.816523267780616e-79,8.386222,GNAI2_ADRA2A,G2
749,2,8.409439474049946e-79,20.35369,C3_ITGAX,G2
750,2,1.114083921709519e-78,7.8517466,TGFB1_TGFBR2,G2
751,2,4.351576575782021e-78,9.235267,CSF1_CSF1R,G2
752,2,4.351576575782021e-78,8.944499,APOE_ABCA1,G2
753,2,1.1683928262249731e-77,9.101315,BGN_TLR2,G2
754,2,3.816357869243603e-77,5.6951017,ICAM3_ITGB2,G2
755,2,3.816357869243603e-77,5.4560437,CCL21_ADRA2A,G2
756,2,3.816357869243603e-77,8.515722,GNAI2_S1PR4,G2
758,2,9.423420891678422e-77,7.1916666,CCL19_ADRA2A,G2
759,2,9.853087992358941e-77,9.151328,TGFB1_ITGB5,G2
763,2,1.8228877807104878e-76,6.1734505,SELPLG_ITGB2,G2
765,2,4.6373870800308566e-76,7.3676805,MMP9_IFNAR1,G2
766,2,8.146210484187875e-76,11.630549,LGALS1_PTPRC,G2
768,2,9.561866483418883e-76,15.681405,AGTRAP_RACK1,G2
769,2,1.0160803924602864e-75,7.256014,TGFB1_CXCR4,G2
771,2,1.2710022733292622e-75,10.687676,S100A9_ITGB2,G2
772,2,8.451135161593548e-75,8.970275,SPON2_ITGB2,G2
775,2,1.3851245798299108e-74,11.830496,GAS6_AXL,G2
781,2,2.4062949476361577e-73,9.335218,TGFB1_ITGAV,G2
785,2,1.682665580396394e-72,8.098164,COL1A1_FLT4,G2
790,2,2.6784732548843156e-71,12.739703,MFGE8_PDGFRB,G2
791,2,5.4993278854578146e-71,8.292798,FBN1_ITGA5,G2
794,2,1.5418915326710415e-70,5.8985844,GNAI2_CHRM1,G2
795,2,3.8624105832398595e-70,7.226477,SLIT2_SDC1,G2
796,2,3.9476857740080695e-70,5.5834875,FN1_ITGB7,G2
797,2,4.7300756338673877e-70,8.18708,GRN_TNFRSF1A,G2
800,2,1.3723185831470813e-69,6.386444,COL1A2_FLT4,G2
802,2,2.220237056169684e-69,10.9051895,C3_CD19,G2
804,2,3.827855291715745e-69,5.7273283,NRG4_ERBB2,G2
806,2,5.525000465149188e-69,13.058195,COL6A2_ITGA1,G2
809,2,1.3952487976718825e-68,6.7441626,GNAI2_TBXA2R,G2
810,2,5.950319432509842e-68,9.247184,GRN_TNFRSF1B,G2
812,2,4.295794547541787e-67,8.988685,ADAM15_ITGA5,G2
813,2,5.063804220622606e-67,9.713093,CALM3_AQP1,G2
820,2,1.4517574291334298e-66,10.62495,HLA-A_CD3D,G2
821,2,2.4688047793276197e-65,7.4903226,COL4A2_ITGB5,G2
827,2,4.832084247098921e-64,6.565153,CALM1_AQP1,G2
828,2,5.862397221138024e-64,11.076074,COL18A1_ITGA5,G2
830,2,1.6579054865949828e-63,17.556068,COL1A1_ITGA5,G2
831,2,1.8364309464481937e-63,5.6055794,GNAI2_IGF1R,G2
832,2,4.1169512215201516e-63,8.034862,COL18A1_ITGB5,G2
835,2,1.0962606629267477e-62,9.186901,HLA-C_CD3D,G2
836,2,2.64368700312379e-62,6.5645466,COL6A3_ITGA1,G2
839,2,7.33958482986249e-62,8.64154,B2M_CD3D,G2
842,2,1.6603130793176502e-61,11.236117,HLA-B_CD3D,G2
844,2,5.4696949417638934e-61,6.6358724,HLA-A_CD3G,G2
846,2,1.7214919417162203e-60,13.896389,COL1A1_ITGA1,G2
848,2,2.6323445577493073e-60,18.04851,HSPG2_SDC1,G2
850,2,3.7712869193898287e-60,8.958911,HLA-C_NOTCH4,G2
852,2,8.240011830364668e-60,17.419468,CCL5_SDC1,G2
858,2,2.7517957080124267e-57,7.8978643,COL4A1_ITGA1,G2
861,2,7.029333804343209e-57,5.9854264,GNAI2_EDNRB,G2
869,2,5.904709773384779e-55,7.309513,MFGE8_ITGAV,G2
871,2,1.206396918183449e-54,6.9696126,HLA-B_CD3G,G2
875,2,3.829362481271442e-54,5.6412053,HLA-C_CD3G,G2
877,2,6.925617543842635e-53,5.3160853,B2M_CD3G,G2
880,2,1.6300578151012756e-52,10.412018,COL1A2_ITGA1,G2
881,2,2.446881949885703e-52,6.5628524,COL6A1_ITGA1,G2
883,2,3.1382810214342933e-52,6.9367404,COL18A1_GPC1,G2
884,2,3.355980190949537e-52,5.1339154,SERPINE1_ITGB5,G2
886,2,3.039150381854126e-51,6.210132,FBN1_ITGAV,G2
888,2,4.653637099233418e-51,14.082858,S100A4_ERBB2,G2
890,2,2.523137799327608e-50,8.979195,APOE_TREM2,G2
893,2,3.635583916858503e-50,15.680167,COL1A1_ITGA11,G2
897,2,4.618929894364896e-49,5.3341756,LTBP3_ITGB5,G2
899,2,6.827002563924163e-49,5.336802,FN1_ITGA3,G2
900,2,9.236104364324791e-49,5.11266,CCL19_CCR7,G2
906,2,4.022873442317315e-47,5.2845163,LTB_TNFRSF1A,G2
908,2,6.865992648925189e-47,5.639455,CD14_RIPK1,G2
911,2,1.0330880447048874e-45,6.2757425,ADAM15_ITGAV,G2
925,2,8.358160742203592e-42,6.3025947,LPL_SDC1,G2
932,2,6.915041503596028e-40,13.876487,CALR_HLA-F,G2
934,2,6.894086389717189e-39,11.247389,COL1A1_ITGAV,G2
937,2,8.074169440968077e-39,11.904348,COL1A2_ITGA11,G2
950,2,7.376635855031209e-35,8.749622,B2M_HLA-F,G2
951,2,8.219537227680939e-35,24.209608,HLA-A_ERBB2,G2
963,2,2.309235339804715e-32,7.0058527,COL18A1_ITGA3,G2
967,2,5.314962501638977e-32,6.783021,AZGP1_ITGAV,G2
972,2,4.695932804885197e-31,7.526337,FN1_ITGA5,G2
981,2,7.843231362464218e-29,7.224867,CALR_ITGA3,G2
983,2,1.2447666534861975e-28,5.824224,PTN_SDC1,G2
984,2,1.2927825852641305e-28,6.3940315,COL4A1_ITGAV,G2
990,2,4.283748641619076e-27,8.663364,MDK_SDC1,G2
993,2,1.9150985974488866e-26,6.77694,CALR_ITGAV,G2
1033,2,9.426160101284873e-14,7.140411,COL1A2_ITGAV,G2
1472,3,5.618556117645745e-18,20.672014,TGFA_ERBB2,G2
1473,3,5.618556117645745e-18,36.91108,MDK_SDC4,G2
1474,3,5.618556117645745e-18,9.772412,EREG_ERBB3,G2
1475,3,5.618556117645745e-18,13.098467,VEGFA_RET,G2
1476,3,5.618556117645745e-18,52.87256,HSP90AA1_ERBB2,G2
1477,3,5.618556117645745e-18,14.9667635,PTMA_VIPR1,G2
1478,3,5.618556117645745e-18,5.6280737,GDF9_BMPR2,G2
1479,3,5.618556117645745e-18,6.079363,FGF13_FGFR1,G2
1480,3,5.618556117645745e-18,22.5773,EREG_ERBB2,G2
1481,3,5.618556117645745e-18,30.861942,CDH1_ERBB3,G2
1482,3,5.618556117645745e-18,19.008923,GNAS_VIPR1,G2
1483,3,5.618556117645745e-18,30.45598,AREG_ERBB3,G2
1484,3,5.618556117645745e-18,14.77874,LAMB3_ITGB4,G2
1485,3,5.618556117645745e-18,9.216791,CGN_TGFBR1,G2
1486,3,5.618556117645745e-18,12.868451,NTN1_UNC5C,G2
1488,3,5.618556117645745e-18,12.583672,NRG3_ERBB2,G2
1489,3,5.618556117645745e-18,7.192165,TGS1_RXRA,G2
1490,3,5.618556117645745e-18,8.639836,GDF15_RET,G2
1491,3,5.618556117645745e-18,20.184942,SEMA4D_ERBB2,G2
1492,3,5.618556117645745e-18,24.200682,MDK_ITGA6,G2
1493,3,5.618556117645745e-18,12.889004,LAMA5_ITGA6,G2
1495,3,5.618556117645745e-18,11.630282,SEMA4D_PLXNB2,G2
1496,3,5.618556117645745e-18,10.541233,LAMB3_ITGA6,G2
1497,3,5.618556117645745e-18,9.9069605,DLK1_NOTCH2,G2
1498,3,5.618556117645745e-18,7.2234244,COL9A3_ITGB1,G2
1499,3,5.618556117645745e-18,9.326208,TGFA_ERBB3,G2
1500,3,5.618556117645745e-18,7.8698997,ADAM10_NOTCH1,G2
1501,3,5.618556117645745e-18,7.7479835,CHAD_ITGB1,G2
1502,3,5.618556117645745e-18,11.1221485,FGB_ITGB1,G2
1503,3,5.618556117645745e-18,24.173962,CXCL10_SDC4,G2
1504,3,5.618556117645745e-18,24.232569,CALM3_ESR1,G2
1505,3,5.618556117645745e-18,7.7893715,LAMC2_ITGB4,G2
1506,3,5.618556117645745e-18,6.06548,NRG3_ERBB3,G2
1508,3,5.618556117645745e-18,6.3049836,BMP7_ACVR1,G2
1509,3,5.618556117645745e-18,9.360461,BMP7_BMPR2,G2
1510,3,5.618556117645745e-18,39.266197,CDH1_PTPRF,G2
1511,3,5.618556117645745e-18,5.2426925,HMGB1_AGER,G2
1512,3,5.618556117645745e-18,5.938802,CLCF1_IL6ST,G2
1513,3,5.618556117645745e-18,11.581497,APP_PLD1,G2
1515,3,5.618556117645745e-18,6.25145,PSEN1_CD44,G2
1517,3,5.618556117645745e-18,14.625103,APP_NGFR,G2
1518,3,5.618556117645745e-18,10.533541,RTN4_NGFR,G2
1519,3,5.618556117645745e-18,8.641111,CALM1_VIPR1,G2
1520,3,5.618556117645745e-18,17.335163,LAMA5_ITGB4,G2
1521,3,5.618556117645745e-18,18.826258,ADAM9_ITGA6,G2
1522,3,5.618556117645745e-18,38.150475,HSP90B1_ERBB2,G2
1524,3,5.618556117645745e-18,16.068333,LGALS9_CD44,G2
1525,3,5.618556117645745e-18,16.774773,ADAM9_ITGA3,G2
1526,3,5.618556117645745e-18,8.678348,LAMB3_ITGA3,G2
1527,3,5.618556117645745e-18,12.836312,DLK1_NOTCH3,G2
1528,3,5.618556117645745e-18,18.685686,S100A9_CD36,G2
1531,3,5.618556117645745e-18,6.0437956,BMP2_GPC1,G2
1532,3,5.618556117645745e-18,5.9900956,LAMA1_ITGB4,G2
1533,3,5.618556117645745e-18,7.2064586,LAMA1_SDC4,G2
1536,3,5.618556117645745e-18,7.675665,CALM2_INSR,G2
1537,3,5.618556117645745e-18,11.498851,MIF_CD44,G2
1538,3,5.618556117645745e-18,6.791154,CHAD_ITGA2,G2
1539,3,5.618556117645745e-18,10.771509,APP_GPC1,G2
1540,3,5.618556117645745e-18,7.60613,TIMP3_CD44,G2
1542,3,5.618556117645745e-18,6.6367846,ITGB3BP_ITGB5,G2
1544,3,5.618556117645745e-18,16.452913,ADAM9_ITGB5,G2
1545,3,5.618556117645745e-18,9.603882,THBS1_ITGA6,G2
1546,3,5.618556117645745e-18,14.771171,APP_NOTCH2,G2
1547,3,5.618556117645745e-18,15.830869,MDK_ITGB1,G2
1549,3,5.618556117645745e-18,14.080592,CCL5_SDC4,G2
1550,3,5.618556117645745e-18,9.801963,LAMA5_ITGA3,G2
1553,3,5.618556117645745e-18,9.781604,PKM_CD44,G2
1555,3,5.618556117645745e-18,7.826433,CXCL12_SDC4,G2
1556,3,5.749125082851369e-18,17.081121,APP_TSPAN15,G2
1557,3,5.756451660515673e-18,5.273408,LIPH_LPAR2,G2
1558,3,5.794651985370594e-18,5.2087703,PSPN_RET,G2
1562,3,5.794651985370594e-18,9.773207,HSP90AA1_FGFR3,G2
1563,3,5.8409016408246665e-18,11.665192,THBS1_SDC4,G2
1565,3,5.85308124193016e-18,15.360535,FGB_ITGAV,G2
1566,3,5.928189048210038e-18,6.9826655,LTBP1_ITGB5,G2
1567,3,5.928189048210038e-18,12.734726,ADAM9_ITGAV,G2
1569,3,5.943290263700527e-18,24.903913,APP_NCSTN,G2
1570,3,5.959176445037242e-18,6.4422507,PSEN1_NCSTN,G2
1571,3,5.975836719649971e-18,7.4758415,DKK1_LRP5,G2
1573,3,6.162174551134032e-18,14.151519,L1CAM_ERBB2,G2
1574,3,6.621426459177796e-18,8.056509,CDH1_ITGB7,G2
1576,3,6.937785311303686e-18,12.599565,ADAM10_CD44,G2
1577,3,7.450456351231965e-18,8.353993,FARP2_PLXNA3,G2
1579,3,7.904153526575384e-18,11.451934,SEMA4C_PLXNB2,G2
1581,3,8.100880964320063e-18,5.411702,LAMC2_ITGA6,G2
1585,3,8.860534738969008e-18,15.399569,AZGP1_ITGAV,G2
1588,3,9.511674660768843e-18,15.3450575,HMGB1_SDC1,G2
1589,3,9.93569188724293e-18,7.730494,TNFSF10_RIPK1,G2
1591,3,1.1120885857092137e-17,10.13563,EFNA1_EPHB6,G2
1592,3,1.1120885857092137e-17,5.490029,JAG2_NOTCH2,G2
1596,3,1.763812047268311e-17,10.989766,FGB_ITGA5,G2
1597,3,1.8051458931445158e-17,14.59121,S100A8_CD36,G2
1599,3,2.1319445390631642e-17,21.475004,B2M_HLA-F,G2
1600,3,2.3487517423958355e-17,11.178316,FN1_ITGB8,G2
1602,3,2.620136049921434e-17,9.629399,GNAI2_S1PR3,G2
1604,3,2.6713244752777622e-17,7.4264956,PIP_CD4,G2
1605,3,3.065407738409571e-17,18.74894,TNC_SDC4,G2
1606,3,3.0744230096129984e-17,9.780081,TGFB1_ITGB8,G2
1607,3,3.627280850515138e-17,5.7581043,CDH1_IGF1R,G2
1609,3,4.355283929977607e-17,5.727075,JAG2_NOTCH1,G2
1610,3,4.3980483012650875e-17,13.388489,ADAM9_ITGB1,G2
1611,3,4.5934474924615574e-17,9.695909,LAMA5_SDC1,G2
1612,3,4.9283650122625487e-17,8.578653,LAMA5_ITGB1,G2
1614,3,5.669071357547769e-17,8.093843,ADAM10_NOTCH2,G2
1615,3,5.802367775872915e-17,6.436207,CSF3_CSF1R,G2
1617,3,6.969197289400084e-17,9.386712,ADAM10_TSPAN15,G2
1620,3,9.988127062810485e-17,44.392673,HLA-A_ERBB2,G2
1622,3,1.214505910220414e-16,8.171403,FGB_ITGB2,G2
1627,3,1.922913024550709e-16,6.147555,GNAS_ADCY7,G2
1630,3,2.1577076816016578e-16,6.400669,COL6A1_ITGA6,G2
1631,3,3.0664667322797206e-16,6.313665,TGFB1_ITGB6,G2
1637,3,9.385520703304357e-16,7.009626,LAMB3_ITGB1,G2
1641,3,2.6473648560074645e-15,11.397473,PTN_SDC1,G2
1644,3,5.238916009625295e-15,6.2362065,COL4A1_ITGB8,G2
1647,3,5.868921694329046e-15,5.180465,COL7A1_ITGB1,G2
1649,3,6.595991183145047e-15,14.267954,TNC_ITGB6,G2
1656,3,5.681108469243306e-14,6.905823,THBS1_CD36,G2
1657,3,8.614327606192644e-14,6.130398,FN1_ITGA6,G2
1664,3,3.497895831087172e-13,8.131162,TNC_ITGB1,G2
1669,3,1.1505768388700804e-12,11.734407,CALR_ITGA3,G2
1671,3,2.352238991468336e-12,5.7797146,CDH1_LRP5,G2
1673,3,3.0423258760070787e-12,7.8111053,ADAM15_ITGB1,G2
1677,3,5.77889322635433e-12,5.130424,ADAM10_TSPAN14,G2
1679,3,5.9930044483762664e-12,8.833023,LAMB2_ITGB4,G2
1680,3,7.0411925752444505e-12,7.472188,VEGFA_ITGB1,G2
1685,3,1.610049118714247e-11,6.854401,CALM2_AQP1,G2
1688,3,2.458537041203682e-11,11.865032,MDK_SDC1,G2
1689,3,2.527309985442283e-11,12.697101,CALR_HLA-F,G2
1692,3,3.8850929938557464e-11,5.4930034,COL4A5_ITGB1,G2
1695,3,5.482523563211408e-11,5.7451663,GSTP1_TRAF2,G2
1696,3,8.362714787380878e-11,7.893721,COL18A1_ITGA3,G2
1703,3,5.905898697354437e-10,7.932778,COL18A1_ITGB1,G2
1735,3,1.1837840463652264e-05,6.4955,TNC_SDC1,G2
1737,3,1.9187104729884353e-05,5.4333224,PSAP_AR,G2
1738,3,2.0305862833118535e-05,5.200902,HLA-B_CANX,G2
0,1,1.2342443041573521e-82,23.977575,SCGB3A1_NOTCH3,H1
1,1,1.2342443041573521e-82,25.158077,EGF_ERBB2,H1
2,1,1.963206095381644e-82,7.7992725,CCL28_CCR10,H1
3,1,2.3081708261318995e-82,7.1061373,PDGFB_PDGFRA,H1
4,1,2.3081708261318995e-82,8.359161,FGF2_SDC1,H1
5,1,2.447816700781794e-82,8.237961,LAMA4_ITGA6,H1
6,1,4.252368862307732e-82,11.769587,PIP_CD4,H1
7,1,4.252368862307732e-82,18.027016,MFGE8_PDGFRB,H1
8,1,5.362279881070239e-82,12.752651,IL34_CSF1R,H1
9,1,5.362279881070239e-82,17.223547,CCL19_CCR10,H1
10,1,1.9719550114645917e-81,7.2198977,LAMB1_ITGA6,H1
11,1,4.689709650721695e-81,22.081242,CXCL12_SDC4,H1
12,1,5.115893934049874e-81,6.3771186,S100A1_AGER,H1
13,1,5.588136353956429e-81,21.773272,GSTP1_EGFR,H1
14,1,5.681762909964169e-81,13.010979,SAA1_TLR2,H1
15,1,1.0333186742368853e-80,7.894242,RSPO3_SDC4,H1
16,1,1.5622749940249945e-80,9.978816,EFNB2_EPHB3,H1
17,1,4.679072609692853e-80,16.276812,GNAS_ADORA1,H1
19,1,8.14400579694137e-80,5.5650134,EFNB2_PECAM1,H1
20,1,1.4776127003192504e-79,5.359068,ADCYAP1_VIPR1,H1
21,1,2.0359797488489123e-79,22.044163,GNAI2_ADORA1,H1
22,1,2.7808233946846985e-79,11.691666,DCN_EGFR,H1
24,1,3.367479045804856e-79,16.427109,GRN_EGFR,H1
25,1,5.3096943148966225e-79,7.112466,MIF_EGFR,H1
26,1,9.118720093062196e-79,15.140302,IGFBP4_LRP6,H1
27,1,1.242986324401301e-78,7.3503194,PDGFB_PDGFRB,H1
29,1,1.24823845215537e-78,15.554784,GNAI2_EGFR,H1
30,1,1.4082315393156329e-78,20.475325,GNAS_VIPR1,H1
31,1,3.8461082106991656e-78,7.9909563,CALM1_VIPR1,H1
32,1,4.523227056079207e-78,10.208534,S100A4_EGFR,H1
33,1,6.205105736637739e-78,24.65142,SLPI_CD4,H1
34,1,8.158189285375737e-78,19.393238,CXCL12_CD4,H1
36,1,1.780695782828402e-77,21.294586,AZGP1_ITGAV,H1
37,1,2.049795777925784e-77,7.9027705,LGALS9_MRC2,H1
38,1,5.140438336527466e-77,15.34613,NRG1_ERBB2,H1
39,1,5.3138856453502894e-77,9.588986,TGFB1_EGFR,H1
40,1,5.88815122743314e-77,15.179397,LAMB3_ITGB4,H1
41,1,1.0521286888686753e-76,6.0473795,EFNB2_EPHB4,H1
43,1,2.3281246759213635e-76,13.526115,APOE_LRP6,H1
44,1,6.732562873626896e-76,13.373895,CALM3_AQP1,H1
46,1,1.2074340775358067e-75,5.192108,DLK1_NOTCH1,H1
47,1,2.1398055824909357e-75,14.347302,APOE_LRP5,H1
48,1,2.2406489371184524e-74,6.7759805,DLK1_NOTCH3,H1
49,1,4.217917455445028e-74,5.4631233,ADCYAP1_RAMP3,H1
50,1,5.036643340851195e-74,7.843386,LAMC2_ITGB4,H1
51,1,5.036643340851195e-74,8.388749,LAMC1_ITGB4,H1
52,1,8.000537164087486e-74,6.125653,DLK1_NOTCH2,H1
53,1,4.09095290855144e-73,10.881005,APOE_SDC2,H1
54,1,2.100281023898611e-72,15.118362,GAS6_AXL,H1
55,1,1.8529574961946624e-71,9.022494,GNAI2_CXCR2,H1
56,1,1.1579868326246797e-69,8.575801,MIF_CD44,H1
58,1,2.2704040512956774e-69,15.933241,LAMB2_ITGB4,H1
60,1,6.198322175024273e-69,5.249412,ANXA1_EGFR,H1
62,1,4.8823179503009354e-68,11.782859,TIMP2_CD44,H1
63,1,7.912386093749566e-67,15.424205,CALM2_AQP1,H1
65,1,1.041091400624023e-66,13.8850565,PTMA_VIPR1,H1
66,1,2.631954462223436e-66,8.3249445,LAMB1_ITGB4,H1
69,1,1.501876989263902e-62,7.9047227,CALM3_EGFR,H1
71,1,5.030347826755362e-62,6.1944413,MMP2_SDC2,H1
72,1,7.235025460999964e-62,8.575011,APP_LRP6,H1
77,1,6.702060685604406e-60,6.2073045,EFNB3_EPHB3,H1
79,1,1.1056967221155904e-59,7.6580777,TFPI_SDC4,H1
82,1,3.855001923131585e-58,15.884006,VIM_CD44,H1
85,1,1.7818177666817005e-57,5.551251,LRIG1_EGFR,H1
86,1,2.487688123684757e-56,10.050764,MMP9_CD44,H1
88,1,7.714065693387078e-56,6.866927,CXCL12_CXCR4,H1
89,1,1.8202389470405372e-54,6.8282247,ADAM10_AXL,H1
90,1,2.38426061699821e-54,7.1315517,LGALS9_CD44,H1
92,1,6.730783161746104e-54,6.014754,JAM3_ITGB2,H1
93,1,9.518401571897867e-53,9.000768,THBS1_SDC1,H1
95,1,1.2386185512141568e-51,5.6921663,PDAP1_PDGFRB,H1
97,1,3.536136654934876e-49,9.236868,PKM_CD44,H1
99,1,2.2767847803250866e-48,6.836211,HLA-C_NOTCH4,H1
101,1,2.7458901850050796e-48,6.0224957,MMP7_SDC1,H1
102,1,3.14055765411343e-48,5.920945,CALM2_EGFR,H1
103,1,7.367190164794974e-48,5.522614,CSF1_CSF1R,H1
105,1,7.349465626694986e-47,6.2586904,LTBP3_ITGB5,H1
109,1,2.1768644773675797e-44,10.077668,SAA1_FPR1,H1
112,1,4.123872922192024e-40,6.0154285,VWF_SIRPA,H1
119,1,9.679144979502457e-38,5.5065203,SEMA3F_PLXNA1,H1
124,1,9.874684327546513e-37,10.1989975,EFNB1_ERBB2,H1
126,1,7.260897082867423e-36,5.137439,TIMP3_CD44,H1
128,1,1.7218042901431732e-35,6.032622,MFGE8_ITGAV,H1
129,1,1.832261212974145e-35,11.513862,PTN_SDC1,H1
130,1,4.266713958386708e-35,6.7047462,NRG4_ERBB2,H1
131,1,7.923544116321338e-35,6.2953634,ADAM10_CD44,H1
132,1,1.9096852728325488e-34,8.093204,COL1A2_CD44,H1
133,1,2.0369187362813437e-34,5.0720034,EFNB1_EPHB4,H1
136,1,2.215604517187583e-33,5.2126164,CALM2_INSR,H1
137,1,7.062402242410482e-33,6.3393946,COL1A1_CD44,H1
149,1,1.1133856973445326e-27,5.5168185,APP_NCSTN,H1
152,1,2.9539229584036628e-27,9.74785,APP_NOTCH2,H1
167,1,1.5437543839393844e-21,7.7466507,HLA-B_CANX,H1
174,1,1.1379085766242037e-18,5.451801,CALR_ITGAV,H1
495,2,7.522403543806249e-86,5.4757533,FN1_CD79A,H1
496,2,7.417919624752917e-81,13.220712,TNC_SDC1,H1
499,2,2.3183048763102994e-71,21.496851,HSP90AA1_ERBB2,H1
501,2,2.057373155293648e-67,7.668444,FN1_ITGA5,H1
502,2,1.5987138484312616e-66,6.684342,TNC_SDC4,H1
503,2,2.9877443133694863e-66,8.90592,MDK_ALK,H1
504,2,4.763537240178362e-66,6.836758,TGFA_ERBB2,H1
509,2,4.3587651892075275e-61,9.899368,FN1_ITGB6,H1
516,2,4.092260358703812e-56,5.903483,HLA-E_KLRD1,H1
517,2,4.350010998222561e-56,5.9649963,TGFB3_ITGB6,H1
518,2,8.042983268292728e-56,9.870201,TGFB1_ITGB6,H1
522,2,1.109487461584018e-53,5.301985,FN1_ITGB7,H1
543,2,2.0168207976436126e-44,5.9255795,BST2_LILRA4,H1
545,2,1.1575280325955243e-43,5.233067,HLA-B_KLRD1,H1
546,2,2.3455285544197997e-43,5.9953556,CDH1_ERBB3,H1
549,2,8.38170550797073e-43,13.839184,CDH1_PTPRF,H1
553,2,4.211136752640478e-42,6.6423054,CXCL8_SDC1,H1
559,2,2.41035729070153e-39,8.321615,PSAP_AR,H1
576,2,1.3418581879737211e-36,11.746983,HSP90B1_ERBB2,H1
597,2,6.461180077185483e-31,6.3286595,C3_ITGAX,H1
610,2,1.952777919877104e-27,9.68525,MDK_SDC4,H1
738,2,0.018356096772400195,7.8955913,S100A4_ERBB2,H1
990,3,3.021228118987938e-142,41.38117,AGTRAP_RACK1,H1
991,3,3.646808368496029e-136,25.84556,GRN_TNFRSF1A,H1
992,3,7.545848834975872e-136,8.978135,ADAM17_ITGA5,H1
993,3,1.1590830887267844e-135,42.62081,S100A9_ITGB2,H1
994,3,2.9105358019590196e-135,14.663354,GNAI2_S1PR4,H1
996,3,3.0816008674460604e-134,8.877466,LAMB2_ITGA3,H1
997,3,5.041532861047333e-134,11.040781,COL18A1_ITGA3,H1
998,3,1.0408056980334034e-133,14.931594,CALR_ITGA3,H1
999,3,5.930734561743837e-132,25.067274,C3_ITGB2,H1
1000,3,2.3988106811297188e-130,47.774868,HLA-A_ERBB2,H1
1001,3,3.521688623293967e-129,16.916231,COL18A1_GPC1,H1
1002,3,9.26284372877322e-127,12.770862,MMP9_IFNAR1,H1
1003,3,2.1717896949275254e-126,52.426987,MDK_SDC1,H1
1004,3,3.7592834488761344e-126,20.407719,HLA-A_CD3D,H1
1005,3,2.0108229043824266e-125,6.506508,ICAM4_ITGB2,H1
1006,3,9.946610593019675e-125,17.615192,CCL5_SDC1,H1
1007,3,5.607599457412521e-123,6.691576,MMP9_ITGAM,H1
1009,3,4.85297566526671e-121,6.0283546,CCL19_ADRA2A,H1
1010,3,1.364539165338937e-120,5.997198,F10_ITGB2,H1
1012,3,5.1634735072078076e-120,14.795777,GSTP1_TRAF2,H1
1013,3,1.2105816797756014e-118,5.233924,HLA-G_CD4,H1
1014,3,1.2552734389528961e-118,10.933358,ICAM2_ITGB2,H1
1015,3,2.6496810465437857e-118,8.227992,C3_ADRA2A,H1
1016,3,3.3901228358629033e-118,31.07253,HSPG2_SDC1,H1
1018,3,2.907322250742741e-116,5.7245293,GNAI2_ADRA2A,H1
1021,3,3.4604565278346027e-115,10.351852,C3_ITGAM,H1
1023,3,1.7061567593321424e-113,9.175628,ADAM15_ITGA5,H1
1024,3,1.6954539870083184e-111,14.262355,CD14_ITGB2,H1
1025,3,8.502330220521668e-111,12.309679,ICAM3_ITGB2,H1
1026,3,5.137600128457521e-109,6.87612,LGALS9_SLC1A5,H1
1029,3,1.560773753494838e-105,8.103831,LTB_TNFRSF1A,H1
1030,3,1.9905828779193735e-103,5.2385325,TGFB1_SMAD3,H1
1031,3,1.0940247371933183e-100,8.559902,GNAI2_FPR1,H1
1033,3,9.338326488821478e-99,8.6135025,COL18A1_ITGA5,H1
1035,3,2.6187768678657814e-97,29.934572,S100A4_ERBB2,H1
1036,3,2.04724429839543e-96,14.479774,MMP9_ITGB2,H1
1039,3,1.2398420191707606e-93,6.6381726,SAA1_ADRA2A,H1
1041,3,7.624582717058675e-93,12.546603,HLA-C_CD3D,H1
1047,3,9.053231538966852e-86,13.612704,HLA-B_CD3D,H1
1048,3,5.53455722089968e-85,13.0393915,PTN_SDC1,H1
1049,3,2.9819418682165045e-82,9.234152,HBEGF_ERBB2,H1
1051,3,1.2805743227858927e-80,10.978873,SAA1_FPR1,H1
1052,3,2.7635403682848397e-74,8.302639,THBS1_SDC1,H1
1055,3,1.8858514634898941e-72,8.813312,LAMB2_ITGB4,H1
1057,3,3.5138859213510862e-71,9.6748295,CALR_HLA-F,H1
1058,3,1.7824758216528393e-70,6.127333,SELPLG_ITGB2,H1
1059,3,2.2996383405952965e-69,6.4492464,ICAM2_ITGAL,H1
1061,3,3.41716295335965e-67,9.140974,GAS6_AXL,H1
1062,3,1.156195815704571e-66,10.353088,S100A8_ITGB2,H1
1065,3,6.091399081859748e-64,5.2490945,CSF1_CSF1R,H1
1066,3,1.7175282456082177e-63,11.82001,GNAI2_ADORA1,H1
1073,3,7.707300050333352e-57,5.765614,CCL19_CXCR3,H1
1074,3,2.793006334925615e-56,7.526446,LGALS1_PTPRC,H1
1076,3,2.1411414418594265e-51,10.134965,SLPI_CD4,H1
1077,3,2.7121146492719426e-51,7.0060215,ICAM3_ITGAL,H1
1101,3,1.1283229164432605e-32,5.3952646,COL1A1_ITGA5,H1
1104,3,8.746668018045582e-31,5.4523463,CXCL12_CD4,H1
1111,3,2.1750615050260886e-27,5.5826826,CCL19_CCR7,H1
1485,4,9.956073175250648e-62,9.299578,PSEN1_NOTCH2,H1
1486,4,9.956073175250648e-62,18.438616,FBN1_ITGB6,H1
1487,4,9.956073175250648e-62,19.045052,CDH1_ITGB7,H1
1488,4,9.956073175250648e-62,10.308337,CXCL10_SDC4,H1
1489,4,9.956073175250648e-62,19.945457,FN1_ITGAV,H1
1490,4,1.2725038239125436e-61,9.678324,ARF1_PLD2,H1
1491,4,1.3154243435073406e-61,5.255713,INHA_ACVR1,H1
1492,4,1.3154243435073406e-61,8.064917,PRG4_CD44,H1
1493,4,1.3154243435073406e-61,13.588717,TNC_ITGAV,H1
1494,4,1.3154243435073406e-61,5.743787,ACE_BDKRB2,H1
1496,4,3.617032787733908e-61,16.149565,COL1A2_ITGAV,H1
1497,4,4.668260146112452e-61,9.290749,COL4A5_ITGAV,H1
1498,4,6.309938115910707e-61,8.438908,APP_AGER,H1
1500,4,1.3189819262002332e-60,7.5606394,PSEN1_NCSTN,H1
1501,4,1.7973830405160385e-60,11.699974,ARF1_INSR,H1
1502,4,2.152969698374133e-60,9.427386,FBN1_ITGAV,H1
1503,4,2.318423827334601e-60,34.15756,FN1_ITGB6,H1
1504,4,2.5251107405836784e-60,16.872904,CALM3_AR,H1
1505,4,2.5251107405836784e-60,10.696212,VEGFA_ITGAV,H1
1507,4,4.6325151800276937e-60,10.570004,SEMA4D_PLXNB1,H1
1508,4,5.226432082306724e-60,8.648568,CALM1_INSR,H1
1509,4,6.962402298732878e-60,13.656451,ADAM10_NOTCH2,H1
1511,4,1.3534686828335036e-59,7.330987,PLAU_ITGAV,H1
1512,4,1.4934426010434475e-59,5.493641,HMGB1_AGER,H1
1513,4,2.633164110166578e-59,19.584438,TNC_ITGB6,H1
1514,4,3.2776540248857357e-59,9.043352,AREG_ERBB3,H1
1516,4,6.189691233627894e-59,9.899082,CEL_CXCR4,H1
1518,4,9.063496378973387e-59,9.923461,CALM1_PTH2R,H1
1520,4,1.9715364000729307e-58,5.503541,MFAP5_NOTCH1,H1
1521,4,2.766336917819118e-58,9.634026,APP_NGFR,H1
1522,4,3.034736058319979e-58,8.451981,ADAM9_ITGAV,H1
1523,4,3.518444088217019e-58,8.595142,ADAM10_NOTCH1,H1
1524,4,4.4154000633959535e-58,5.0523543,THBS2_NOTCH3,H1
1525,4,4.576587762689091e-58,12.7259,COL1A1_ITGAV,H1
1527,4,7.889224783453052e-58,13.504946,TGFA_ERBB2,H1
1528,4,1.3446724727789926e-57,10.314507,FN1_ITGB7,H1
1529,4,1.8110686528483003e-57,20.902168,APP_NOTCH2,H1
1530,4,2.2451325167634843e-57,9.894217,COL4A1_ITGAV,H1
1531,4,3.153542672900656e-57,5.2039275,FN1_ITGB8,H1
1532,4,6.22952100358497e-57,7.4255238,VCAM1_ITGB2,H1
1533,4,1.2414424413934393e-56,23.629007,CDH1_ERBB3,H1
1535,4,1.6689791887815454e-56,8.598258,VCAM1_EZR,H1
1536,4,2.7289334150408537e-56,7.2548065,EFNA1_EPHB6,H1
1539,4,6.564574840951011e-56,8.07064,CDH1_LRP5,H1
1540,4,8.030338149812346e-56,7.02219,TGS1_RXRA,H1
1541,4,1.1805341095577e-55,15.37283,FN1_CD44,H1
1542,4,1.7352001087361783e-55,18.569738,MDK_ALK,H1
1543,4,2.0833117837427825e-55,5.0874352,LTB_LTBR,H1
1547,4,2.6301552557548827e-55,19.580507,SEMA4D_ERBB2,H1
1548,4,3.3511078489523455e-55,7.494222,NID1_ITGAV,H1
1549,4,6.345407407225794e-55,5.178955,VEGFA_NRP1,H1
1550,4,6.506103788026075e-55,10.156057,PTHLH_RAMP2,H1
1551,4,8.037067920833256e-55,15.934668,APP_NCSTN,H1
1553,4,4.4635364117915454e-54,10.375829,ADAM10_CD44,H1
1555,4,1.52789995315437e-53,43.400154,CDH1_PTPRF,H1
1556,4,2.617377707547403e-53,5.23452,RTN4_NGFR,H1
1558,4,4.806220670880246e-53,7.871666,JAG2_NOTCH2,H1
1559,4,4.978420162510069e-53,9.999723,EFNB1_EPHB4,H1
1560,4,5.013906386625672e-53,21.375025,TGFB1_ITGB6,H1
1561,4,7.556223665903767e-53,14.581998,TGFB3_ITGB6,H1
1562,4,8.126111653577185e-53,16.144205,TNC_SDC4,H1
1563,4,8.261932826935298e-53,11.768051,CALM2_INSR,H1
1564,4,1.0203058085547754e-52,45.002155,HSP90B1_ERBB2,H1
1565,4,1.563192840984813e-52,5.007308,PSEN1_NOTCH3,H1
1567,4,6.61527646246935e-52,54.72454,HSP90AA1_ERBB2,H1
1570,4,1.5984959405330564e-51,10.163178,NID1_PTPRF,H1
1572,4,4.6656168858779954e-51,7.1366057,PTHLH_RAMP3,H1
1573,4,4.723931880716615e-51,5.7132626,PSEN1_CD44,H1
1574,4,1.4760436104718212e-50,7.6793294,TNC_ITGA5,H1
1575,4,6.888567202821769e-50,16.383942,HLA-B_CANX,H1
1579,4,2.8026108121646124e-49,6.8184915,LTBP1_ITGB5,H1
1580,4,4.788042575271055e-49,9.032379,SEMA4D_PLXNB2,H1
1581,4,5.225203973058226e-49,9.2581005,S100A10_TRPV6,H1
1583,4,2.5553579846142453e-48,7.368868,CDH1_EGFR,H1
1584,4,4.663702324985185e-48,8.542726,CALM3_INSR,H1
1587,4,6.356431160137886e-48,7.344145,S100A8_AGER,H1
1590,4,9.886434877920685e-47,5.7283745,FN1_SDC2,H1
1591,4,1.0145760997486705e-46,19.487421,PSAP_AR,H1
1592,4,1.0275860903021815e-46,6.992464,HSP90AA1_EGFR,H1
1596,4,2.2810897540612947e-45,5.43247,CALM2_EGFR,H1
1598,4,1.0782038133937166e-44,7.777056,B2M_KLRD1,H1
1599,4,1.3130170939529493e-44,17.423525,EFNB1_ERBB2,H1
1602,4,1.4678520770391052e-43,7.8309507,GNAI2_F2R,H1
1603,4,2.249766306841827e-43,11.011418,CALR_ITGAV,H1
1605,4,6.475736275423104e-43,5.9634905,EFNA1_EPHA4,H1
1608,4,6.122279164340183e-42,5.4256577,CXCL9_CXCR3,H1
1612,4,6.837022080029258e-41,12.622917,SEMA4C_PLXNB2,H1
1613,4,8.995593570958571e-41,10.941573,COL1A2_CD44,H1
1614,4,1.154547135524556e-40,9.104892,FN1_ITGA5,H1
1615,4,1.2276305520190786e-40,5.3940263,TNF_FFAR2,H1
1618,4,1.67228138985192e-39,8.772455,HMGB1_SDC1,H1
1619,4,1.7203249914178173e-39,5.757958,HMGB1_CXCR4,H1
1620,4,3.3245485674982274e-39,6.031262,APP_LRP6,H1
1621,4,4.296778175270961e-39,6.2592993,ADAM10_AXL,H1
1625,4,9.056522637850402e-38,10.251343,HGF_SDC1,H1
1627,4,1.00747998053544e-37,16.769667,TNC_SDC1,H1
1629,4,5.069814259263295e-37,6.120049,CCL5_SDC4,H1
1632,4,5.2365920537522154e-36,5.333565,MFGE8_ITGAV,H1
1633,4,7.568447282679883e-36,10.626879,LYZ_ITGAL,H1
1634,4,8.556339679711639e-36,7.632601,HLA-B_KLRD1,H1
1638,4,2.7814452055758815e-35,7.877229,PTMA_VIPR1,H1
1640,4,5.19925915224523e-35,9.1921425,B2M_CD3G,H1
1648,4,3.775528666921985e-29,7.7603993,HLA-C_CD3G,H1
1654,4,1.3230409692949218e-27,5.0203342,ICAM1_ITGAX,H1
1657,4,4.541857059204307e-27,8.474708,HLA-B_CD3G,H1
1663,4,1.5484960263495198e-24,6.619297,EREG_ERBB2,H1
1672,4,3.876079271937944e-22,6.0705338,PKM_CD44,H1
1673,4,4.151185385452451e-22,7.4770546,B2M_CD247,H1
1681,4,9.737736858728119e-20,6.0947537,SEMA3F_PLXNA1,H1
1697,4,7.019636916128663e-13,5.5004535,LAMA5_SDC1,H1
1700,4,3.3156713007683733e-12,5.115106,NRG4_ERBB2,H1
1715,4,2.9346588993613962e-09,12.305593,MDK_SDC4,H1
1980,5,9.087277905809615e-57,5.727759,TIMP2_ITGB1,H1
1982,5,9.409809014921453e-57,10.48604,CD14_ITGB1,H1
1983,5,1.0052677882409717e-56,8.362628,TGFB1_ITGB1,H1
1984,5,1.0299056002616525e-56,6.2770977,COL4A1_ITGB1,H1
1986,5,1.1292276089145516e-56,10.718577,FBLN1_ITGB1,H1
1987,5,1.283799376342494e-56,11.301842,COL1A1_ITGB1,H1
1988,5,2.654200211500586e-56,10.30241,HSPG2_ITGB1,H1
1989,5,4.0631997333310914e-56,12.042835,LGALS3BP_ITGB1,H1
1990,5,4.249466567983778e-56,12.863473,COL6A2_ITGB1,H1
1993,5,5.559321238148257e-56,9.998059,COL18A1_ITGB1,H1
1994,5,5.820053655624503e-56,5.6450286,COMP_ITGB1,H1
1995,5,7.1076846152615985e-56,6.615332,COL6A1_ITGB1,H1
1996,5,7.427887214334235e-56,13.640486,LGALS1_ITGB1,H1
1997,5,1.0501175297365168e-55,14.618994,MDK_ITGB1,H1
1998,5,2.2030070394584076e-55,7.705978,LAMB2_ITGB1,H1
2000,5,3.433491840454533e-54,17.140604,LPL_SDC1,H1
2001,5,5.429214670163243e-54,5.0380745,COL16A1_ITGB1,H1
2002,5,5.926792295037311e-54,7.297362,ADAM15_ITGB1,H1
2004,5,1.272793223771024e-52,6.0057416,COL3A1_ITGB1,H1
2009,5,5.626593491826009e-51,5.8213253,COL1A2_ITGB1,H1
2017,5,9.704413381942788e-38,5.62052,FN1_ITGB1,H1
2086,5,4.152798781480266e-05,6.0783587,CD14_ITGB2,H1
2099,5,0.0007678329016715818,5.370417,MMP9_ITGB2,H1
2475,6,2.2170896112209752e-37,19.698072,TGFB1_CXCR4,H1
2476,6,2.2170896112209752e-37,31.946764,C3_CD19,H1
2477,6,2.2170896112209752e-37,13.996271,IL16_CD4,H1
2478,6,2.2170896112209752e-37,12.384157,CCL5_CXCR3,H1
2479,6,2.3061751147023664e-37,13.532752,CCL21_CCR7,H1
2480,6,3.247306370958591e-37,9.211287,MIF_CXCR4,H1
2481,6,3.247306370958591e-37,12.806246,GNAI2_CNR1,H1
2482,6,3.2716949300275374e-37,11.609527,COL18A1_KDR,H1
2483,6,3.6176897799868776e-37,18.471443,CCL19_CCR7,H1
2484,6,3.6929262062793795e-37,7.692716,PROC_ITGB2,H1
2486,6,3.936546681838996e-37,26.658232,B2M_CD247,H1
2487,6,4.0258765958113914e-37,10.483886,CCL21_CXCR3,H1
2488,6,4.314604387476692e-37,22.121096,HLA-B_CD3G,H1
2489,6,4.317766435629971e-37,18.806377,HLA-A_CD3G,H1
2490,6,4.9501184871093044e-37,18.420372,EREG_ERBB2,H1
2491,6,4.9501184871093044e-37,17.882019,HLA-C_CD3G,H1
2492,6,7.275325785727078e-37,10.944877,ICAM1_IL2RG,H1
2494,6,1.1159920817107043e-36,17.751413,COL1A1_CD44,H1
2495,6,1.4140825297907107e-36,15.468559,CXCL14_CXCR4,H1
2496,6,1.4150822431480585e-36,18.268686,B2M_CD3D,H1
2497,6,4.081297110493811e-36,5.069317,SYK_FCGR2A,H1
2499,6,4.215746090768322e-36,5.1641245,EREG_ERBB3,H1
2500,6,4.269938369828644e-36,14.600552,CCL19_CXCR3,H1
2501,6,4.999679271882691e-36,18.941872,B2M_CD3G,H1
2502,6,5.6070887112678686e-36,20.015942,B2M_HLA-F,H1
2504,6,8.082263458818058e-36,15.944378,NRG2_ERBB2,H1
2505,6,8.802924817529355e-36,13.150955,GNAI2_CXCR3,H1
2506,6,1.2254492796100207e-35,13.710986,LGALS9_CD44,H1
2507,6,1.6968041761552947e-35,9.525278,SLIT2_SDC1,H1
2509,6,3.939472066905098e-35,7.2261157,CD40LG_ITGB2,H1
2510,6,4.6049273385127483e-35,23.379778,LYZ_ITGAL,H1
2511,6,5.09814091059204e-35,15.409376,MMP9_CD44,H1
2513,6,8.746934584174544e-35,11.807552,GRN_TNFRSF1B,H1
2515,6,2.062801118413346e-34,6.470831,TGFB1_TGFBR2,H1
2516,6,2.1118125746391163e-34,5.0529666,SPP1_CD44,H1
2518,6,3.925670238168682e-34,14.325214,NRG4_ERBB2,H1
2519,6,5.081935186927835e-34,9.188488,HMGB1_CXCR4,H1
2520,6,5.851928066627802e-34,8.023204,EFNA1_EPHA4,H1
2523,6,1.0800014499231819e-33,11.107633,SEMA4D_PLXNB2,H1
2524,6,1.1905929721055427e-33,10.29832,CXCL12_CXCR4,H1
2525,6,2.5221377364162417e-33,6.4403334,VCAN_CD44,H1
2526,6,5.010219984509859e-33,9.12135,JAM3_ITGB2,H1
2527,6,5.0660431137735274e-33,11.522584,HLA-B_KLRD1,H1
2528,6,1.0203932886398236e-32,8.759058,CXCL9_CXCR3,H1
2529,6,1.4203487546327764e-32,20.668556,VIM_CD44,H1
2530,6,1.4229988936264508e-32,10.174284,HLA-E_KLRD1,H1
2531,6,2.0369709080810164e-32,12.998084,PKM_CD44,H1
2534,6,9.683944437394615e-32,7.331589,ZG16B_CXCR4,H1
2535,6,1.8332855338804446e-31,10.197438,B2M_KLRD1,H1
2537,6,2.544244073243446e-31,10.070963,ICAM1_ITGAL,H1
2539,6,2.6357139202033137e-31,11.478338,TIMP3_CD44,H1
2540,6,1.73699347717343e-30,9.843475,ICAM3_ITGAL,H1
2541,6,5.0655527735164815e-30,17.366955,SEMA4D_ERBB2,H1
2542,6,8.125826241856184e-30,8.814016,ICAM2_ITGAL,H1
2547,6,3.415925925928145e-27,10.952733,BST2_LILRA4,H1
2548,6,4.9482516712217024e-27,8.444145,TIMP2_CD44,H1
2549,6,9.282345931066449e-27,12.77071,COL1A2_CD44,H1
2552,6,4.5772966617227557e-26,7.5360994,ICAM1_ITGB2,H1
2554,6,7.122382322231165e-26,7.120663,GNAI2_CXCR2,H1
2556,6,1.9921099022269422e-25,5.6296487,MIF_CD44,H1
2557,6,3.5599605651698612e-25,6.101653,SEMA4D_PLXNB1,H1
2560,6,1.5449849407066838e-24,8.603021,NID1_PTPRF,H1
2561,6,2.263900534386044e-24,11.255106,LGALS1_PTPRC,H1
2562,6,2.2947100594070826e-24,5.8811665,NID1_ITGAV,H1
2564,6,1.3908279839190424e-23,11.840094,FN1_CD44,H1
2566,6,1.8693171692766475e-23,5.545362,TGFB1_ITGAV,H1
2567,6,2.0722026680583065e-23,5.937305,COL4A5_ITGAV,H1
2568,6,4.046072941763879e-23,5.039919,GNAI2_CCR5,H1
2569,6,4.565339434706609e-23,5.9989386,VWF_SIRPA,H1
2570,6,6.328922479690059e-23,10.78112,NRG1_ERBB2,H1
2580,6,5.383072108792776e-20,5.0278916,VCAM1_ITGB2,H1
2582,6,2.96148490183827e-19,5.514997,APP_NGFR,H1
2590,6,1.3608860322668717e-17,6.232447,COL4A1_ITGAV,H1
2591,6,1.7047356915377047e-17,7.867018,S100A9_AGER,H1
2594,6,1.8885405833149781e-16,5.8192267,ICAM1_ITGAX,H1
2595,6,1.3585521483900918e-15,6.3465066,SELPLG_ITGB2,H1
2596,6,2.5539234657878528e-15,12.278468,HLA-B_CD3D,H1
2618,6,2.529279920276082e-12,5.379634,COL1A1_ITGAV,H1
2625,6,8.646420029684674e-11,5.1088586,COL1A2_ITGAV,H1
2631,6,4.830987714841158e-10,5.957294,C3_ITGAX,H1
2640,6,4.146102317648642e-09,5.0410733,FN1_ITGAV,H1
2643,6,1.2044278395772461e-08,5.225564,APP_NOTCH2,H1
2650,6,7.597284226778564e-08,7.0680165,HLA-C_CD3D,H1
2659,6,1.082189844425131e-06,5.07741,CALR_HLA-F,H1
2702,6,0.03321696313279215,6.4220514,HLA-A_CD3D,H1
