,SOMDE,SpatialDE,SPARKX,nnSVG,scGCO
CD99_CD81,9.225953334635052e-12,0.0,3.8198965857061603e-60,0,9.148148148148147e-29
GPC3_CD81,7.3548742853611e-11,0.0,4.72936465917121e-72,0,9.148148148148147e-29
HSPA8_LDLR,6.801256527663471e-10,0.0,1.53604112251116e-22,0,9.148148148148147e-29
AGTRAP_RACK1,4.5902955678946794e-09,0.0,5.77254423812394e-85,0,1.743603031388692e-26
LTF_LRP1,5.761725036473371e-09,0.0,3.4350146807141995e-80,0,9.148148148148147e-29
LAMB3_COL17A1,8.447313555719081e-09,0.0,1.89276446924562e-36,0,9.148148148148147e-29
SCGB3A1_NOTCH3,9.051940149821091e-09,0.0,3.48401113328379e-38,0,2.9654164111811483e-27
LAMB3_CD151,1.0240378999316525e-08,0.0,5.36268694713762e-45,0,9.148148148148147e-29
COL1A2_ITGA11,1.84107944378058e-08,0.0,2.68541781506891e-49,0,9.148148148148147e-29
SEMA4D_PLXNB1,1.9118463176229484e-08,0.0,1.33277738624194e-65,0,1.2773821585189509e-21
COL6A2_ITGA2,2.1466573107831323e-08,1.6441894759269518e-10,4.63364269362596e-12,0,3.184607600492687e-27
COL5A1_ITGB1,2.1466573107831323e-08,0.0,6.65112936613795e-64,0,9.148148148148147e-29
PLAT_LRP1,2.1466573107831323e-08,0.0,2.48978180464629e-91,0,9.148148148148147e-29
ARPC5_LDLR,2.1466573107831323e-08,0.0,2.2618632526974502e-23,0,9.148148148148147e-29
CXCL1_ADRA2A,2.1740547864641992e-08,0.0,1.74763083980121e-23,0,9.148148148148147e-29
LAMB3_ITGB4,2.1740547864641992e-08,0.0,2.0563294826215801e-53,0,9.148148148148147e-29
INHBA_ENG,2.1740547864641992e-08,6.347636441973249e-13,1.92133040839149e-44,0,2.1087801967511397e-09
GNAI2_ADRA2A,3.7226999092792985e-08,0.0,2.10328710495695e-34,0,9.148148148148147e-29
LAMA5_SDC1,4.88909483870701e-08,0.0,1.48389033060148e-32,0,2.9921715075988813e-20
MMP7_SDC1,6.944372788929667e-08,0.0,2.17883855089909e-47,0,9.148148148148147e-29
COL6A2_ITGB1,7.267235399313876e-08,0.0,2.79187503552941e-41,0,9.148148148148147e-29
LAMA5_ITGA3,9.91608072333625e-08,0.0,1.8029803839830998e-29,0,1.7688043473782842e-20
COL16A1_ITGB1,9.91608072333625e-08,0.0,2.08537663421512e-58,0,9.148148148148147e-29
LAMB3_ITGA3,1.0666894123040844e-07,0.0,1.0331549558916801e-47,0,9.148148148148147e-29
LAMA5_ITGB4,1.2529866065914452e-07,0.0,5.51148883591432e-38,0,9.148148148148147e-29
CXCL17_GPR35,1.382358757765187e-07,0.0,3.62537872083237e-46,0,5.092612745681754e-28
SEMA4D_PLXNB2,2.109040218561785e-07,0.0,1.34034631687717e-77,0,9.148148148148147e-29
LTBP3_ITGB5,2.191183497633267e-07,5.225798829306374e-14,7.19447272330431e-34,0,7.062343161208642e-23
LUM_ITGB1,2.520358846390016e-07,7.032546588081253e-13,9.67068457431114e-39,0,9.148148148148147e-29
MMP7_CD151,2.7678546954401645e-07,0.0,6.85396249303021e-39,0,2.011439327112756e-26
COL14A1_CD44,2.7678546954401645e-07,0.0,1.50087791356346e-31,0,9.148148148148147e-29
TGFB3_ENG,2.7678546954401645e-07,1.244238514093995e-10,5.0807060263897296e-26,0,2.414681498524749e-09
LAMA5_ITGA6,3.773982786520055e-07,7.549291406800484e-07,5.6922101645494305e-15,0,1.7718164539284076e-26
LAMA5_ITGB1,5.779361549935141e-07,1.6833619207039253e-14,6.05681202799722e-56,0,5.428670106291382e-22
LAMB3_ITGA2,6.325344020857645e-07,0.0,1.07536909815057e-25,0,1.504282441969265e-25
COL6A1_ITGA6,7.041585380441651e-07,2.4748986479242565e-10,2.98520766510773e-07,0,9.781030569365998e-15
COL1A2_ITGA2,7.082046944222539e-07,0.0,5.81951436016137e-32,0,9.148148148148147e-29
SERPINE1_LRP1,7.082046944222539e-07,2.9773009454662056e-14,1.8860925865780999e-50,0,2.8868902409776746e-15
HMGB1_SDC1,7.082046944222539e-07,0.0,8.20610307223142e-27,0,9.148148148148147e-29
COL5A1_SDC3,8.412892569708111e-07,0.0,1.3755034905306898e-62,0,9.148148148148147e-29
LAMC3_ITGA2,8.795868499926669e-07,6.482828356675035e-08,4.98260330122024e-16,0,4.243613954936627e-17
VCL_ITGB5,9.54539996395703e-07,1.8281672472160917e-15,3.07871026501096e-37,0,6.542740689836423e-22
BMP2_ENG,1.2092207811511165e-06,2.5371273894923195e-10,4.8241290642208194e-12,0,7.084278668404829e-16
APP_ADRA2A,1.2092207811511165e-06,6.37732760656776e-16,1.13120792210796e-26,0,6.942042604617702e-27
TGFB1_ENG,1.2982020373175978e-06,2.9595912388740704e-07,3.52055198814448e-10,0,1.887102595590375e-09
RTN4_GJB2,1.3757030866258006e-06,0.0,4.501635095577159e-28,0,5.089147188733151e-19
TFF2_MUC6,1.39926468761272e-06,0.0,1.1034761577268301e-44,0,9.148148148148147e-29
TNFSF12_TNFRSF12A,1.5116290413583856e-06,0.0,4.60077068656855e-21,0,7.39052825453605e-21
COL3A1_ITGA2,1.5116290413583856e-06,1.584960710974251e-05,4.03177380728196e-17,0,1.2830262002715184e-14
COL1A1_ITGA11,1.6628584038815643e-06,7.950011698903001e-14,1.00783353814129e-24,0,4.902188752208308e-22
COL6A2_ITGA1,1.6855994854448788e-06,2.4141925623361996e-10,5.22746732157871e-16,0,4.1041971291461367e-20
LAMB1_ITGA6,1.6855994854448788e-06,7.811359415155506e-10,3.83170507535976e-10,0,2.3194422828662982e-14
ACTR2_LDLR,1.6855994854448788e-06,0.0,1.43512296305253e-39,0,9.148148148148147e-29
THBS1_SDC1,1.6855994854448788e-06,0.0,3.5782819066797198e-34,0,1.2773821585189509e-21
PLAU_ITGB1,1.6855994854448788e-06,0.0,1.38772377176516e-51,0,7.862322233091378e-25
LAMB2_ITGB1,1.931465317770356e-06,5.46318780347832e-07,5.19879932958207e-38,0,8.11573611688654e-18
PLAT_ITGB2,1.9506656237126124e-06,2.0299616471689533e-09,8.40712406005919e-30,0,2.5514697843033806e-17
LTF_TFRC,2.0650563222957302e-06,1.5456524522146364e-06,4.43971124101293e-30,0,9.877464538077749e-24
CD160_TNFRSF14,2.0650563222957302e-06,0.0,1.20226214726778e-48,0,9.148148148148147e-29
LAMB1_ITGA2,2.1094213331124778e-06,1.1183511160612142e-05,5.47546789067946e-10,0,4.6220318124230365e-11
LAMC1_ITGA2,2.136355326224967e-06,8.557368774618668e-09,9.43885949451512e-15,0,7.473201903373778e-12
COL6A1_ITGA2,2.173109053018069e-06,5.689529844139798e-14,3.8811571854832e-17,0,3.7266576597951466e-18
LAMA5_ITGA2,2.586109428431873e-06,9.971293970805371e-09,1.2951430092474e-14,0,2.5046735020201247e-20
SEMA4D_ERBB2,2.7278277666523853e-06,0.0,3.95235982234498e-58,0,1.868108958872913e-21
MFAP2_NOTCH1,2.7278277666523853e-06,0.000159524910252,4.55923896647849e-31,0,4.420917520880644e-21
LAMC1_ITGB4,3.117272440591347e-06,0.0,1.70272365338785e-47,0,9.877464538077749e-24
SEMA3F_NRP2,3.222368989603828e-06,0.0001624757727406,2.4565958154415e-17,0,7.040443396427387e-08
S100A4_ERBB2,3.222368989603828e-06,6.347636441973249e-13,1.2420854866693002e-32,0,3.125250597801942e-15
COL1A2_ITGA1,3.222368989603828e-06,1.442045716554072e-13,3.27926614402723e-12,0,6.970294183162527e-14
VCAM1_MSN,3.234305945922144e-06,1.3964104434204548e-07,6.484462995464281e-09,0,2.4529156636878952e-18
PGF_NRP2,3.2754828482477786e-06,0.0061953504730211,8.13956355042753e-11,0,1.0026830037531729e-08
COL6A1_ITGB1,3.5238461125085662e-06,2.0596148485338e-08,3.73205491056343e-07,0,4.351977693202858e-17
COL5A2_ITGB1,3.812298801590176e-06,9.842109766067253e-13,6.02426433429348e-16,0,1.28163031056257e-25
CGN_F11R,3.880291390988656e-06,9.221060148506152e-07,1.77535072592666e-10,0,2.128300917816385e-12
LAMB3_ITGA6,3.880291390988656e-06,0.0,1.2148672578219399e-18,0,2.983021451143619e-23
THBS2_ITGB1,4.189764707582216e-06,0.0,1.10884950300244e-13,0,1.2201342639780747e-28
EFNA1_EPHA2,4.321923347658828e-06,8.562749877051426e-08,3.2831238373255897e-18,0,7.684734147109955e-27
COL7A1_ITGA2,4.55290115404138e-06,2.0627824667940334e-06,2.5671649501687904e-19,0,2.961870157707529e-12
TGFB3_ITGB1,4.55290115404138e-06,1.8281672472160917e-15,1.05929546567671e-41,0,9.148148148148147e-29
COL1A2_CD93,4.55290115404138e-06,2.2205764779945468e-10,1.05427408925043e-08,0,1.2818035741691684e-21
COL1A1_ITGA2,4.65011302848776e-06,0.0001005500930419,9.76744357192476e-11,0,7.284268896677602e-11
NID1_ITGA3,4.65011302848776e-06,1.0338043105938781e-13,1.76573647666447e-19,0,9.148148148148147e-29
CALM1_AQP1,4.737677710568009e-06,0.0,0.0001393845208135,0,9.148148148148147e-29
VCAM1_ITGB2,4.737677710568009e-06,2.483972496076186e-08,5.836558305456131e-09,0,4.789363606404302e-16
CSF1_CSF1R,4.771529079919021e-06,7.848169645028077e-12,6.88621983104292e-29,0,9.148148148148147e-29
APP_LRP1,4.771529079919021e-06,0.0,5.616786436959199e-41,0,1.6272117936286286e-14
VCAM1_EZR,5.084048598240751e-06,0.0,2.47746320661376e-05,0,9.9364973422649e-19
COMP_ITGB1,6.530741167295959e-06,7.759113370216535e-08,6.525786311379849e-30,0,2.2591361620256797e-11
LAMC3_ITGA6,6.530741167295959e-06,1.4963083763483642e-10,3.20862297362098e-10,0,8.314929694418266e-14
GPC3_LRP1,6.597889735772034e-06,2.255958383064657e-12,7.75769552916124e-54,0,9.148148148148147e-29
PPY_ADRA2A,7.77740467324593e-06,2.4795478462241773e-13,3.6994761203756596e-26,0,9.148148148148147e-29
LAMB2_ITGA3,7.77740467324593e-06,1.440374194776314e-14,1.79983114443486e-20,0,4.524102843878993e-27
MMP1_ITGA2,7.783860595690761e-06,3.605201949710216e-05,3.85671902112117e-07,0,1.9280307656228717e-11
MDK_TSPAN1,7.783860595690761e-06,3.999115853285199e-15,7.54064830400526e-14,0,9.148148148148147e-29
LAMC1_ITGA6,7.783860595690761e-06,3.6210265819512094e-09,1.6872339989924702e-09,0,4.577614852152012e-17
THBS1_ITGA6,7.783860595690761e-06,7.6739839329992e-13,1.64802732854796e-08,0,1.1134192487934994e-16
COL18A1_ITGB1,7.783860595690761e-06,8.933773471893025e-07,4.25674075833319e-22,0,7.430875035425881e-16
LGALS9_MRC2,8.128298700782468e-06,4.10361475775164e-07,6.180247443406701e-20,0,4.204435345123661e-15
AFDN_NRXN2,8.190899055128686e-06,6.909696981249881e-09,1.27470974944242e-10,0,1.6095336798750322e-12
LAMA4_ITGA6,8.931073563458257e-06,1.0537026806645142e-09,1.77296436480987e-08,0,1.4384290919662569e-15
THBS1_ITGA3,9.190461642511553e-06,2.289646358163842e-14,2.4143116161378798e-30,0,4.1208485999446873e-19
ADAM9_ITGA6,9.358952468631266e-06,6.497811361248544e-09,1.38775533564732e-08,0,2.2296214993885663e-19
TGM2_SDC4,9.358952468631266e-06,0.0,3.0230833573878797e-34,0,6.94254205644593e-17
VCAM1_ITGB1,9.358952468631266e-06,6.65249748292522e-14,1.28740558227857e-08,0,6.893423425132217e-18
HSPG2_ITGA2,9.742400815288783e-06,1.856538996610387e-11,3.57146484450614e-13,0,6.94254205644593e-17
ANXA1_ADRA2A,9.783127607850906e-06,2.3968668391853515e-06,5.43017787412813e-10,0,5.579113437009205e-23
A2M_LRP1,9.783127607850906e-06,1.323015771011645e-13,1.08018854333238e-55,0,1.7267252339477465e-22
LIF_IL6ST,1.0302654678458666e-05,9.114743303552008e-11,1.09159905947189e-34,0,3.255823384441382e-25
NLGN2_NRXN2,1.0413174665721428e-05,8.502415161344635e-09,1.35213596238976e-08,0,1.6465450859371318e-11
CXCL14_CXCR4,1.2221628267653744e-05,0.0035774209608854,2.1192373812816902e-24,0,2.279626709591087e-09
HSPG2_ITGB1,1.3115187254564e-05,0.0,5.6065271625410894e-36,0,9.148148148148147e-29
EFNA5_EPHA2,1.3115187254564e-05,7.51161012847098e-07,3.52945021738097e-17,0,1.3732182897800673e-18
PDGFB_PDGFRA,1.3146020696664052e-05,0.006262896259484,1.22419046965631e-10,0,7.748082448269166e-13
VEGFA_NRP2,1.336080155597358e-05,0.0013184550203112,3.23383533985996e-14,0,1.5505517465500226e-11
CALR_ITGA3,1.336080155597358e-05,3.500745792541451e-15,3.25629135257158e-15,0,6.614517279340085e-17
SPINT1_ST14,1.4102967951346373e-05,2.4544937970993885e-07,2.6772537823873e-29,0,1.3923280839185834e-05
PLAU_LRP1,1.423597587171674e-05,0.0,1.7318876580870402e-60,0,1.1472827893937684e-14
THBS1_LRP1,1.4564915602119884e-05,4.925191305938945e-07,6.316544314758731e-09,0,1.9660031410490699e-13
COL6A1_ITGA1,1.4670820698515608e-05,2.7401201832379714e-09,6.809273004353021e-14,0,9.503061701787572e-21
LAMC3_ITGB1,1.5520768294802917e-05,1.526554321502687e-05,2.6237295248666004e-16,0,1.6010606377431886e-07
HBEGF_CD9,1.5520768294802917e-05,9.482150654150276e-05,1.45791809942487e-10,0,1.1696771469073936e-19
CD14_ITGB1,1.553955955263617e-05,5.5040724077451946e-08,3.59382001019256e-11,0,3.4544917964547065e-11
APP_CD74,1.553955955263617e-05,0.0,9.94884031660234e-59,0,9.148148148148147e-29
ZG16B_CXCR4,1.5583601387686655e-05,1.1186606114963484e-09,2.72673414348899e-41,0,1.1124084538583098e-10
COL5A1_ITGA1,1.603591217598031e-05,4.9561745594851776e-12,5.54723810615403e-38,0,4.438426409777668e-13
FN1_ITGA2,1.7338203651011357e-05,0.0014205613755411,4.2011884941357e-17,0,6.597422397476997e-13
FBN1_ITGB1,1.7338203651011357e-05,1.1881406662964277e-06,3.8303463364392104e-23,0,3.553282143737454e-16
LAMB2_ITGB4,1.881592955965242e-05,0.0,5.3577502109468006e-21,0,1.9828946968593623e-21
LAMB1_ITGA3,1.931152999157155e-05,8.079360170786355e-09,1.0349649187696499e-12,0,2.1741435567361805e-25
AFDN_F11R,1.948664843957922e-05,3.088261168447581e-06,8.39768240755453e-12,0,3.22765812390039e-14
COL6A3_ITGB1,2.030035235334121e-05,7.859101875032263e-12,4.89289648463689e-36,0,2.241590161237997e-18
COL1A2_CD44,2.0313510929179587e-05,3.546644459599216e-13,1.9229208996955698e-11,0,4.422876876098581e-22
FGG_ITGB1,2.0472304074879256e-05,3.2872700138260794e-08,6.93501477787079e-16,0,1.5967587415330134e-12
LAMA5_BCAM,2.04770770551816e-05,1.4751840622067343e-10,3.07283512396372e-22,0,2.059948972078518e-27
SEMA4D_MET,2.064560236188804e-05,4.10361475775164e-07,0.0001900315890338,0,7.292558465519339e-11
PSAP_LRP1,2.1725411189039214e-05,0.0060185306556137,0.0007541409227633,0,3.3265466009104653e-18
FGA_ITGB1,2.2869258357089737e-05,6.640706699159312e-06,3.6078051522234706e-15,0,1.5505517465500226e-11
COL6A3_ITGA2,2.310779331911575e-05,1.1144949352207927e-06,1.44620785998923e-10,0,6.156695169865664e-18
LAMC2_ITGA2,2.3903164635051687e-05,0.0001931186175208,2.7388676671399602e-15,0,2.0971122166457105e-20
HSP90AA1_LRP1,2.701442431182935e-05,0.0,2.62742548527565e-12,0,2.0703624313745214e-21
LAMB3_ITGB1,2.7261727700241247e-05,1.9005247825543861e-07,3.2945262075738603e-10,0,2.360213336767954e-13
APP_PLD1,2.760359250601313e-05,3.0190029359354714e-08,5.2875506741786103e-14,0,4.524102843878993e-27
LAMB1_ITGB4,2.8507339943963563e-05,0.0,4.4550143024017795e-33,0,7.357909806297011e-28
THBS2_ITGA6,2.8507339943963563e-05,3.836067343131448e-06,1.55914733185032e-07,0,5.389408476015248e-22
FGB_ITGB1,2.9457100484830207e-05,9.57292358216626e-06,1.04675798347436e-17,0,1.4022703225080045e-12
LGALS9_SLC1A5,2.999078964090768e-05,1.81961614235008e-11,6.32066645172072e-12,0,1.8114113261398094e-13
EFNA2_EPHA2,3.094632003026106e-05,7.031873734718949e-05,2.47840692188316e-05,0,2.2838515958357492e-17
FN1_ITGB1,3.1355453240149656e-05,5.195927420883908e-06,5.877276291335019e-22,0,2.293374887822615e-11
COL4A1_ITGB1,3.1355453240149656e-05,0.0,6.26365827860038e-22,0,1.814223104208904e-21
LAMC2_ITGB1,3.15291242249534e-05,6.336983057148601e-07,1.87769787651626e-15,0,8.493507942871448e-17
CEL_CXCR4,3.1863942218964434e-05,0.0090866310788266,8.51853035679351e-13,0,8.868751769868313e-13
SPP1_ITGAV,3.233937624641287e-05,0.0,3.8599580509215597e-22,0,9.148148148148147e-29
SERPINE1_ITGAV,3.57821394213537e-05,9.758025498740607e-12,7.17335260869209e-36,0,2.1741435567361805e-25
LAMB1_ITGA7,3.7940357478308354e-05,3.442376605965371e-06,6.95189583026373e-09,0,7.20508467989692e-13
LAMC1_ITGA7,3.7940357478308354e-05,0.0002143884122224,4.06782824008994e-08,0,1.021791914014864e-11
CALM1_KCNN4,3.882425840367361e-05,0.0,5.632807128136071e-44,0,4.6122005811281727e-26
ADAM12_ITGB1,4.001360303422176e-05,7.378323361858599e-05,1.11567319225169e-14,0,1.344215349266352e-07
COL1A2_ITGB1,4.001360303422176e-05,3.532944631290391e-11,4.0925810880046e-14,0,3.0157534710986844e-15
HMGB1_CXCR4,4.085213125249356e-05,1.7728802433946346e-07,9.06031546172122e-31,0,1.0382012431758737e-13
VCAN_ITGB1,4.152179031534238e-05,0.0002626220449929,1.50766647601579e-13,0,1.3697654897365634e-12
TIMP2_ITGB1,4.194972032662431e-05,1.3233798228681615e-06,1.56242382078418e-16,0,2.3972407089116507e-09
COL4A1_ITGA2,4.202105986260853e-05,3.420531824308026e-07,3.93159621989277e-06,0,4.970925389660229e-16
CDH1_PTPRM,4.202105986260853e-05,1.0488603247998917e-07,2.1485934725461902e-23,0,1.1147161256418727e-19
LAMC2_COL17A1,4.296456601753536e-05,5.109850474712153e-08,2.28688581678651e-05,0,6.717078031728148e-25
FAM3C_LAMP1,4.371478758623914e-05,0.0,5.55269870277569e-21,0,3.6494619638207886e-21
PSEN1_NOTCH3,4.482806691708572e-05,0.0,7.905102240781671e-17,0,1.7652005451572274e-24
TIMP1_CD63,4.687464680318915e-05,0.0,2.0528352466323102e-20,0,4.1363590777683243e-13
C3_ITGAX,4.746233830291266e-05,0.0033052067592111,7.48414182683032e-05,0,3.1633873037143467e-08
APOE_LRP1,4.792314416316801e-05,1.57334119250459e-06,2.6441252791947503e-21,0,8.926382314179161e-16
ADAM9_ITGB1,4.792314416316801e-05,1.4915114887369508e-06,1.8141027516287602e-14,0,7.886048171924675e-10
GNAI2_EDNRA,4.792314416316801e-05,1.8016232084837846e-11,7.79361346140604e-16,0,9.148148148148147e-29
VEGFA_ITGB1,4.792314416316801e-05,0.0001793801688397,3.22524993630281e-13,0,1.4377751625448836e-11
ICAM1_ITGB2,5.198493890032427e-05,1.4644725031737479e-09,3.04124247961942e-13,0,2.0283264107508907e-09
SERPINE1_PLAUR,5.344254075423139e-05,3.8840097232543225e-05,1.1159648715176398e-11,0,9.327556429308033e-13
HSPG2_LRP1,5.713667111163112e-05,3.5762577472400733e-13,1.21737689782353e-26,0,2.768059296540706e-26
COL1A1_ITGB1,5.743309538441914e-05,0.0003171139291142,4.208660414329889e-11,0,5.823566305400548e-12
LAMC1_ITGB1,6.292301580171246e-05,8.488970173451475e-05,6.95123484268964e-14,0,7.886048171924675e-10
LAMC2_ITGA6,6.292301580171246e-05,0.2146290305104324,3.21725322706988e-05,0,6.981367831816553e-11
ADAM10_CADM1,6.306423272966997e-05,8.637024441908739e-05,7.54535742642464e-08,0,3.834087960070362e-11
GRN_SORT1,6.306423272966997e-05,0.0009494418852078,3.60158076985739e-09,0,2.296497914587216e-12
ADAM12_SDC4,6.306423272966997e-05,0.0,3.20862297362098e-10,0,2.9249022301368335e-18
AGT_ADRA2A,6.583387678895656e-05,4.0462908535533615e-09,3.95246689544058e-06,0,4.240097156932002e-28
LAMB1_ITGB1,6.656096881775313e-05,4.012667129946851e-07,1.7243360215343998e-17,0,5.30940549042597e-10
LGALS3BP_ITGB1,6.764114904745592e-05,4.012667129946851e-07,5.36816666416754e-13,0,2.1653150084383087e-14
PLAU_ST14,6.817727197161696e-05,8.645501731936096e-12,8.7618108112763e-39,0,7.82211980233252e-22
TIMP2_ITGA3,6.850905877225059e-05,0.0,4.58892791997094e-23,0,1.1441197997796237e-22
TNFSF10_RIPK1,6.882497996019225e-05,0.0371208964132734,1.1471893841231999e-12,0,2.076012107732831e-23
FBLN1_ITGB1,6.962616037229502e-05,4.081852352321307e-06,1.13659206460641e-11,0,1.513102078795757e-16
TGFB1_CXCR4,7.095553587236269e-05,0.0318716577715076,1.4783438167302e-12,0,4.9157740507984186e-11
C3_ADRA2A,7.248444239838737e-05,0.0047525534454658,0.000685260739069,0,5.848322219108057e-22
TLN1_ITGB5,7.248444239838737e-05,4.016897115014509e-12,5.258745215466521e-31,0,7.366973564478539e-18
TGFB1_ITGB1,7.366297681314559e-05,1.1881406662964277e-06,3.0695723144567403e-09,0,7.567815147401133e-17
APOE_LRP8,7.366297681314559e-05,4.0449272733264716e-10,9.298417955203681e-19,0,9.148148148148147e-29
APP_TSPAN15,7.385306446675618e-05,5.96786647520121e-08,3.1993676159303e-06,0,5.444734035551403e-26
ADAM10_NOTCH1,7.408060614664538e-05,0.0017714548673396,5.261690164331099e-13,0,1.0382012431758737e-13
PSEN1_NOTCH1,7.500659382544865e-05,0.0005261899030669,1.65189863916148e-08,0,4.735577334792131e-13
LTBP1_ITGB5,8.084608022512929e-05,8.37218921430215e-10,5.71606464645654e-22,0,5.147789994953403e-18
MDK_ITGB1,8.24816337292809e-05,1.3265457096308294e-07,1.3806345584067401e-24,0,1.211464865586764e-13
LRPAP1_LRP1,8.387368579190655e-05,0.0043301840582625,1.1844261620823199e-12,0,9.148148148148147e-29
LAMC2_ITGB4,8.489201199184442e-05,0.0,4.12143763394566e-24,0,9.148148148148147e-29
GNAI2_PTPRU,8.489201199184442e-05,0.0,1.70613789047384e-22,0,2.4489952694010983e-27
COL3A1_ITGB1,8.570433582700422e-05,0.0006169447140412,5.9642906504021e-14,0,1.613237992622895e-13
AFDN_NECTIN4,8.806700485852963e-05,0.0120408056602038,7.72334588533691e-06,0,4.7880453239107e-18
SPP1_ITGB1,8.957708076026978e-05,0.0,4.24819040253489e-23,0,2.9842036450549577e-25
SPP1_CD44,9.047541350961985e-05,0.0,2.6194903143949602e-17,0,9.148148148148147e-29
PLAU_ITGB2,9.07588631637476e-05,0.0045820917984392,2.78892738539617e-10,0,2.5345553132879442e-08
C3_LRP1,9.174719029961858e-05,0.0190394278288087,0.001531953452795,0,1.999137534328687e-15
COL1A2_ITGAV,9.233325957524572e-05,2.3845659746296838e-15,1.11567319225169e-14,0,1.7087600604989018e-20
CALM1_PTPRA,9.677199631176817e-05,9.473230281028837e-14,3.07218893842269e-20,0,1.121619505998455e-25
TFF1_MUC5AC,9.704206728238416e-05,8.567761768381698e-12,1.6047940308368e-08,0,9.926994369918198e-22
FGB_ITGB2,9.868520419397895e-05,1.6445506120142004e-06,3.78242700243326e-07,0,4.567782157866619e-15
NID1_ITGB1,9.900052033481042e-05,8.63320912483745e-06,2.15101251316821e-23,0,3.719829560654706e-12
TNFSF12_TNFRSF25,9.900052033481042e-05,0.0008140354698508,8.07534882010745e-12,0,1.2417329216442806e-12
PDGFB_LRP1,9.900052033481042e-05,0.0003768575597469,4.85123315865241e-07,0,9.148148148148147e-29
THBS1_ITGB1,0.0001038700371735,1.6324805043774103e-08,7.21112744040567e-09,0,1.7764771080003983e-16
TIMP3_CD44,0.0001038700371735,1.6112668417102755e-05,7.3118896701025105e-09,0,9.926994369918198e-22
MDK_LRP1,0.0001045704740508,0.0003260266100945,4.27059315749379e-24,0,3.582318924960129e-11
LAMC2_CD151,0.0001054689876019,0.0,2.26799562113225e-27,0,8.662192230434753e-27
CSF1_SIRPA,0.0001056529890241,1.3305878138433637e-13,1.5548230975728802e-25,0,2.483849509227869e-22
MDK_ITGA6,0.0001067944805155,8.027808211788416e-07,6.5058463965888e-08,0,5.03840316192698e-12
THBS2_NOTCH3,0.0001076317339531,0.0285314596544886,5.29376214118583e-06,0,1.8043573862708007e-10
HLA-B_CANX,0.0001076317339531,1.0318025046943402e-09,7.27441438909226e-17,0,1.5122468945438136e-15
VWF_LRP1,0.0001076317339531,0.0012535266155317,5.81728449107551e-10,0,2.945811190659085e-09
GAS6_AXL,0.0001079538987913,0.0055843844577969,2.93040875369537e-07,0,4.0956704213753594e-11
ADAM10_GPNMB,0.0001080207469068,0.045961968397434,1.1643171710980998e-12,0,4.6805741493186156e-11
ICAM2_ITGB2,0.000108033068156,1.543287975553455e-08,5.46905404577757e-08,0,1.9718549289096216e-16
LAMC2_ITGA3,0.0001088552585821,0.0,5.61500240059186e-23,0,1.264017921058673e-15
JAG1_NOTCH1,0.0001088552585821,0.1182894423158458,1.89450447267236e-06,0,5.605595820618867e-19
TGM2_ITGB1,0.0001088552585821,2.3405552124918088e-06,4.2363503264224204e-17,0,9.001192603948047e-13
LGALS9_CD47,0.0001088552585821,1.480815470245034e-14,7.66223830310786e-13,0,9.148148148148147e-29
FGA_ITGAX,0.0001136706436058,0.0104976243255121,8.75662679361991e-05,0,1.4345296215412972e-09
DKK1_LRP5,0.0001157959558205,5.469629954605172e-10,2.3415303990591898e-28,0,2.4098517122253507e-25
CXCL16_ADRA2A,0.000117552120983,0.0079783074940866,2.13086914846995e-06,0,1.485425919930068e-10
FGG_ITGB2,0.0001177701041723,0.0003997300550802,0.0005073210757409,0,1.333887629599265e-18
CALR_ITGAV,0.0001188640544812,9.596720608862264e-08,0.000646578145244,0,5.001584722843431e-15
CXCL2_ADRA2A,0.0001192131817151,0.0894619509816773,1.92643485838238e-08,0,1.319200265560593e-10
JAG1_CD46,0.0001198339755689,0.0003019258575203,1.4132673573206e-09,0,6.502921541846005e-10
ADAM15_ITGB1,0.0001198339755689,6.640706699159312e-06,7.6576143170985e-20,0,3.513755733080932e-13
HSP90B1_LRP1,0.0001199538455751,0.0069025206117224,0.0134720725591366,0,1.651534202525574e-12
PLAU_ITGAV,0.0001206296191854,2.0191384481706319e-10,1.17712250892459e-24,0,1.36741445368333e-12
ADAM10_TSPAN15,0.0001218798500007,0.0025385317732828,0.0001735986249744,0,5.148381865723376e-18
FGF19_FGFR4,0.0001252952902553,8.083713578429773e-05,5.562031940010899e-23,0,2.412858645635725e-12
CCL21_ADRA2A,0.0001279205473413,0.0128042308143223,0.0006961327755442,0,9.164221757295771e-24
APP_NOTCH2,0.0001281412838651,7.386666234585017e-13,1.5230541752718198e-22,0,2.3546176633593787e-24
SPP1_ITGA5,0.0001281412838651,0.0,7.264848693731921e-14,0,4.7426702790071386e-27
DCN_MET,0.0001312156519152,0.000307956393838,7.13193685667385e-13,0,3.3532426030239764e-20
CALM1_INSR,0.0001375696354614,5.7969638479154166e-12,6.1079388365139095e-12,0,5.1219246100472363e-26
SERPINA1_LRP1,0.000139618914804,1.1921918489804352e-08,2.38630983268968e-31,0,1.1802053034577375e-10
HSP90AA1_CFTR,0.0001425508969523,0.0,5.9345035673700295e-28,0,6.905488785005602e-28
LAMA4_ITGB1,0.0001425508969523,1.4168107796896311e-05,3.25742840496701e-06,0,1.3926088493149605e-15
CALR_LRP1,0.0001460567455064,1.410260876253427e-07,2.4656859003318198e-18,0,1.3345879861559227e-16
WNT7B_LRP5,0.000152022777409,1.4629563561904927e-10,1.1123875527534702e-09,0,2.1176516541756992e-20
ICAM1_ITGAX,0.0001544702031487,4.6211328316759625e-11,1.60711668586201e-16,0,3.550828727638766e-09
AGRN_ITGB1,0.0001576749830281,4.200233076522095e-05,1.28862238888686e-10,0,5.3239459373873584e-11
PTGS2_ALOX5,0.0001660154862561,0.06937125400246,0.0002382546847329,0,8.827839689674451e-15
JAG2_NOTCH1,0.0001666851143162,0.0667756688352553,2.1043602060299e-05,0,2.827990267218061e-22
CDH1_LRP5,0.0001764271757261,8.332569144478709e-07,1.10343389703359e-18,0,3.2113136706977977e-25
FN1_ITGA6,0.0001847575678436,0.0400474102825555,3.63659205260309e-07,0,8.362478363650277e-10
GNAI2_IGF1R,0.0001909132299809,2.0421559701593403e-11,6.33800909269208e-24,0,9.148148148148147e-29
ADAM10_NOTCH2,0.0001933778093162,0.0084507380062342,1.96361646506235e-06,0,7.21533265863162e-08
ADAM15_ITGA5,0.0001933778093162,0.0,1.89447400225409e-16,0,1.7773977533291104e-14
HSPG2_FGFR1,0.0001966092954858,0.0,2.65591703508393e-35,0,3.5042258368983253e-23
INS_INSR,0.0002011000536661,9.733755343285675e-14,4.28116538239852e-34,0,9.761404445023784e-25
PLAU_IGF2R,0.0002025039204886,3.0284662784485494e-08,3.24433208354621e-32,0,3.941890870450705e-16
THBS2_CD47,0.0002025039204886,2.2356316421464574e-13,6.33155706492572e-06,0,9.148148148148147e-29
ALOX5AP_ALOX5,0.0002025039204886,0.1581255301351211,0.0005507850215756,0,7.90742194372265e-14
CALM3_AQP1,0.0002060593600483,0.0,2.12982952770188e-22,0,9.148148148148147e-29
PDAP1_PDGFRB,0.0002060593600483,1.162374245090417e-12,9.32411040104013e-38,0,7.133111132363887e-18
TNFSF10_TNFRSF10B,0.0002208225687596,0.0222569060117339,0.0192207268223242,0,6.353891848899551e-17
ICAM3_ITGB2,0.0002233422695663,0.0008140354698508,7.03519694380955e-07,0,3.252270683369155e-09
JAG1_NOTCH3,0.0002293142463915,4.016897115014509e-12,1.525506611826e-20,0,1.0541851334894186e-19
CALM2_AQP1,0.0002325830500825,9.061942844136836e-12,1.40413234107442e-06,0,1.097422477564847e-17
PDGFB_PDGFRB,0.0002333456951624,0.0104291889264442,4.03450509211843e-09,0,4.681509577652779e-09
SPP1_ITGB5,0.0002333456951624,0.0,2.6082306554340402e-20,0,9.148148148148147e-29
GNAS_PTGIR,0.0002405157842274,0.0012080942319393,1.8396297689195401e-10,0,3.52737782848123e-10
CD14_RIPK1,0.0002441979318258,0.061608145332594,1.15473024464406e-13,0,5.352234869046427e-13
GNAI2_ADORA1,0.0002467443667374,0.0,3.81732431135399e-23,0,9.148148148148147e-29
SLPI_CD4,0.0002738239073113,9.583189968762713e-08,2.17451550859398e-32,0,6.788497230196667e-12
JAG2_NOTCH3,0.0002741559012539,1.556176441676525e-09,4.40394651095855e-17,0,5.907068671937935e-20
SEMA3B_NRP2,0.0002768528059825,0.0205179759387303,0.0002019576719932,0,4.946236408087039e-10
C3_CD46,0.0002812779686421,0.0005261899030669,3.78431707617402e-17,0,4.122113896379554e-07
AGRN_LRP1,0.0002814943745234,0.0053765874829588,1.50890913245141e-07,0,2.818372213718152e-10
EFEMP2_AQP1,0.0002834740856095,1.2312146766965513e-14,1.26038394103747e-12,0,1.5801915060574838e-25
AFDN_NECTIN1,0.0002843146588769,0.0005924090125743,7.56805126602378e-11,0,2.1410743006744438e-13
JAG1_NOTCH2,0.0002846919028151,0.0032041978451134,0.0250094509393339,0,1.8208620998498012e-10
SERPINE1_ITGB5,0.0002873233086329,1.1539280276423775e-06,2.06003705656905e-34,0,2.444260458068885e-23
BMP2_GPC1,0.000294222341507,7.032546588081253e-13,2.98586331952352e-21,0,6.088656165550461e-18
AFDN_NECTIN2,0.000298133148104,1.0038596937838357e-13,4.71993993347052e-07,0,7.345854033297429e-17
FN1_ITGA3,0.0002997917445726,1.0742838463022392e-14,5.04177142250685e-21,0,2.3072337012207687e-14
COL1A1_ITGA1,0.0003014989607882,0.0850977755549194,9.39742049625022e-08,0,6.821478558826407e-15
IL1RN_IL1R1,0.0003014989607882,0.0032283142222764,5.94206322878285e-10,0,7.41535029224008e-15
SPTBN2_PTPRA,0.0003014989607882,5.028724815469349e-07,4.07775289565675e-13,0,1.1381397198463088e-16
MFGE8_PDGFRB,0.0003041772496363,5.491133279537035e-05,0.000154097002706,0,8.01653108058698e-12
SEMA7A_ITGB1,0.0003064307160055,0.0013099410049873,6.19403708683556e-11,0,5.249651593513617e-10
COL7A1_ITGB1,0.0003069518522443,0.0015625063600151,0.0005049914145144,0,1.4247577358389881e-08
C1QB_LRP1,0.0003127987666404,0.0011584744089229,1.17668826593967e-07,0,9.501935214096634e-09
COL18A1_ITGA3,0.0003127987666404,2.465040548616522e-11,4.11078895515048e-15,0,6.365099971436188e-21
JAG2_NOTCH2,0.0003132693488411,0.0001609965255056,0.0001593858726883,0,1.1244962620705992e-10
TGFB3_ACVRL1,0.0003142665973306,7.52385930955192e-05,1.7305331822483602e-15,0,1.4928418555336003e-10
SPON2_ITGB2,0.0003431063328487,6.583762015437486e-09,0.0091807596386002,0,4.1363590777683243e-13
LAMC1_ITGA3,0.0003597191319883,5.365476384701864e-12,4.89838518224017e-23,0,1.6025687273105562e-24
TIMP3_MET,0.0003641515873457,0.0046329051174389,5.93154013955127e-10,0,2.7762946887149487e-14
CALM1_SCTR,0.0003641515873457,0.0,7.257566706469841e-09,0,1.0041141685752231e-24
COL4A1_CD47,0.0003709470476025,1.250044512346449e-12,2.66871884566128e-05,0,3.046449697770268e-26
INHBA_SMAD3,0.0003711979076083,5.740456372008509e-11,1.47283589736196e-14,0,7.444946947841965e-18
THBS1_SDC4,0.000389567533887,1.7650123786758989e-12,4.0925810880046e-14,0,5.377378365189091e-23
VEGFA_SIRPA,0.0003902789569883,0.0001554618972293,7.54535742642464e-08,0,1.2267397305909434e-19
FGA_ITGB2,0.0004062453964183,1.37874832449081e-09,2.31255277521585e-08,0,2.4580246447211413e-18
COL4A2_ITGB5,0.0004106607108773,3.85009787996283e-06,2.42825456606661e-16,0,5.145131572808019e-15
MMP7_CD44,0.0004331056360367,2.080249025177305e-05,2.02049873182493e-05,0,1.0089830626842004e-14
FN1_ITGB6,0.0004444739054417,0.2377883243705871,1.27341365291007e-10,0,2.4301452099430063e-09
LGALS1_ITGB1,0.0004456820870303,6.479718343767409e-06,7.643854360247029e-11,0,1.867995110382751e-12
HSPG2_SDC1,0.000451561633127,2.649368544621148e-06,7.74046097312943e-05,0,4.9774235842444216e-17
C1QA_CSPG4,0.0004611139312737,0.0005261899030669,0.0004519977552296,0,1.4353581310471077e-14
SEMA3F_PLXNA3,0.0004657747117681,8.543050589627742e-12,6.21198002956542e-06,0,5.415620197537209e-21
ADAM9_ITGB5,0.0004685441597286,1.5545772373097102e-09,5.333823571517659e-11,0,1.981687463328853e-19
FGA_PLAUR,0.0004740284964131,3.217296280624282e-07,1.77535072592666e-10,0,1.1308012047181572e-27
THBS2_NOTCH4,0.000476289149118,1.6895264906519533e-08,0.0001791197965178,0,1.7039899105267464e-12
C3_ITGB2,0.0004815753208287,1.1017883525720212e-08,1.81169593504342e-07,0,1.8434770757620817e-15
THBS1_LRP5,0.0005049835439309,7.176608390739177e-10,5.890541283887071e-09,0,2.1544936902361347e-24
THBS1_CD47,0.000517268777877,0.0302383316893137,0.0002322429298355,0,1.4158556844712777e-15
TGFB1_ITGB5,0.0005401416488472,0.0002272327315888,1.36157742592145e-05,0,7.971236055881669e-13
CALM2_KCNQ1,0.0005415071186089,8.340398756555092e-07,2.87519023266888e-06,0,5.51828983392578e-08
CD14_ITGB2,0.0005436992786684,3.1313981476725704e-06,0.0003076472391727,0,7.393051169612412e-15
GRN_TNFRSF1B,0.0005496962154585,1.8016997512489328e-12,5.91915956233324e-23,0,5.112114238006203e-16
LRPAP1_LRP8,0.0005506243279991,1.070266632309764e-05,7.90531643768032e-09,0,1.5654450309548291e-22
ADAM9_ITGA3,0.0005608850717479,9.790243280362e-10,1.9007765497621298e-12,0,2.332914390790848e-18
CALM3_KCNQ1,0.0005912649534248,4.1994491674654533e-07,2.94957132224439e-07,0,3.896452284553417e-15
SEMA4A_PLXNB1,0.0006019198092407,2.8722490550439737e-10,0.350150116819263,0,2.6402663210558225e-10
LAMA4_ITGA3,0.0006106461353433,0.0,1.17723850495509e-21,0,9.148148148148147e-29
APOE_LRP5,0.0006323325720288,0.0918128103672733,1.49961232945721e-06,0,5.05262495687585e-10
ADAM10_MET,0.0006615231851585,0.0224317644710999,5.00163220900315e-07,0,2.376803519991584e-12
S100A9_ITGB2,0.0006631767161259,1.3130065881040716e-07,0.0007879365963327,0,1.721154511484882e-13
LRPAP1_LDLR,0.0006647590715635,0.0,1.8187168010336e-19,0,2.336578882800957e-17
LIPH_LPAR2,0.0006647590715635,8.415181494308415e-07,1.3775464832107599e-12,0,1.583648919056248e-16
SAA1_SCARB1,0.0006649468211082,2.207817263749001e-05,6.92251438280712e-06,0,2.1220718285054415e-13
PLAU_ITGB5,0.0006994142421859,3.8515827202474006e-05,2.53655339045551e-18,0,4.16554972320263e-13
FGF19_FGFR3,0.0007050425392521,5.232964859584281e-08,2.58795758144556e-17,0,8.515257245667912e-26
CALM3_INSR,0.0007190100782197,0.0016582941899574,2.0860414982675e-08,0,3.4799372265299885e-24
THBS1_SCARB1,0.0007190100782197,0.0450755067957739,3.87228423706814e-08,0,5.90748355509993e-19
LAMC3_ITGB4,0.0007201500421243,0.0,4.0107486060560505e-46,0,5.886779055054663e-27
LRPAP1_SORT1,0.0007475918605399,0.0492961643437611,5.2803021602667497e-11,0,5.53280929364034e-17
FN1_ITGA5,0.0007489304454518,2.3845659746296838e-15,2.16099432488677e-08,0,7.75526165295196e-28
LGALS9_CD44,0.0007625200420918,6.669230824162366e-12,7.61206637480092e-09,0,2.934595818134473e-23
LAMA4_ITGAV,0.0007626063265525,2.519978695972117e-09,3.71385853581744e-11,0,4.453268644363381e-21
ICAM1_MUC1,0.0007729860267573,0.0,2.88847428414676e-14,0,1.0859156900633324e-20
LGALS8_ITGA3,0.0008029614536213,1.2464776685564257e-15,7.194540474522861e-20,0,2.0682227547768268e-17
NID1_PTPRF,0.0008048048768071,1.8013998501827653e-06,1.95511396634773e-10,0,1.2239180026026625e-08
LTB_TNFRSF1A,0.0008048048768071,5.271319426487075e-09,7.61123261084615e-20,0,2.336578882800957e-17
COL1A1_ITGA5,0.000813275149447,0.0,1.16372822906752e-22,0,6.282699869450762e-16
APOE_LDLR,0.0008327370179974,5.030855097589081e-12,5.45184381058055e-05,0,1.3042952961339569e-18
SEMA3F_PLXNA1,0.0008421296917065,0.130526038702231,0.0010180376857651,0,6.70411894668939e-10
C1QA_CD93,0.0008500513269572,1.7650123786758989e-12,1.11567319225169e-14,0,5.59399760566892e-20
PSAP_SORT1,0.0008509430004061,0.0627491932919936,6.593141893950771e-09,0,2.0301966299692863e-10
MMP2_PECAM1,0.0008542263646521,0.0006589217127451,2.97180805674185e-13,0,3.7561783332687866e-21
TGFB1_ITGB6,0.0008606502986917,0.0205552218950901,1.0926787330815101e-09,0,8.988789558462328e-11
CDH1_IGF1R,0.0008843794417039,0.0011204058417976,1.32938434672524e-13,0,5.90748355509993e-19
COL5A2_DDR1,0.0008843794417039,2.6383902749492757e-11,3.70839323323545e-25,0,1.378487226245621e-23
CALM2_INSR,0.0009071147554034,0.1033241700894093,0.0001405809045099,0,3.919162919220925e-19
COL4A1_CD93,0.000961851193166,1.376156323155501e-09,7.65268191370193e-08,0,1.9264447351363957e-13
FN1_PLAUR,0.0009668560901151,1.0036932833320543e-09,5.2981704871390506e-15,0,7.370996116739111e-19
APP_LRP10,0.0009668560901151,0.0,4.37359522227695e-34,0,8.069496543159259e-16
GPC3_IGF1R,0.0009686949424033,0.0004616784151539,5.58115966337972e-21,0,3.321913216591594e-21
CALR_HLA-F,0.0009900256054386,7.560585358262521e-10,4.2621195217775006e-10,0,4.2475839929155526e-17
FN1_ITGAV,0.0010772958672536,1.5112234275348613e-06,0.0003018517217056,0,2.047959476053133e-15
COL18A1_ITGB5,0.0011184823335469,0.0829993652084988,0.0005173495286006,0,1.1860880140888842e-10
AZGP1_ITGAV,0.001130289475251,2.754939369543594e-07,1.78234581757151e-06,0,4.681509577652779e-09
APP_TNFRSF21,0.0011450933183315,1.5860856419097298e-10,2.05149742728247e-12,0,2.814783984548927e-20
HRAS_INSR,0.0011759531922316,1.7728802433946346e-07,1.24309510820417e-16,0,2.3968277380663386e-07
COL4A2_CD93,0.0011759531922316,2.823626607287136e-06,3.35611305705404e-08,0,5.209383113575546e-23
SEMA7A_ITGA1,0.0011787162788734,0.0044948666129066,7.91465324239058e-11,0,1.7898175453897803e-16
FBN1_ITGB6,0.0011789125176964,0.1858345381699359,0.0004705816807148,0,1.9352688015621998e-09
JAG1_NOTCH4,0.0012089701675671,0.0057279481394572,0.0003391343400382,0,3.933344894306792e-16
SAA1_ADRA2A,0.0012205042228904,0.0424455237789348,0.000656334317372,0,2.795992933868876e-13
VWF_SIRPA,0.0012405731395988,0.0004206324176025,0.000266133686351,0,7.254856826395212e-06
CD55_ADGRE5,0.0012454472285681,0.0002143884122224,1.57965014523344e-05,0,2.272105893927384e-13
MDK_SDC1,0.0012455265198511,4.139615545827539e-08,2.21544508059767e-09,0,6.619496175144984e-14
APP_NCSTN,0.0012455265198511,1.7109770390612134e-13,1.6021952073679e-23,0,9.148148148148147e-29
FGF23_FGFR1,0.0013760601145514,0.0,1.07536909815057e-25,0,9.148148148148147e-29
HSP90AA1_ERBB2,0.0013806497559485,2.959100164100813e-08,0.0002836275464949,0,9.11980943849223e-23
FGF23_FGFR4,0.0013918752519807,6.660960807315619e-11,1.64877811662811e-14,0,4.3208209673528984e-24
PSEN1_NCSTN,0.0013923811808162,0.000314259546137,0.0002533872898162,0,4.3785517987446935e-10
LAMC3_ITGA3,0.0013998875977882,2.5313084961453572e-14,8.85604951611732e-31,0,1.5916419457536978e-21
HLA-C_NOTCH4,0.0014605700048792,0.147935835888987,0.0005398554388115,0,1.1834152955613211e-14
EFNA1_EPHB6,0.0014605700048792,1.5377957621907097e-06,0.000391471997979,0,8.216209585348393e-22
INS_IGF1R,0.0014692029322765,6.355900467279403e-06,1.2514824124829402e-19,0,9.212713911911878e-24
LAMB1_ITGA1,0.0014948286876678,0.1242157962275389,5.2875506741786103e-14,0,5.887664907278999e-12
C3_CD81,0.0014987471299259,0.0,1.85101668797231e-06,0,2.795992933868876e-13
TGFB1_SMAD3,0.0015578770350116,0.0003414312019404,8.99566416429707e-12,0,7.449064141303373e-18
PSEN1_NOTCH4,0.0016468452529453,0.0160819882359914,1.58938907726222e-10,0,1.246136991425968e-16
MELTF_TFRC,0.0016650778804254,0.0236056103420707,0.0086668033776888,0,1.6619302891535233e-08
TGFB3_ITGB6,0.0017054998496301,4.0727997663603896e-05,7.15277771903008e-10,0,1.9292627129767693e-18
COL6A3_ITGA1,0.0017355705006893,0.052156157037372,2.79684791095767e-11,0,6.02813173423605e-08
PLAU_MRC2,0.0017660209488575,2.8780427463459542e-09,5.61257190953546e-28,0,1.6630946878960443e-10
JAG2_NOTCH4,0.0017741342065578,0.0033052067592111,0.0003303715785539,0,7.449064141303373e-18
VEGFA_GPC1,0.0018328048873758,5.122667833133851e-10,2.6194903143949602e-17,0,9.912691116045605e-22
TGFB3_ITGB5,0.0018695873455529,0.0002438907612323,3.5949791206034602e-09,0,3.9854681919499286e-21
COL1A1_CD44,0.0018853365610067,0.0173459749164878,1.5446452103577598e-11,0,3.1375562158024725e-08
FGF19_FGFR1,0.0019575190007785,1.5788550892736895e-06,8.31439000676292e-08,0,1.0781659421180297e-15
PLAU_PLAUR,0.0019994750142253,1.3410518437268918e-07,1.79983114443486e-20,0,3.6374762474820846e-13
COL18A1_GPC1,0.0020349004168046,2.8241151247619746e-12,2.27384822039868e-12,0,9.148148148148147e-29
ARF1_INSR,0.0021941291038633,1.5168052725235624e-11,1.8141014766614702e-15,0,3.3967551137369667e-25
APOE_SCARB1,0.0024178650014346,0.0007042981251213,0.0016958745652125,0,3.842177269075355e-11
COL4A1_ITGAV,0.0024178650014346,1.2464776685564257e-15,3.62323812079819e-21,0,9.896116034605852e-21
ADAM10_AXL,0.0024178650014346,0.127729185202908,1.8141027516287602e-14,0,9.700914635693971e-11
FBN1_ITGA5,0.0024679314318423,3.500745792541451e-15,9.731424748390021e-20,0,1.2214787183306651e-14
FGA_ITGAV,0.0025823302630023,3.069476074033154e-05,4.6895043441159e-06,0,1.984525186148084e-17
FGF23_FGFR3,0.0026139750571473,0.0,1.47213309185077e-12,0,7.082169722096973e-24
PLAU_ITGA3,0.0026139750571473,8.27735790527584e-06,2.91468432392436e-21,0,4.46282633442304e-16
B2M_HLA-F,0.0026139750571473,5.257517302778297e-09,7.74108008929998e-13,0,1.1721666229971633e-15
LAMC1_ITGA1,0.0026197795186788,0.0704687757696633,2.57459347714186e-08,0,1.141144682859248e-13
C4B_CD46,0.0026875881753767,0.0284638677661554,0.0002338980956364,0,9.700914635693971e-11
IL16_KCNJ15,0.0026882542710089,0.2146290305104324,2.22471659087862e-08,0,1.3551490760617282e-10
HBEGF_ERBB2,0.0028450204128353,0.2147362573283978,0.0007671315705997,0,1.5916419457536978e-21
PSEN1_NOTCH2,0.0028773579118518,0.0006016546969809,2.1076210881831598e-11,0,8.021283175626571e-09
CD59_CD2,0.0028992020005152,0.0010190243747251,2.87750644090255e-05,0,1.1163350453572307e-11
COL4A1_ITGA1,0.0029208409325838,0.012086048556969,1.75760220305192e-06,0,1.5009142683738056e-12
TIMP2_CD44,0.0029286632234456,1.6267721644871354e-05,2.75045693821978e-08,0,2.413794300182309e-09
IL16_CD4,0.0029406165860778,0.6561828802522758,9.7401756795097e-07,0,1.8271246328694558e-09
TGFB1_ACVRL1,0.0029436709806805,0.0513062816411071,5.03897979738051e-08,0,3.964855489807937e-07
FN1_CD44,0.0030002093610432,2.4911724703752198e-05,1.67159268994218e-08,0,2.382028107057801e-13
EFNB1_EPHB3,0.0030093208150135,0.4458735972637108,0.0004817734710477,0,1.7707088375405546e-09
ADAM10_CD44,0.0030393479037593,0.2383406691994566,5.2803021602667497e-11,0,3.335502497332766e-08
FGB_ITGAV,0.0031390846188623,0.0090056589328444,1.8122441656866602e-09,0,9.128488724775104e-07
FGB_ITGA5,0.0031868764140631,1.6796809914116696e-12,1.198292990908e-09,0,7.922587519775317e-16
AFDN_EPHB3,0.0031868764140631,0.127729185202908,1.49961232945721e-06,0,1.5675927123880948e-10
COL1A1_CD93,0.0031868764140631,3.717640550132304e-11,1.4945100816569898e-11,0,3.271978367351125e-20
SPTAN1_PTPRA,0.0032570092291273,5.469629954605172e-10,3.92682020888049e-10,0,1.4453061166154401e-18
HLA-A_ERBB2,0.0032731561355173,0.0004599179838742,0.0051854890875206,0,2.637437510209021e-22
AFDN_EPHB6,0.0032820140553392,1.7684200129850533e-05,1.04245738467189e-06,0,1.9831231115768936e-20
CALM1_KCNQ1,0.0033907448298288,0.0005964394530733,2.40176083379239e-11,0,5.67052665553181e-17
PSEN1_CD44,0.0033907448298288,0.0032076941349151,1.11863171350403e-06,0,1.798856530830769e-14
APP_APLP2,0.0034043843462297,6.37732760656776e-16,1.11434005996992e-21,0,2.3491596768562524e-28
FGG_ITGAV,0.0034083500376983,0.0002143884122224,0.0003145536468411,0,2.70806209058693e-10
FN1_IL17RC,0.0034184952089494,1.8093811298473968e-06,0.421768006359485,0,9.40504062828574e-19
CDH1_PTPRF,0.0035286023365537,0.0115968074614583,3.88794799362139e-09,0,8.56175088084299e-13
HBEGF_CD44,0.0036752211988995,0.0080151438936231,0.0005049914145144,0,2.8471666062567856e-17
FBN1_ITGAV,0.0036966640846228,0.0001200226812517,4.02686552322795e-06,0,8.848430040106914e-10
ADAM9_ITGAV,0.0040815438828223,0.0041245754401784,0.0003152472439803,0,5.6274138452841855e-08
EFNA5_EPHB6,0.0041064261512918,0.0019107931674469,0.0017557203473869,0,1.2315570043779344e-08
HSP90AA1_FGFR3,0.0042076895106708,0.0,2.47413981504984e-16,0,9.148148148148147e-29
MMP2_FGFR1,0.0042279599382659,2.0064291100134382e-08,4.11774204086953e-10,0,1.5533665352998461e-13
APP_GPC1,0.0042416594325988,7.42360239018628e-08,9.57805369173816e-07,0,1.1566389472368214e-14
CDH1_ERBB3,0.0042800227655353,4.045074267032359e-07,3.3782521107492603e-19,0,2.5932482138815884e-16
VCAN_CD44,0.0043803387607669,0.006057665834516,1.130559223177e-07,0,3.742334543091897e-12
EFNB1_EPHB6,0.0045417367147601,0.0013923639078278,0.0006513777436544,0,1.3237267055059968e-18
SEMA4C_PLXNB2,0.0045888562208292,2.8026412902866753e-08,5.3036596410478705e-20,0,1.5774983947602293e-08
VIM_CD44,0.0047939515065632,7.270246800594263e-05,0.0056265719958816,0,8.216209585348393e-22
CD6_ALCAM,0.0048089968860017,0.0003516006179267,5.8606802009057e-08,0,1.1124084538583098e-10
S100A10_CFTR,0.0048332751087941,1.1849049519341293e-11,2.01788424906509e-13,0,5.322650358316681e-22
ADAM10_TSPAN17,0.0048428275054643,0.0007757332981014,1.9708167483981e-10,0,1.7299346168672006e-11
PKM_CD44,0.0048527935230763,0.0,9.354803328240971e-17,0,2.1674098915968967e-27
MST1_MST1R,0.0050506362560924,3.938243676165964e-09,3.31760765989976e-11,0,3.760272588054632e-19
FGG_ITGA5,0.0053231912686604,2.0432457468885723e-14,5.58990167433291e-16,0,1.2251271108111972e-14
LAMC1_ITGAV,0.005458273328015,0.0018618775598286,9.18357642065871e-08,0,8.743446253813817e-10
TGFB1_ITGAV,0.0055699450402808,0.0023955341082529,0.001365015855855,0,6.216239978362942e-07
TGM2_ADGRG1,0.0057804469143527,0.0417637600590882,6.81492940785314e-07,0,1.8581683664571472e-14
PDGFB_ITGAV,0.0060060769307192,0.0009494418852078,0.0025161363934743,0,2.3814443236590357e-12
HBEGF_CD82,0.0063514439360405,3.432298828654871e-06,1.21709802791093e-13,0,1.7688043473782842e-20
ADAM15_ITGAV,0.0063514439360405,0.0016753962948119,0.0140052132204901,0,8.484920665363947e-19
NID1_ITGAV,0.0063558295523931,0.0055882230872401,3.44791060070962e-06,0,2.8762851542935764e-11
GSTP1_TRAF2,0.0063558295523931,0.0284653811489889,3.32328354967063e-08,0,6.073113810906917e-12
COL3A1_DDR1,0.0066063780081933,6.640706699159312e-06,0.0001574067510132,0,2.9463077404475866e-18
LAMB1_ITGAV,0.0067105370884941,0.0095229531872139,0.0003724753201814,0,2.6076744545105585e-08
VEGFA_ITGAV,0.0068346528100744,0.000314259546137,7.87722208192271e-10,0,2.8833373569514436e-09
APOE_LSR,0.0075437030511329,0.0035944567625916,1.37876352559444e-18,0,3.0647864270565185e-10
MFGE8_ITGAV,0.0077054768798788,0.0065569661829367,0.0182954507428554,0,3.7927889701530086e-08
B2M_TFRC,0.0079818914470201,0.0038813274563475,8.52568105488984e-09,0,5.567268332624555e-09
MDK_SDC4,0.0088744494008372,3.0604153651150403e-06,0.0001465301928841,0,5.180976130332899e-13
COL1A1_ITGAV,0.0089535092715674,0.0025601106960264,0.0062125037692208,0,5.459702401723622e-10
COL5A2_ITGA1,0.0094436910377754,0.0022186072252143,7.54064830400526e-14,0,1.8957590639048946e-18
EFNB1_ERBB2,0.010035753981743,0.027584348284802,0.0170061102637956,0,6.304413724049401e-21
HLA-A_APLP2,0.0108108678916036,0.0431206093846482,0.109366501813118,0,7.312324335046847e-11
LTB_LTBR,0.0109162273767355,0.0010889581506676,7.633851823212251e-09,0,4.727204745810388e-10
FN1_ROBO4,0.011642233580751,0.0033146331610179,0.0006358817019617,0,1.0316889675153829e-13
EFNB1_EPHB4,0.0118141478641644,0.029831979214178,2.88025808334374e-10,0,1.8208620998498012e-10
HAS2_CD44,0.0123450534511352,0.004558774235742,2.32934609180438e-10,0,9.03836571449966e-15
COL18A1_ITGA5,0.0126316432227524,1.0748533777523004e-11,3.23210953858759e-06,0,6.607194283319921e-15
MMP1_CD44,0.0126855185527264,1.121645459247961e-07,3.79526907781004e-06,0,2.341512486855764e-11
SEMA4A_PLXND1,0.0126855185527264,3.182244496999908e-05,0.000685260739069,0,1.6738385899397645e-06
S100A9_ALCAM,0.0130115640736356,0.2712351920687431,0.0015356083550355,0,8.658759651603366e-11
FGA_ITGA5,0.0132790152475581,3.568115154151493e-10,4.267693709187479e-11,0,7.51815794957956e-13
HSP90B1_ERBB2,0.0160826488561674,0.0340536590043537,6.61801800688724e-05,0,1.4422470303296752e-23
MDK_SDC3,0.0162221506188047,0.0024994942501387,4.716910839679029e-11,0,1.5475462981154055e-10
SEMA4A_PLXNB2,0.0166113974298781,0.0006324704766614,0.47950044281081,0,7.597733439969146e-05
ADAM10_TSPAN14,0.0182677276972127,0.1489166187102451,0.0016087374424823,0,5.83025517885362e-16
PLAU_ITGA5,0.0199707471819441,7.642662075814633e-05,2.9306765184957503e-19,0,3.1215363089934307e-09
S100A10_TRPV6,0.0215014004166848,0.027331299591056,1.56668728538365e-06,0,1.445650298961059e-08
GRN_TNFRSF1A,0.0220782726710755,1.817939769675426e-06,1.49800415125669e-15,0,7.858152908550707e-24
S100A9_CD68,0.0246383446985355,0.0033448342106053,1.0,0,3.1782572288869466e-17
LIPH_LPAR4,0.02993456671367,0.0230386082545765,0.0006407442784291,0,1.37560414623866e-13
COL1A1_DDR1,0.0524422003517656,0.0423046727145087,0.0010274094510831,0,9.884479067541354e-13
SEMA4G_PLXNB2,0.0524422003517656,0.0087375900421398,0.0001097666939577,0,1.441540290620931e-14
GNAS_ADORA1,0.0524422003517656,5.079166521572809e-05,8.9681691289248e-07,0,1.034413687965576e-19
